outcome,ate_diff_in_means,ate_regression,se_clustered,p_value
days_active,0.21224826065637448,0.2122137201441449,0.011512371731059252,7.070672004613123e-76
retained_any,0.000539368807766949,0.0005413180971050389,0.0003026540256272203,0.07368399359232777
