"id","firstname","lastname","birthyear","zipcode"
1,"Michael","Martinez",1984,19201
2,"Michael","Smith",1992,18881
3,"Olivia","Miller",1981,12543
4,"Jane","Williams",1982,11103
5,"Sarah","Smith",1986,17973
6,"David","Brown",1992,15604
7,"Emily","Smith",1996,15704
8,"Sarah","Smith",1998,12445
9,"James","Johnson",1987,11533
10,"Olivia","Johnson",2000,12454
11,"David","Jones",1986,11394
12,"Michael","Miller",1975,15922
13,"James","Davis",1997,15865
14,"James","Davis",1980,15451
15,"James","Johnson",1985,19755
16,"Michael","Smith",1997,16361
17,"Emma","Williams",1977,12735
18,"Olivia","Johnson",1985,15754
19,"William","Smith",2000,15493
20,"Olivia","Rodriguez",1974,15428
21,"James","Martinez",1970,14090
22,"Michael","Smith",1989,15347
23,"Emily","Brown",1981,18910
24,"John","Brown",1972,12618
25,"William","Johnson",1987,11864
26,"David","Miller",1983,14013
27,"Olivia","Davis",1983,15169
28,"William","Garcia",1977,19839
29,"James","Williams",1989,10166
30,"James","Johnson",1974,11668
31,"Olivia","Johnson",1992,14730
32,"William","Garcia",1989,13523
33,"David","Rodriguez",1978,14822
34,"William","Johnson",1985,16129
35,"David","Davis",1984,13217
36,"Sarah","Davis",1980,16937
37,"James","Jones",1995,13546
38,"Jane","Smith",1972,14570
39,"David","Johnson",1998,14383
40,"Emma","Garcia",1976,15603
41,"Jane","Brown",1995,13044
42,"John","Jones",1998,17559
43,"James","Johnson",1990,10295
44,"James","Jones",1974,17011
45,"Sarah","Miller",1971,14290
46,"David","Williams",1994,13563
47,"James","Smith",1987,12233
48,"Olivia","Martinez",1980,16813
49,"Emily","Johnson",1973,13224
50,"Sarah","Martinez",1997,10183
51,"Emma","Smith",1978,17694
52,"Sarah","Miller",1999,14126
53,"Sarah","Smith",1970,13449
54,"William","Rodriguez",1972,19311
55,"John","Williams",1974,11215
56,"Sarah","Garcia",1996,19852
57,"Jane","Rodriguez",1996,14396
58,"John","Rodriguez",2000,10654
59,"Jane","Miller",1975,12725
60,"Emily","Jones",1983,13972
61,"David","Jones",1995,11458
62,"Sarah","Garcia",1992,17425
63,"Michael","Smith",1973,11292
64,"James","Davis",1973,11441
65,"Emily","Miller",1987,14656
66,"Sarah","Garcia",1982,19547
67,"James","Williams",1970,12227
68,"James","Rodriguez",1982,16673
69,"William","Garcia",1981,12043
70,"Michael","Garcia",1972,14871
71,"Emma","Smith",1989,14708
72,"James","Johnson",1995,15179
73,"Michael","Jones",1977,11542
74,"William","Rodriguez",2000,11045
75,"Michael","Miller",1989,19545
76,"William","Rodriguez",1996,15656
77,"Sarah","Garcia",1970,16542
78,"Olivia","Miller",1981,15878
79,"David","Williams",1980,17309
80,"David","Williams",1982,10596
81,"Emma","Williams",1981,14938
82,"Michael","Jones",1978,14841
83,"Olivia","Jones",1984,15698
84,"Jane","Jones",1993,12344
85,"Olivia","Brown",1975,18344
86,"Jane","Williams",1970,13503
87,"Olivia","Garcia",1993,18458
88,"Sarah","Johnson",1988,17333
89,"Emily","Rodriguez",1973,17852
90,"John","Davis",1973,14299
91,"Sarah","Miller",1987,10139
92,"Michael","Jones",1997,18361
93,"Emma","Rodriguez",1980,10749
94,"Michael","Miller",1979,16576
95,"Emma","Garcia",1989,10656
96,"John","Miller",1981,17749
97,"William","Davis",1983,18488
98,"William","Martinez",1977,15637
99,"William","Brown",1991,18170
100,"Olivia","Johnson",1976,11916
101,"Sarah","Miller",1988,10246
102,"William","Rodriguez",1979,15312
103,"Olivia","Miller",1989,15619
104,"David","Rodriguez",1977,17290
105,"Sarah","Miller",1987,15805
106,"Emma","Williams",1980,17220
107,"David","Miller",1985,18739
108,"William","Davis",1982,18973
109,"Emily","Miller",1979,19168
110,"Michael","Jones",1990,14620
111,"James","Johnson",1984,13723
112,"William","Martinez",1992,18121
113,"Sarah","Williams",1982,15819
114,"Olivia","Davis",1997,17199
115,"James","Rodriguez",1987,10468
116,"William","Davis",1980,19049
117,"Jane","Rodriguez",1988,15910
118,"Michael","Martinez",1996,17566
119,"Emma","Davis",1975,19083
120,"Emily","Brown",1993,10948
121,"William","Rodriguez",1994,15223
122,"Emily","Brown",1996,15880
123,"John","Miller",1992,12563
124,"Emma","Johnson",1988,10566
125,"Emily","Williams",1988,13437
126,"James","Rodriguez",1999,17133
127,"Emma","Williams",1985,12615
128,"Sarah","Brown",1972,13665
129,"Emily","Johnson",1986,18798
130,"Emma","Smith",1980,15647
131,"Michael","Johnson",1997,15086
132,"Emily","Williams",1994,16910
133,"Emily","Miller",1994,10443
134,"Sarah","Brown",1978,12385
135,"John","Johnson",1992,19875
136,"Olivia","Jones",1986,19825
137,"Emily","Martinez",1994,14372
138,"James","Brown",1974,14963
139,"William","Martinez",2000,16147
140,"Emma","Williams",1972,15543
141,"David","Jones",1972,13942
142,"Jane","Smith",1989,11737
143,"Sarah","Rodriguez",1985,12133
144,"James","Williams",1989,12272
145,"Emma","Miller",1986,18716
146,"Olivia","Martinez",1972,12013
147,"Emily","Johnson",1970,12606
148,"David","Smith",1998,18554
149,"William","Smith",1981,12261
150,"John","Jones",1996,19008
151,"Emma","Jones",1977,18641
152,"Emma","Rodriguez",1988,12484
153,"Olivia","Johnson",1995,10787
154,"James","Davis",1991,14544
155,"Emma","Smith",1981,17950
156,"Jane","Jones",1976,10984
157,"David","Jones",1974,17393
158,"James","Johnson",1987,11200
159,"William","Jones",1981,15308
160,"William","Smith",1975,19268
161,"Olivia","Rodriguez",1998,17821
162,"Olivia","Smith",1970,17559
163,"Emma","Williams",1971,16664
164,"Sarah","Rodriguez",1975,11045
165,"William","Martinez",1977,19165
166,"Olivia","Rodriguez",1977,19460
167,"John","Garcia",1997,15757
168,"James","Smith",1979,13359
169,"Michael","Davis",1975,14965
170,"Olivia","Smith",1977,14149
171,"David","Jones",1985,13329
172,"Sarah","Williams",1973,11113
173,"James","Johnson",1985,14527
174,"Emily","Garcia",1973,19134
175,"Olivia","Davis",1993,15899
176,"William","Rodriguez",1977,18975
177,"James","Johnson",1985,18904
178,"William","Jones",1986,19152
179,"Olivia","Miller",1971,14146
180,"Emily","Williams",1971,17111
181,"Emma","Smith",1980,18954
182,"James","Miller",1980,12300
183,"James","Rodriguez",1994,12740
184,"James","Miller",1975,18552
185,"David","Jones",1996,13287
186,"William","Jones",1991,12747
187,"Sarah","Johnson",1987,18980
188,"John","Johnson",1973,13446
189,"Olivia","Martinez",1991,17997
190,"Olivia","Williams",1997,15981
191,"John","Miller",1974,15454
192,"Olivia","Martinez",1992,13800
193,"John","Brown",1979,10374
194,"Olivia","Rodriguez",1974,18221
195,"David","Martinez",1971,17495
196,"William","Miller",1970,13328
197,"David","Smith",1975,15857
198,"Olivia","Smith",1970,11260
199,"James","Brown",1988,14638
200,"Emily","Davis",1970,16678
201,"Sarah","Davis",1981,17781
202,"Jane","Williams",1997,10258
203,"John","Smith",1978,12466
204,"David","Davis",1998,14361
205,"James","Williams",1998,10849
206,"Emily","Brown",1974,13348
207,"Michael","Brown",1997,10112
208,"James","Williams",1995,16049
209,"John","Johnson",1988,18181
210,"Jane","Martinez",1982,18756
211,"Emily","Rodriguez",1973,10883
212,"Olivia","Brown",1974,13101
213,"John","Martinez",1982,16646
214,"David","Rodriguez",1999,11059
215,"David","Garcia",1977,11815
216,"James","Martinez",1976,10361
217,"Emma","Williams",1976,13341
218,"William","Johnson",1984,19652
219,"James","Johnson",1988,12367
220,"David","Davis",1982,19781
221,"Jane","Miller",1981,13371
222,"Olivia","Martinez",1987,17197
223,"Sarah","Martinez",1998,17836
224,"William","Johnson",1977,10607
225,"James","Martinez",1977,12125
226,"John","Jones",1997,18832
227,"David","Smith",1992,17124
228,"David","Miller",1973,17980
229,"Emma","Johnson",1999,11860
230,"David","Williams",1990,17643
231,"William","Williams",2000,10117
232,"Emily","Miller",1991,14805
233,"Jane","Johnson",1979,19406
234,"John","Smith",1993,18662
235,"John","Miller",1971,18144
236,"Jane","Williams",1978,19187
237,"John","Johnson",1998,14765
238,"Jane","Rodriguez",1988,12503
239,"Emma","Rodriguez",1987,10873
240,"John","Garcia",1970,10902
241,"Michael","Miller",1977,14790
242,"Jane","Rodriguez",1995,17172
243,"Jane","Davis",1980,18036
244,"David","Davis",1973,14778
245,"James","Martinez",1995,19356
246,"Olivia","Davis",1995,14411
247,"Sarah","Williams",1994,14461
248,"Olivia","Brown",1977,14761
249,"Olivia","Miller",1972,11275
250,"Sarah","Smith",1973,17951
251,"Michael","Martinez",1979,17383
252,"Emily","Garcia",1994,11801
253,"Michael","Martinez",1988,12273
254,"William","Williams",1971,17603
255,"Michael","Miller",1993,18822
256,"Jane","Johnson",1977,13171
257,"William","Jones",1975,19587
258,"Michael","Johnson",1995,16589
259,"James","Smith",1981,18579
260,"William","Johnson",1987,14533
261,"James","Rodriguez",1980,15497
262,"Emily","Rodriguez",1986,12849
263,"Jane","Martinez",1985,18512
264,"Sarah","Rodriguez",1992,18371
265,"Olivia","Brown",1999,13169
266,"James","Davis",1979,15587
267,"William","Williams",1971,13125
268,"David","Brown",1981,12291
269,"John","Brown",1972,17164
270,"Michael","Johnson",1995,19874
271,"Jane","Johnson",1992,12724
272,"David","Brown",1970,10505
273,"John","Brown",1982,12674
274,"Michael","Martinez",1988,18682
275,"James","Johnson",1983,17596
276,"Jane","Williams",1989,13376
277,"Sarah","Martinez",1970,19191
278,"Michael","Johnson",2000,10987
279,"Michael","Jones",1983,15180
280,"James","Davis",1994,19607
281,"Jane","Garcia",1984,19423
282,"John","Martinez",1997,15226
283,"Sarah","Rodriguez",1999,13849
284,"Olivia","Garcia",1987,16225
285,"Emma","Martinez",2000,12458
286,"Olivia","Martinez",1977,11528
287,"Olivia","Jones",1986,19894
288,"Emily","Brown",1971,14951
289,"Sarah","Jones",1983,17192
290,"Emily","Smith",1971,11336
291,"Emily","Rodriguez",1987,14765
292,"James","Smith",1994,15766
293,"Emma","Martinez",1997,13984
294,"William","Martinez",1993,13825
295,"Olivia","Johnson",2000,15513
296,"John","Smith",1978,10134
297,"Jane","Smith",1994,11154
298,"Emma","Miller",1980,13344
299,"Michael","Miller",1999,10564
300,"Olivia","Smith",1978,11640
301,"William","Johnson",1987,14006
302,"John","Smith",1980,15068
303,"Jane","Jones",1988,17844
304,"Michael","Williams",1985,15506
305,"Michael","Jones",1999,15104
306,"Sarah","Garcia",1995,13468
307,"Olivia","Jones",1993,18803
308,"David","Jones",1998,10609
309,"Emily","Johnson",1993,17495
310,"Jane","Williams",1984,14439
311,"John","Garcia",1989,15194
312,"John","Martinez",1975,16617
313,"David","Williams",1985,17415
314,"Jane","Smith",1976,19813
315,"Jane","Johnson",1992,10383
316,"Michael","Garcia",1997,17451
317,"David","Brown",1998,12876
318,"Sarah","Johnson",1983,10522
319,"Olivia","Smith",1992,14134
320,"Michael","Smith",1975,10602
321,"Michael","Martinez",1996,10515
322,"John","Brown",1991,15816
323,"Emma","Davis",1985,18086
324,"John","Smith",1972,12915
325,"Emily","Garcia",1997,11382
326,"Emma","Garcia",1978,15997
327,"Olivia","Jones",1973,13255
328,"Olivia","Johnson",1974,11813
329,"Emma","Jones",1981,13942
330,"William","Martinez",1973,10469
331,"Jane","Rodriguez",1970,12826
332,"John","Smith",1987,17921
333,"Emily","Jones",1974,16299
334,"James","Rodriguez",1973,11631
335,"David","Miller",1980,15632
336,"Emma","Johnson",1978,13237
337,"Jane","Williams",1980,16763
338,"David","Jones",1986,11069
339,"Jane","Garcia",1997,16227
340,"Sarah","Smith",1999,12558
341,"Olivia","Garcia",1988,19406
342,"Olivia","Smith",1982,16308
343,"James","Miller",1981,15620
344,"William","Johnson",1972,11862
345,"Sarah","Miller",1975,19386
346,"Michael","Smith",1994,14412
347,"Emma","Smith",1970,18479
348,"William","Jones",1982,18624
349,"Emily","Johnson",1974,16627
350,"Emma","Rodriguez",1981,10026
351,"Michael","Miller",1977,12147
352,"Emma","Brown",1979,13226
353,"Sarah","Smith",1996,13739
354,"Emily","Davis",1995,16726
355,"William","Johnson",1971,19046
356,"Olivia","Davis",1973,16282
357,"Emma","Davis",1996,14475
358,"Emily","Rodriguez",1976,16478
359,"Olivia","Martinez",1979,13681
360,"James","Brown",1993,11020
361,"Sarah","Miller",1996,16637
362,"Michael","Garcia",1988,19305
363,"Emily","Smith",1995,14804
364,"James","Smith",1987,10338
365,"James","Williams",1987,19342
366,"Emily","Smith",1995,10201
367,"Emily","Garcia",1990,16352
368,"Sarah","Garcia",1980,11551
369,"David","Davis",1993,11155
370,"John","Johnson",1995,17683
371,"Emma","Rodriguez",1976,11213
372,"William","Rodriguez",1990,16216
373,"David","Rodriguez",1971,12166
374,"Sarah","Brown",1983,13909
375,"Michael","Brown",1998,10646
376,"Emma","Brown",1985,14068
377,"Olivia","Davis",1979,12286
378,"David","Rodriguez",1970,11824
379,"William","Smith",1977,11772
380,"Emily","Rodriguez",1974,11849
381,"James","Smith",1993,11052
382,"Michael","Garcia",2000,17284
383,"Olivia","Smith",1995,10777
384,"William","Brown",1982,16682
385,"Jane","Johnson",2000,15308
386,"James","Brown",1978,19485
387,"Sarah","Miller",1989,10900
388,"Emily","Williams",1995,14663
389,"Sarah","Jones",1991,11433
390,"Jane","Davis",2000,11592
391,"Jane","Miller",1989,11306
392,"Emma","Martinez",1983,14416
393,"Emma","Miller",1994,11110
394,"David","Williams",1971,19172
395,"James","Jones",1977,15953
396,"William","Smith",1997,15116
397,"Michael","Williams",1975,13428
398,"William","Miller",1996,10422
399,"Emma","Williams",1971,13691
400,"Olivia","Jones",1984,17638
401,"David","Smith",1999,18712
402,"John","Johnson",1994,18497
403,"William","Smith",1971,11701
404,"Sarah","Johnson",1972,17175
405,"Emma","Jones",1995,15728
406,"Emily","Davis",1972,16972
407,"Sarah","Rodriguez",1999,12331
408,"John","Brown",1975,16340
409,"Michael","Garcia",1990,17887
410,"Emily","Miller",1981,10794
411,"John","Williams",1971,12679
412,"David","Garcia",1979,10250
413,"Emily","Smith",1973,13177
414,"Jane","Garcia",1996,17899
415,"William","Jones",1995,10748
416,"Michael","Johnson",1970,11615
417,"Olivia","Williams",1979,18183
418,"Michael","Williams",1990,10249
419,"John","Brown",1978,11613
420,"William","Williams",1989,12457
421,"Sarah","Garcia",2000,17426
422,"Emily","Brown",1993,10960
423,"David","Martinez",1973,15479
424,"William","Miller",2000,19996
425,"Michael","Martinez",1972,10851
426,"Jane","Garcia",1999,11924
427,"Emma","Johnson",2000,15991
428,"Emily","Garcia",1996,18591
429,"Sarah","Rodriguez",1992,19991
430,"Olivia","Miller",1988,17589
431,"William","Williams",1976,15055
432,"Sarah","Martinez",1987,11862
433,"John","Johnson",2000,18569
434,"Sarah","Brown",1984,15102
435,"Emma","Williams",1997,18804
436,"Michael","Davis",1991,17140
437,"Jane","Brown",1971,15949
438,"Michael","Garcia",1984,19086
439,"John","Jones",1988,12803
440,"Jane","Smith",1975,19997
441,"Jane","Williams",1982,14210
442,"Emma","Jones",1994,19520
443,"Olivia","Brown",1995,15046
444,"Emily","Davis",1989,19258
445,"James","Davis",1975,12238
446,"William","Jones",1999,13519
447,"Emma","Martinez",1980,17377
448,"Michael","Garcia",1986,11942
449,"Sarah","Rodriguez",1979,10820
450,"Sarah","Davis",1984,16818
451,"Emma","Williams",1973,13010
452,"John","Brown",1973,10556
453,"Jane","Brown",1989,17017
454,"David","Davis",1981,17453
455,"Emma","Rodriguez",1994,19453
456,"Emma","Rodriguez",1981,14040
457,"William","Johnson",1997,11473
458,"David","Miller",1993,19573
459,"John","Brown",1981,15702
460,"Olivia","Williams",1982,11954
461,"James","Williams",1999,18066
462,"James","Garcia",1983,15638
463,"William","Smith",1985,10558
464,"Olivia","Garcia",1996,11910
465,"Emily","Davis",1970,11661
466,"Emma","Miller",1980,11276
467,"Emily","Rodriguez",1973,12056
468,"Michael","Smith",1984,19696
469,"William","Jones",1988,12951
470,"John","Rodriguez",1971,17107
471,"Sarah","Jones",1997,12330
472,"Olivia","Brown",1988,17628
473,"Olivia","Martinez",1977,17886
474,"John","Williams",1976,13940
475,"William","Smith",1979,10659
476,"David","Rodriguez",1976,13683
477,"Sarah","Rodriguez",1977,14563
478,"Olivia","Johnson",1971,14625
479,"Sarah","Martinez",1976,18933
480,"James","Brown",1991,11884
481,"Emma","Davis",1987,15882
482,"John","Williams",1982,10177
483,"Sarah","Brown",1982,19497
484,"Jane","Garcia",1989,19775
485,"Emma","Davis",1999,14893
486,"Olivia","Miller",1994,13412
487,"Emma","Johnson",1998,16051
488,"James","Davis",1971,18105
489,"Emma","Williams",1991,11888
490,"James","Smith",1996,19400
491,"James","Garcia",1976,12407
492,"Emily","Rodriguez",1978,18966
493,"John","Davis",1999,19499
494,"Michael","Brown",1997,14571
495,"Emma","Brown",1994,18263
496,"Jane","Martinez",1977,17326
497,"John","Johnson",1985,11474
498,"James","Williams",1991,14824
499,"William","Garcia",1973,14096
500,"William","Garcia",1994,17784
501,"Emily","Jones",1987,16222
502,"William","Johnson",1978,10563
503,"Emily","Martinez",1980,15793
504,"James","Miller",1971,16433
505,"Emily","Williams",1981,16003
506,"Olivia","Garcia",1981,15015
507,"James","Williams",1994,17483
508,"Emma","Miller",1986,18380
509,"William","Davis",1975,14497
510,"James","Rodriguez",1978,17729
511,"Michael","Davis",1970,18361
512,"John","Smith",1986,14862
513,"William","Miller",1981,11405
514,"Michael","Johnson",1979,18995
515,"William","Garcia",1982,12666
516,"Olivia","Jones",1989,12649
517,"Michael","Davis",1971,15969
518,"Sarah","Davis",1974,17037
519,"William","Martinez",1978,15743
520,"Emily","Brown",1988,12286
521,"Olivia","Garcia",1997,16276
522,"John","Davis",1992,13006
523,"Emma","Williams",1974,19467
524,"David","Johnson",1996,19989
525,"Michael","Smith",1990,17250
526,"David","Smith",1993,11244
527,"David","Martinez",1995,11152
528,"Sarah","Miller",1990,12007
529,"James","Johnson",1999,17993
530,"John","Williams",1990,18226
531,"Emily","Jones",1973,15499
532,"Michael","Brown",1971,10294
533,"David","Rodriguez",1978,19553
534,"Jane","Martinez",1971,15098
535,"John","Williams",1987,17864
536,"Emily","Miller",1988,15537
537,"Emily","Brown",1984,12343
538,"Olivia","Davis",1993,13040
539,"Olivia","Brown",1992,15472
540,"David","Smith",1987,18159
541,"Sarah","Williams",1986,17412
542,"Emily","Martinez",1983,16472
543,"Michael","Brown",1990,19373
544,"Michael","Miller",1981,12027
545,"John","Garcia",1999,16690
546,"William","Williams",1983,13558
547,"David","Miller",1970,17829
548,"William","Rodriguez",1978,19206
549,"James","Martinez",1991,12282
550,"James","Rodriguez",1991,15365
551,"Emma","Williams",1981,14154
552,"John","Garcia",1974,13575
553,"David","Miller",1993,19977
554,"David","Rodriguez",1994,19027
555,"Emma","Rodriguez",1991,10225
556,"Jane","Davis",1983,14616
557,"Sarah","Brown",1971,14118
558,"Jane","Martinez",1976,13663
559,"Emily","Brown",1994,16417
560,"Olivia","Garcia",1993,14453
561,"William","Garcia",1989,18053
562,"Sarah","Garcia",1996,18242
563,"Emma","Williams",1982,15970
564,"John","Smith",1979,10645
565,"Emma","Davis",1992,19383
566,"David","Johnson",1970,16061
567,"James","Jones",1997,13125
568,"Emma","Jones",1998,14428
569,"Olivia","Davis",1986,18764
570,"Emily","Brown",1996,13926
571,"James","Smith",1983,15708
572,"James","Martinez",1985,16938
573,"Emily","Williams",1988,17049
574,"Michael","Brown",1975,10218
575,"William","Davis",1980,10209
576,"Emily","Miller",1988,19992
577,"Emma","Jones",1983,11362
578,"Emma","Johnson",1974,13579
579,"David","Williams",1992,19105
580,"David","Johnson",1971,11715
581,"Emma","Smith",1992,14756
582,"Sarah","Johnson",1980,11016
583,"Emily","Garcia",1987,18669
584,"Michael","Johnson",1978,14667
585,"Olivia","Martinez",1974,13995
586,"William","Miller",1997,13708
587,"David","Johnson",1978,15638
588,"Emma","Rodriguez",1993,11903
589,"James","Miller",1987,15776
590,"Olivia","Johnson",1983,16386
591,"Michael","Martinez",1980,17595
592,"Olivia","Martinez",1979,18614
593,"Emma","Williams",1976,15161
594,"Michael","Miller",1987,13982
595,"Jane","Brown",1991,14771
596,"Olivia","Davis",1985,15406
597,"Emma","Smith",2000,15925
598,"Olivia","Garcia",1990,13554
599,"William","Rodriguez",1993,14701
600,"William","Williams",1994,19524
601,"Sarah","Miller",1971,14399
602,"John","Jones",2000,14782
603,"Emily","Brown",1994,19103
604,"John","Rodriguez",1993,11677
605,"David","Davis",1980,11029
606,"Olivia","Brown",1992,10118
607,"Olivia","Johnson",1971,10572
608,"Jane","Garcia",1988,15242
609,"William","Miller",1974,19924
610,"Emma","Garcia",1973,16074
611,"Michael","Martinez",1994,12725
612,"Jane","Smith",1993,13858
613,"Sarah","Martinez",1992,10278
614,"Michael","Johnson",1992,18156
615,"James","Garcia",1975,14642
616,"William","Williams",1988,14497
617,"James","Rodriguez",1998,19761
618,"Sarah","Garcia",1997,17647
619,"Emma","Miller",1995,15936
620,"James","Brown",1982,11939
621,"David","Smith",1997,12549
622,"William","Garcia",1988,15028
623,"James","Johnson",1972,17565
624,"Jane","Jones",1983,12337
625,"Emma","Garcia",1993,10911
626,"James","Rodriguez",1983,17713
627,"Emma","Rodriguez",1984,10302
628,"Emily","Miller",1982,11299
629,"William","Smith",1999,10068
630,"Emma","Davis",1976,19426
631,"Jane","Smith",2000,13698
632,"Sarah","Rodriguez",1988,15332
633,"John","Miller",1980,17618
634,"Olivia","Brown",1977,19213
635,"Sarah","Rodriguez",1974,18895
636,"David","Williams",1996,15921
637,"Olivia","Johnson",1994,14607
638,"James","Williams",1979,18200
639,"Jane","Johnson",1988,16403
640,"Michael","Rodriguez",1990,17450
641,"Michael","Johnson",1988,11781
642,"Jane","Martinez",1989,12088
643,"Olivia","Garcia",1997,14991
644,"Emma","Rodriguez",1996,16054
645,"Emma","Johnson",1973,17378
646,"Jane","Rodriguez",1972,11831
647,"Sarah","Miller",1974,15961
648,"William","Brown",1980,13551
649,"John","Rodriguez",1988,14773
650,"William","Rodriguez",1972,17898
651,"Emma","Johnson",1987,14586
652,"Sarah","Rodriguez",1995,18484
653,"Olivia","Brown",1992,10618
654,"John","Jones",1992,19908
655,"William","Johnson",1998,19072
656,"William","Brown",1990,16231
657,"Michael","Davis",1970,12646
658,"John","Williams",1996,17863
659,"Emma","Williams",1974,11199
660,"Olivia","Miller",1971,16865
661,"John","Brown",1973,18907
662,"John","Williams",1992,13107
663,"Jane","Garcia",1981,17923
664,"Jane","Davis",1981,15187
665,"Emily","Miller",1978,15424
666,"Olivia","Rodriguez",1970,17956
667,"Olivia","Jones",1987,14874
668,"David","Miller",1982,18240
669,"James","Miller",1970,17563
670,"Michael","Davis",1982,19016
671,"William","Smith",1980,10340
672,"William","Jones",1994,19413
673,"Jane","Garcia",1990,17413
674,"Jane","Williams",1994,14952
675,"David","Davis",1983,13383
676,"Emma","Garcia",1992,16512
677,"Emily","Garcia",1976,17561
678,"Emily","Brown",1971,16238
679,"William","Williams",1978,11418
680,"Olivia","Davis",1975,10921
681,"David","Smith",1984,10142
682,"Jane","Jones",1977,18038
683,"Jane","Williams",1972,12231
684,"Michael","Johnson",1992,17153
685,"Sarah","Brown",1976,14124
686,"Jane","Miller",1980,11754
687,"Olivia","Brown",1990,12804
688,"James","Davis",1998,13518
689,"Michael","Johnson",1973,17826
690,"Sarah","Smith",1995,16316
691,"Michael","Williams",1979,16199
692,"Emma","Martinez",1973,16189
693,"John","Brown",2000,19595
694,"Jane","Smith",1997,16052
695,"David","Miller",1977,10480
696,"David","Miller",1998,19581
697,"Emily","Martinez",1988,13252
698,"William","Martinez",1970,18364
699,"Michael","Jones",1976,13749
700,"Olivia","Garcia",1978,17595
701,"William","Rodriguez",1998,18952
702,"Olivia","Davis",1998,15171
703,"William","Davis",1998,17978
704,"Jane","Smith",2000,17845
705,"Jane","Jones",1987,15292
706,"Jane","Martinez",1992,14041
707,"Michael","Garcia",1987,15396
708,"Emma","Smith",1973,13437
709,"James","Johnson",1978,18547
710,"John","Miller",1982,11039
711,"William","Miller",1982,13045
712,"Emma","Williams",1994,12462
713,"John","Jones",1974,15128
714,"James","Jones",1991,10250
715,"Michael","Miller",1992,19881
716,"James","Rodriguez",1975,14203
717,"Jane","Brown",1973,11820
718,"Emily","Brown",1970,14974
719,"Emma","Garcia",1995,16993
720,"Emily","Davis",1970,14953
721,"Jane","Jones",1997,12630
722,"Sarah","Garcia",1991,16837
723,"Michael","Rodriguez",1979,10974
724,"William","Smith",1985,18722
725,"Michael","Miller",1989,14348
726,"William","Johnson",1992,14925
727,"William","Smith",1976,13817
728,"William","Williams",1985,14545
729,"William","Williams",1984,10621
730,"Emma","Johnson",1975,18860
731,"Emma","Garcia",1977,17220
732,"John","Miller",2000,11012
733,"David","Miller",1980,19755
734,"James","Johnson",1984,10912
735,"John","Jones",1971,14299
736,"Sarah","Miller",1973,18278
737,"James","Miller",1989,15159
738,"Olivia","Davis",1997,17300
739,"Olivia","Smith",1992,17467
740,"Emma","Williams",1978,18205
741,"Emma","Williams",1979,12867
742,"William","Davis",1995,18830
743,"William","Davis",1981,19553
744,"John","Miller",1978,15409
745,"Olivia","Jones",1974,14592
746,"James","Garcia",1975,12874
747,"Emma","Williams",1998,17737
748,"Michael","Brown",1976,18211
749,"Emma","Johnson",1990,17192
750,"Sarah","Miller",1982,12415
751,"John","Smith",2000,18143
752,"Emily","Williams",1981,17147
753,"Michael","Martinez",1983,16189
754,"David","Rodriguez",1994,18198
755,"William","Miller",1970,19962
756,"Jane","Smith",1983,19106
757,"Emma","Garcia",1998,12882
758,"Emma","Davis",1970,18735
759,"Emily","Jones",1985,10264
760,"Emma","Jones",1998,10949
761,"Olivia","Davis",1991,18290
762,"Sarah","Johnson",1973,18638
763,"Jane","Smith",1997,11429
764,"John","Brown",1977,18246
765,"James","Brown",1973,17620
766,"Michael","Garcia",1985,16007
767,"David","Garcia",1997,19491
768,"David","Davis",1985,13121
769,"James","Jones",1986,13563
770,"Emily","Brown",1993,10005
771,"Olivia","Smith",1989,18467
772,"Michael","Miller",1981,13417
773,"Michael","Johnson",1998,18295
774,"Sarah","Miller",1987,11163
775,"Olivia","Garcia",1980,15552
776,"Emily","Smith",1980,13914
777,"William","Johnson",1985,13314
778,"James","Jones",1990,17555
779,"Michael","Miller",1994,18794
780,"Sarah","Smith",1998,16805
781,"David","Miller",1990,11912
782,"James","Smith",1993,12584
783,"Emily","Brown",2000,12185
784,"Michael","Williams",1980,17472
785,"William","Brown",1992,19493
786,"Emily","Rodriguez",1986,11695
787,"David","Miller",1995,15310
788,"Emma","Smith",1971,18296
789,"William","Martinez",1984,12095
790,"Emma","Rodriguez",1971,19357
791,"Sarah","Smith",1987,11259
792,"Emma","Martinez",1974,10745
793,"William","Garcia",1974,11329
794,"John","Rodriguez",1982,13332
795,"Sarah","Garcia",1992,14403
796,"Olivia","Martinez",1994,19932
797,"Sarah","Smith",1986,15071
798,"Olivia","Smith",1993,11292
799,"Emily","Smith",1990,16680
800,"James","Brown",1990,16170
801,"James","Brown",1999,18755
802,"Olivia","Miller",1993,18945
803,"Emily","Brown",1980,10383
804,"David","Jones",1982,19631
805,"James","Johnson",1971,14040
806,"Michael","Brown",1973,14923
807,"Michael","Brown",1988,19865
808,"Jane","Martinez",1971,16797
809,"William","Garcia",1974,18698
810,"John","Martinez",1979,12248
811,"Michael","Brown",1994,18676
812,"William","Johnson",1977,19435
813,"Jane","Rodriguez",1973,16962
814,"James","Davis",1980,16525
815,"David","Rodriguez",1982,12836
816,"John","Miller",1995,15690
817,"Olivia","Davis",1997,16874
818,"James","Jones",1982,16215
819,"James","Jones",1995,11087
820,"William","Williams",1989,10133
821,"Jane","Rodriguez",1989,13735
822,"Emma","Martinez",1980,16340
823,"William","Williams",1979,11634
824,"Sarah","Smith",1982,13502
825,"William","Smith",1987,11122
826,"Olivia","Johnson",1986,19686
827,"Jane","Williams",1974,14761
828,"Jane","Davis",1980,10858
829,"David","Rodriguez",1991,19308
830,"William","Johnson",1995,12455
831,"Olivia","Williams",1981,11699
832,"James","Miller",1986,14681
833,"William","Smith",1999,16791
834,"Sarah","Davis",1986,10194
835,"Emily","Brown",1976,13190
836,"Michael","Johnson",1986,19456
837,"Michael","Smith",1984,11720
838,"Olivia","Jones",1971,15317
839,"Jane","Rodriguez",1992,11458
840,"Michael","Johnson",1971,16485
841,"John","Miller",1987,16769
842,"John","Rodriguez",1986,11170
843,"John","Davis",1982,13034
844,"Emily","Davis",1987,16785
845,"Michael","Johnson",1974,19039
846,"Jane","Garcia",1999,19138
847,"William","Miller",1998,13983
848,"Jane","Johnson",1992,18000
849,"Jane","Davis",1998,14158
850,"William","Rodriguez",1997,19445
851,"Olivia","Johnson",1983,18327
852,"Emily","Rodriguez",1999,10424
853,"Emily","Martinez",1988,10280
854,"Emma","Martinez",1994,10538
855,"James","Brown",1986,19296
856,"Michael","Jones",1992,14878
857,"James","Martinez",1997,17534
858,"Michael","Rodriguez",1999,16179
859,"Sarah","Johnson",1987,14315
860,"David","Johnson",1997,15333
861,"Jane","Miller",1982,12503
862,"Sarah","Martinez",1996,18887
863,"John","Garcia",1986,18317
864,"David","Rodriguez",1981,18066
865,"Michael","Martinez",1980,13099
866,"Michael","Miller",1972,10407
867,"Michael","Garcia",1985,16270
868,"Sarah","Jones",1976,14765
869,"James","Davis",1985,12215
870,"Michael","Davis",1993,12352
871,"Jane","Williams",1978,12218
872,"David","Williams",1978,10224
873,"David","Davis",1986,16707
874,"William","Martinez",1971,15833
875,"Jane","Martinez",1972,15363
876,"Emma","Jones",1990,15993
877,"William","Rodriguez",1987,14310
878,"William","Davis",1972,18465
879,"Emma","Miller",1977,15895
880,"David","Garcia",1985,15964
881,"Jane","Williams",1982,12283
882,"Michael","Williams",2000,14806
883,"James","Smith",1978,16135
884,"Michael","Williams",1986,12182
885,"Michael","Williams",1989,12339
886,"David","Smith",1983,16410
887,"William","Rodriguez",1972,15682
888,"Emma","Johnson",1975,10654
889,"Olivia","Davis",2000,14354
890,"Emily","Brown",1979,18861
891,"Michael","Davis",1987,13541
892,"William","Johnson",1973,18911
893,"Emma","Smith",1993,15088
894,"John","Rodriguez",1989,18387
895,"William","Martinez",1980,13426
896,"James","Davis",1970,15224
897,"Michael","Johnson",1977,12963
898,"Olivia","Johnson",1999,13848
899,"Sarah","Brown",1993,18105
900,"Emily","Jones",1994,12921
901,"James","Garcia",1981,14873
902,"David","Martinez",1993,16584
903,"James","Brown",1990,15770
904,"James","Brown",1987,18652
905,"David","Brown",1979,15864
906,"Sarah","Jones",1975,19710
907,"Sarah","Johnson",1983,12167
908,"Sarah","Garcia",1998,14812
909,"Emma","Johnson",1972,17853
910,"Emily","Smith",1992,11478
911,"Emma","Rodriguez",1995,18287
912,"William","Jones",1984,10730
913,"William","Garcia",1973,18561
914,"David","Rodriguez",1991,16348
915,"Emma","Johnson",1997,11009
916,"John","Miller",1970,14860
917,"William","Rodriguez",1970,11836
918,"Olivia","Brown",1998,11361
919,"William","Jones",1991,18468
920,"David","Rodriguez",1994,17305
921,"John","Garcia",1980,13795
922,"William","Johnson",1989,16707
923,"William","Brown",1983,17405
924,"Michael","Martinez",1990,19174
925,"Michael","Miller",1985,12889
926,"James","Rodriguez",1982,10864
927,"John","Smith",1987,10317
928,"James","Garcia",1993,10894
929,"William","Miller",1978,10618
930,"Sarah","Martinez",1997,15414
931,"John","Garcia",1990,10904
932,"Emma","Williams",1975,10372
933,"David","Martinez",1976,16381
934,"Olivia","Johnson",1985,17446
935,"James","Smith",1978,15820
936,"David","Martinez",1985,10272
937,"Michael","Rodriguez",1981,12115
938,"John","Miller",1988,13913
939,"Sarah","Miller",1985,12669
940,"Emily","Davis",2000,13703
941,"Emma","Martinez",1986,12166
942,"James","Rodriguez",1997,15538
943,"James","Rodriguez",1990,16795
944,"Emma","Miller",1980,19564
945,"William","Garcia",1994,15483
946,"Emily","Martinez",1976,17979
947,"Emma","Jones",1971,13311
948,"David","Davis",1999,18102
949,"John","Davis",1988,13772
950,"John","Brown",1975,11648
951,"David","Jones",1975,17872
952,"Michael","Jones",1997,18405
953,"Emily","Martinez",1981,12610
954,"Michael","Johnson",1998,19955
955,"Jane","Martinez",1984,16204
956,"Olivia","Rodriguez",1975,17439
957,"Michael","Jones",1975,14755
958,"Olivia","Davis",1996,15466
959,"David","Miller",1997,13365
960,"Emma","Davis",1975,19770
961,"John","Martinez",1981,16621
962,"David","Miller",1975,17132
963,"Michael","Williams",1995,16242
964,"Sarah","Jones",1971,13929
965,"Jane","Miller",1992,14052
966,"John","Jones",1996,14792
967,"William","Miller",1991,14542
968,"John","Jones",1984,10389
969,"Emma","Miller",1978,16942
970,"Michael","Miller",1971,11626
971,"Jane","Johnson",1971,12844
972,"Olivia","Miller",1990,11780
973,"Michael","Jones",1981,19177
974,"David","Miller",1989,17945
975,"Emma","Jones",1974,10379
976,"John","Johnson",1997,14578
977,"Jane","Jones",1982,12913
978,"Emily","Jones",1975,19431
979,"William","Johnson",1984,19563
980,"David","Smith",1991,10743
981,"Olivia","Garcia",1996,19541
982,"Emily","Jones",1975,16333
983,"Emma","Martinez",1980,17714
984,"John","Garcia",1979,13400
985,"David","Jones",1978,13158
986,"William","Garcia",1988,16783
987,"Sarah","Garcia",1986,18957
988,"Olivia","Smith",1978,17470
989,"John","Martinez",1988,13542
990,"Olivia","Williams",2000,18902
991,"William","Martinez",1988,15679
992,"Jane","Smith",1996,18564
993,"Olivia","Jones",1979,11016
994,"David","Brown",1997,15392
995,"Michael","Martinez",1978,12951
996,"Jane","Johnson",1999,16457
997,"Sarah","Williams",1986,13383
998,"Jane","Williams",1976,14441
999,"Michael","Johnson",1976,17812
1000,"Michael","Jones",1990,15600
1001,"Emily","Williams",1971,18351
1002,"James","Johnson",1982,10560
1003,"David","Williams",1981,18618
1004,"Jane","Johnson",1991,11171
1005,"James","Brown",1973,14147
1006,"John","Smith",1980,10184
1007,"William","Martinez",1983,10153
1008,"John","Smith",1992,11610
1009,"Sarah","Miller",1994,12524
1010,"John","Johnson",1993,17997
1011,"Sarah","Jones",1982,18110
1012,"Emma","Williams",1979,14360
1013,"Olivia","Garcia",1978,19344
1014,"Jane","Garcia",1971,15804
1015,"David","Johnson",1982,11139
1016,"Olivia","Brown",1984,13759
1017,"Jane","Martinez",1987,11954
1018,"David","Johnson",1989,19484
1019,"Michael","Williams",1986,17548
1020,"Sarah","Jones",1981,17348
1021,"Sarah","Rodriguez",1975,19640
1022,"James","Brown",1983,14675
1023,"Sarah","Rodriguez",1991,10348
1024,"Emily","Smith",1983,10102
1025,"Jane","Davis",1990,11212
1026,"William","Davis",1995,11282
1027,"James","Rodriguez",1975,10399
1028,"Emily","Garcia",1993,10892
1029,"John","Rodriguez",1977,16276
1030,"Emma","Garcia",1989,18033
1031,"Michael","Davis",1974,11527
1032,"James","Davis",1979,14116
1033,"Sarah","Williams",1975,11641
1034,"Michael","Williams",1984,15602
1035,"Michael","Jones",1984,13532
1036,"Emily","Smith",1987,18786
1037,"Sarah","Johnson",1983,16892
1038,"Jane","Williams",1988,14025
1039,"William","Martinez",1971,19164
1040,"Sarah","Martinez",1983,17593
1041,"William","Brown",1979,16364
1042,"Emily","Brown",1989,11568
1043,"William","Miller",1998,18600
1044,"Olivia","Rodriguez",1972,12775
1045,"Emily","Davis",1976,16150
1046,"James","Williams",1984,19209
1047,"David","Jones",1999,15057
1048,"James","Johnson",1993,17298
1049,"James","Miller",1983,15365
1050,"Michael","Davis",1999,16321
1051,"John","Jones",1997,19765
1052,"James","Martinez",1995,12487
1053,"James","Brown",1992,10455
1054,"Michael","Davis",1978,16149
1055,"Emily","Johnson",1992,16199
1056,"William","Rodriguez",1998,13502
1057,"James","Garcia",1976,16222
1058,"Olivia","Rodriguez",1997,10698
1059,"Emma","Jones",1990,12634
1060,"Michael","Williams",1994,19843
1061,"Sarah","Rodriguez",1970,10146
1062,"John","Garcia",1975,12384
1063,"James","Miller",1988,17954
1064,"James","Miller",1979,18775
1065,"William","Smith",1988,12552
1066,"Emma","Johnson",1987,15667
1067,"John","Garcia",1977,17565
1068,"Olivia","Rodriguez",1983,10461
1069,"Emma","Brown",1988,14180
1070,"Jane","Williams",1983,14363
1071,"Emma","Williams",1980,12575
1072,"Sarah","Davis",1974,10247
1073,"James","Miller",1999,12947
1074,"Jane","Brown",2000,15440
1075,"William","Smith",1978,12366
1076,"William","Johnson",1972,10707
1077,"James","Williams",1973,17733
1078,"Michael","Smith",1997,19266
1079,"Michael","Brown",1984,12873
1080,"David","Martinez",1997,18769
1081,"Jane","Johnson",2000,10747
1082,"Emily","Williams",1979,17919
1083,"Olivia","Miller",1973,19302
1084,"John","Smith",1993,18714
1085,"Olivia","Johnson",1970,12888
1086,"David","Johnson",1986,17638
1087,"Olivia","Garcia",1999,13699
1088,"Emma","Rodriguez",1980,11698
1089,"David","Brown",1976,18304
1090,"Sarah","Brown",1987,14986
1091,"James","Brown",1980,16602
1092,"Michael","Miller",1997,10239
1093,"John","Williams",1971,16406
1094,"James","Johnson",1999,16614
1095,"Jane","Johnson",1988,10034
1096,"John","Brown",1974,19153
1097,"Emma","Martinez",1970,13688
1098,"James","Martinez",1986,15609
1099,"Jane","Garcia",1997,14101
1100,"Michael","Garcia",1988,17384
1101,"Sarah","Smith",1988,14397
1102,"John","Garcia",1995,18788
1103,"William","Miller",1978,12559
1104,"Jane","Garcia",1994,13643
1105,"David","Jones",1971,11828
1106,"Olivia","Rodriguez",1985,18908
1107,"Michael","Davis",1973,16384
1108,"William","Martinez",1996,14034
1109,"Jane","Martinez",1993,11220
1110,"Emma","Williams",1998,10051
1111,"Michael","Williams",1999,15816
1112,"Emily","Williams",1985,12223
1113,"Michael","Garcia",1982,14220
1114,"Michael","Smith",1983,19672
1115,"Jane","Davis",2000,19089
1116,"Emily","Davis",1997,13964
1117,"Emily","Martinez",1978,12825
1118,"Sarah","Smith",1992,12706
1119,"Sarah","Martinez",1972,16909
1120,"Michael","Davis",1981,14506
1121,"James","Martinez",1972,13781
1122,"David","Smith",1995,12284
1123,"David","Brown",1970,15624
1124,"Emma","Rodriguez",1999,11449
1125,"David","Rodriguez",1982,18918
1126,"David","Martinez",2000,13635
1127,"Michael","Smith",1988,14882
1128,"William","Jones",1986,16521
1129,"John","Jones",1994,17496
1130,"Jane","Johnson",1989,16105
1131,"John","Rodriguez",1997,19216
1132,"Emma","Rodriguez",1984,17099
1133,"John","Jones",1973,19546
1134,"Jane","Johnson",1991,12604
1135,"Olivia","Rodriguez",1987,17103
1136,"Jane","Davis",1977,18201
1137,"Sarah","Miller",1989,11434
1138,"Michael","Brown",1997,17912
1139,"Emma","Miller",1971,11949
1140,"John","Johnson",1988,13487
1141,"Sarah","Williams",1979,17319
1142,"Emma","Garcia",1977,12528
1143,"John","Johnson",1978,12979
1144,"Emily","Davis",1987,11822
1145,"Emma","Rodriguez",1980,16487
1146,"Michael","Williams",1973,17081
1147,"John","Martinez",2000,18472
1148,"Sarah","Davis",1972,16823
1149,"Michael","Jones",1993,17795
1150,"David","Miller",1991,13214
1151,"John","Williams",1994,19046
1152,"Sarah","Brown",1973,16403
1153,"David","Williams",1994,11561
1154,"John","Rodriguez",1977,13671
1155,"Emma","Garcia",1987,17498
1156,"James","Martinez",1994,15846
1157,"David","Williams",1988,18332
1158,"David","Smith",1971,12111
1159,"Emma","Smith",1994,11411
1160,"Emily","Davis",1980,16563
1161,"Emily","Miller",1979,17597
1162,"Emily","Williams",1975,10803
1163,"David","Davis",1996,11089
1164,"Emily","Jones",1971,15898
1165,"Sarah","Rodriguez",1995,17752
1166,"Olivia","Brown",1972,19000
1167,"Emily","Smith",1988,10623
1168,"John","Garcia",1982,18558
1169,"Emma","Davis",1991,14991
1170,"David","Jones",1977,14684
1171,"David","Jones",1975,16204
1172,"Olivia","Davis",1977,18943
1173,"Michael","Rodriguez",1996,19526
1174,"John","Miller",1994,16862
1175,"Jane","Garcia",1997,12088
1176,"Michael","Brown",1977,19829
1177,"Emily","Davis",1997,16888
1178,"Olivia","Brown",1980,10835
1179,"Emily","Smith",1980,18992
1180,"Emily","Rodriguez",1983,19776
1181,"Olivia","Jones",1983,12851
1182,"John","Miller",1988,14750
1183,"James","Johnson",1998,16734
1184,"John","Williams",1995,12202
1185,"David","Davis",1974,18258
1186,"Emily","Williams",1993,16231
1187,"John","Jones",1995,12803
1188,"William","Williams",1986,12170
1189,"James","Miller",1991,15438
1190,"David","Rodriguez",1970,17751
1191,"James","Martinez",1991,13880
1192,"Sarah","Jones",1994,11009
1193,"James","Martinez",2000,19998
1194,"Michael","Brown",1994,19402
1195,"James","Brown",1971,14156
1196,"John","Davis",1978,16002
1197,"Michael","Miller",1985,18779
1198,"Sarah","Garcia",1981,11656
1199,"Jane","Brown",1985,10116
1200,"John","Garcia",1982,15505
1201,"Olivia","Smith",1975,14661
1202,"David","Jones",1985,17416
1203,"John","Martinez",1970,10128
1204,"Sarah","Rodriguez",1993,12619
1205,"Sarah","Miller",1984,17990
1206,"Emma","Jones",2000,18302
1207,"John","Brown",1971,16149
1208,"Sarah","Martinez",1978,15678
1209,"John","Rodriguez",1972,19964
1210,"Sarah","Brown",1987,14008
1211,"Sarah","Martinez",1998,13328
1212,"David","Martinez",1982,14786
1213,"Olivia","Davis",1977,11023
1214,"James","Garcia",1991,13650
1215,"Olivia","Garcia",1978,18225
1216,"Michael","Miller",1992,18941
1217,"James","Davis",1975,14404
1218,"David","Davis",1983,10461
1219,"William","Miller",1994,19271
1220,"Jane","Johnson",1975,12838
1221,"Sarah","Brown",1984,19403
1222,"Olivia","Brown",1974,19472
1223,"William","Williams",1982,19060
1224,"James","Williams",1990,14468
1225,"Michael","Davis",1986,17545
1226,"James","Garcia",1985,16084
1227,"Sarah","Brown",1997,12780
1228,"Sarah","Miller",1979,10379
1229,"Emma","Martinez",1979,19742
1230,"Emily","Garcia",1979,16651
1231,"Sarah","Jones",1979,14165
1232,"John","Smith",1980,16032
1233,"Emily","Davis",1970,19601
1234,"Sarah","Jones",1990,10524
1235,"Olivia","Rodriguez",1974,18963
1236,"William","Miller",1997,13294
1237,"William","Rodriguez",1985,15004
1238,"David","Johnson",1971,17052
1239,"John","Davis",1991,10547
1240,"Michael","Smith",1970,12627
1241,"Emma","Davis",1979,18075
1242,"John","Miller",1988,19157
1243,"Emma","Jones",1970,11574
1244,"William","Williams",1979,16447
1245,"Michael","Jones",1975,12902
1246,"John","Williams",1988,11885
1247,"Emma","Davis",1978,14513
1248,"Emma","Johnson",1978,15926
1249,"William","Williams",1972,14840
1250,"James","Davis",1976,17786
1251,"John","Garcia",1990,17592
1252,"Emma","Smith",1994,10843
1253,"John","Brown",1976,11132
1254,"Sarah","Johnson",1994,13923
1255,"Jane","Brown",1996,10503
1256,"David","Williams",1993,11535
1257,"Olivia","Smith",1970,16877
1258,"Michael","Davis",2000,17945
1259,"Olivia","Jones",1971,19931
1260,"Emily","Davis",1988,13851
1261,"Emma","Smith",1977,18092
1262,"Sarah","Brown",1990,19542
1263,"James","Smith",1973,11074
1264,"David","Martinez",1987,13675
1265,"John","Brown",1970,15546
1266,"John","Jones",1979,18051
1267,"Jane","Jones",1984,17433
1268,"Olivia","Martinez",1986,19529
1269,"James","Brown",1971,11387
1270,"John","Davis",1983,11185
1271,"Jane","Davis",1993,19997
1272,"James","Smith",1990,10170
1273,"John","Williams",1990,13840
1274,"Jane","Martinez",1995,16078
1275,"Emily","Garcia",1976,19873
1276,"Emma","Williams",1983,15137
1277,"Emma","Jones",1995,14382
1278,"David","Smith",1976,17565
1279,"James","Brown",1982,19342
1280,"Olivia","Jones",1990,10836
1281,"John","Martinez",1990,13623
1282,"Emily","Jones",1982,12499
1283,"William","Garcia",1973,19855
1284,"Sarah","Brown",1982,17482
1285,"Jane","Rodriguez",1976,11169
1286,"William","Williams",1988,10382
1287,"Michael","Williams",1990,15916
1288,"Jane","Brown",1977,15724
1289,"John","Smith",1997,19184
1290,"Sarah","Johnson",1993,19991
1291,"Sarah","Brown",1971,19862
1292,"Emily","Jones",1994,19717
1293,"David","Williams",1971,11862
1294,"David","Miller",1970,12431
1295,"Olivia","Rodriguez",2000,16449
1296,"Emma","Garcia",1981,11413
1297,"Sarah","Smith",1972,11812
1298,"Olivia","Miller",1979,14020
1299,"William","Brown",1975,15343
1300,"Michael","Rodriguez",1972,12752
1301,"John","Jones",1999,10685
1302,"Jane","Johnson",2000,12496
1303,"Olivia","Jones",1985,14475
1304,"David","Miller",1999,18752
1305,"David","Garcia",1978,17233
1306,"William","Johnson",1994,16759
1307,"John","Miller",1971,17892
1308,"John","Davis",1990,17594
1309,"Olivia","Johnson",1992,19225
1310,"Jane","Martinez",1982,15914
1311,"Jane","Johnson",1996,16308
1312,"David","Martinez",1978,15176
1313,"John","Williams",1978,11582
1314,"Michael","Johnson",1990,17378
1315,"Olivia","Martinez",1982,10918
1316,"James","Martinez",1979,10978
1317,"Michael","Rodriguez",1994,13970
1318,"Jane","Martinez",1979,10361
1319,"John","Smith",1992,19204
1320,"James","Jones",1977,18994
1321,"Michael","Brown",1980,14868
1322,"Jane","Smith",1982,12066
1323,"James","Smith",1988,12984
1324,"Olivia","Smith",1990,12185
1325,"Olivia","Williams",1996,15657
1326,"Sarah","Williams",1989,13133
1327,"Sarah","Williams",1996,11911
1328,"Emma","Jones",1992,10869
1329,"Emily","Williams",1994,14805
1330,"Jane","Williams",1995,15086
1331,"John","Martinez",1992,11561
1332,"Jane","Davis",1998,14043
1333,"William","Davis",1970,13058
1334,"William","Martinez",1980,14031
1335,"Emily","Brown",1995,12465
1336,"David","Rodriguez",1976,10110
1337,"Olivia","Jones",1978,17748
1338,"John","Brown",1970,15197
1339,"Olivia","Brown",2000,14525
1340,"James","Davis",1977,10357
1341,"William","Davis",1975,13616
1342,"David","Rodriguez",1984,15892
1343,"William","Martinez",1971,14899
1344,"David","Brown",1975,16265
1345,"Jane","Smith",1978,19248
1346,"Emma","Jones",1986,14572
1347,"William","Rodriguez",1971,18145
1348,"Olivia","Martinez",1974,19212
1349,"Emma","Johnson",1970,12566
1350,"James","Martinez",1996,13280
1351,"Michael","Johnson",1977,15469
1352,"Sarah","Garcia",1980,19508
1353,"William","Smith",1987,10185
1354,"Michael","Rodriguez",1982,14323
1355,"Emma","Davis",1996,18118
1356,"John","Miller",1972,16134
1357,"James","Williams",1986,13063
1358,"Sarah","Jones",1985,18038
1359,"James","Rodriguez",1984,13754
1360,"Michael","Davis",1995,13018
1361,"Michael","Johnson",1999,10548
1362,"Sarah","Davis",1974,16535
1363,"James","Johnson",1986,15230
1364,"James","Brown",1977,19190
1365,"Michael","Johnson",1987,12989
1366,"David","Rodriguez",1970,18680
1367,"William","Williams",1989,17807
1368,"Jane","Johnson",1977,13164
1369,"Sarah","Smith",1989,17790
1370,"Emma","Rodriguez",1986,10374
1371,"David","Miller",1978,11894
1372,"Michael","Davis",1987,18812
1373,"Olivia","Brown",1984,15055
1374,"David","Martinez",1989,19850
1375,"Emily","Martinez",1995,16342
1376,"Emily","Martinez",1978,18634
1377,"William","Johnson",1970,19384
1378,"John","Brown",1998,14217
1379,"Jane","Davis",1975,14947
1380,"David","Rodriguez",1976,15334
1381,"Michael","Garcia",1973,10523
1382,"William","Garcia",1979,15818
1383,"Emma","Davis",1970,10313
1384,"David","Jones",1999,15007
1385,"William","Davis",1972,15457
1386,"Michael","Rodriguez",1971,13288
1387,"Sarah","Martinez",1973,18954
1388,"Emma","Davis",1994,15122
1389,"Olivia","Miller",1992,14896
1390,"Sarah","Martinez",1995,11691
1391,"Olivia","Johnson",1995,18425
1392,"Emma","Garcia",1996,16886
1393,"Olivia","Brown",1986,17581
1394,"Sarah","Martinez",1971,12479
1395,"Michael","Smith",1996,12373
1396,"William","Jones",2000,14474
1397,"John","Johnson",1987,19063
1398,"Sarah","Brown",1995,10671
1399,"David","Garcia",1981,17329
1400,"Jane","Jones",1980,11705
1401,"William","Johnson",1973,13016
1402,"Michael","Smith",1994,12858
1403,"Michael","Miller",1998,11944
1404,"Emily","Jones",1994,10155
1405,"John","Williams",2000,16466
1406,"Sarah","Brown",1979,17890
1407,"David","Smith",1992,12663
1408,"Jane","Miller",1983,12665
1409,"William","Brown",1981,13579
1410,"Olivia","Johnson",1990,16780
1411,"John","Miller",1978,17576
1412,"David","Brown",1996,17234
1413,"David","Garcia",1973,16844
1414,"Emma","Rodriguez",1992,14114
1415,"Michael","Martinez",1970,13395
1416,"John","Rodriguez",1983,10227
1417,"Emily","Miller",1970,11411
1418,"Emma","Miller",1972,13530
1419,"Jane","Johnson",1982,10709
1420,"Emily","Johnson",1974,18202
1421,"Emma","Martinez",1973,13302
1422,"Emma","Williams",1970,13502
1423,"David","Williams",1980,10289
1424,"Sarah","Martinez",1976,14638
1425,"William","Jones",1981,16239
1426,"James","Jones",1997,19371
1427,"William","Johnson",1987,14314
1428,"Emily","Davis",1973,11160
1429,"Jane","Davis",1998,12111
1430,"Emma","Rodriguez",1974,16249
1431,"Emma","Miller",1989,16051
1432,"John","Smith",1987,14092
1433,"William","Martinez",1984,16597
1434,"Jane","Jones",1998,13422
1435,"Olivia","Brown",1972,16269
1436,"Sarah","Smith",1991,13343
1437,"Emily","Johnson",1998,12058
1438,"Sarah","Williams",1974,15502
1439,"Olivia","Rodriguez",1991,15520
1440,"Michael","Jones",1986,15797
1441,"Sarah","Davis",1974,16120
1442,"James","Martinez",1991,16963
1443,"Emma","Martinez",1982,10787
1444,"James","Williams",1981,12053
1445,"William","Davis",1990,16959
1446,"Michael","Brown",1973,14548
1447,"Emma","Davis",1992,11851
1448,"Olivia","Miller",1971,19915
1449,"Jane","Garcia",1977,15728
1450,"Emma","Davis",1984,15672
1451,"Emma","Johnson",1978,13360
1452,"Emma","Brown",1983,10801
1453,"Jane","Brown",1982,12200
1454,"John","Rodriguez",1986,16978
1455,"James","Miller",1973,18586
1456,"David","Miller",1971,15566
1457,"William","Rodriguez",1999,15278
1458,"Michael","Rodriguez",1971,11796
1459,"Sarah","Williams",1975,10460
1460,"Emma","Miller",1978,15993
1461,"James","Johnson",1974,13545
1462,"Michael","Miller",2000,15038
1463,"John","Martinez",1991,17114
1464,"Emma","Garcia",1977,19360
1465,"William","Garcia",1974,13939
1466,"David","Williams",1972,14789
1467,"Michael","Jones",1972,15064
1468,"William","Jones",1981,17026
1469,"Emily","Garcia",1994,17359
1470,"James","Rodriguez",1975,15981
1471,"David","Smith",1980,15006
1472,"James","Rodriguez",1994,11412
1473,"William","Williams",1973,10105
1474,"James","Smith",1971,11810
1475,"James","Martinez",1995,13493
1476,"William","Williams",1980,17885
1477,"Emily","Jones",1989,19232
1478,"Michael","Garcia",1979,16830
1479,"James","Davis",1997,16814
1480,"Jane","Miller",1989,18025
1481,"Emma","Williams",1998,11687
1482,"John","Miller",1990,19016
1483,"Olivia","Williams",1976,11939
1484,"William","Brown",1998,13616
1485,"Jane","Miller",1998,15096
1486,"Olivia","Rodriguez",1979,14732
1487,"Michael","Davis",1971,18271
1488,"Jane","Garcia",1998,15894
1489,"David","Smith",1975,17374
1490,"Emma","Jones",1990,16948
1491,"John","Garcia",1983,10342
1492,"John","Brown",1994,17538
1493,"Emma","Martinez",1980,19675
1494,"Jane","Rodriguez",1985,19527
1495,"Emma","Martinez",1998,15586
1496,"Michael","Davis",1999,12130
1497,"Emily","Johnson",1987,12534
1498,"William","Smith",1997,10292
1499,"Jane","Miller",1974,14606
1500,"Emily","Brown",1989,17504
1501,"John","Garcia",1974,11455
1502,"Michael","Martinez",1976,18471
1503,"William","Garcia",1976,12682
1504,"Emma","Rodriguez",2000,11111
1505,"Michael","Johnson",1995,17902
1506,"William","Rodriguez",1977,12173
1507,"Jane","Miller",1991,16656
1508,"Jane","Rodriguez",1997,19228
1509,"James","Martinez",1994,18534
1510,"Olivia","Johnson",1991,12063
1511,"William","Miller",1995,15987
1512,"John","Williams",1994,19136
1513,"Jane","Davis",1983,16290
1514,"James","Davis",1989,15283
1515,"James","Rodriguez",1976,17911
1516,"John","Davis",1971,19587
1517,"Sarah","Brown",1974,10400
1518,"Sarah","Martinez",1970,16884
1519,"James","Johnson",1980,16187
1520,"William","Miller",1997,13988
1521,"James","Garcia",1997,15872
1522,"Michael","Miller",1994,11568
1523,"Emma","Miller",1971,19115
1524,"Olivia","Davis",1995,16035
1525,"Sarah","Davis",1981,18977
1526,"Olivia","Jones",2000,19004
1527,"James","Johnson",1980,15646
1528,"James","Miller",1979,14476
1529,"Emily","Garcia",1986,16945
1530,"James","Davis",1975,12151
1531,"James","Johnson",1978,10847
1532,"David","Garcia",1979,13860
1533,"John","Miller",1996,19616
1534,"Jane","Jones",1980,17677
1535,"Michael","Garcia",1988,13937
1536,"David","Brown",1988,16699
1537,"Emma","Johnson",1989,15989
1538,"John","Smith",1978,16794
1539,"William","Martinez",1971,10381
1540,"Olivia","Martinez",1979,15288
1541,"David","Garcia",1996,13019
1542,"William","Martinez",1998,19071
1543,"James","Smith",1990,10036
1544,"Olivia","Smith",1974,19604
1545,"Jane","Smith",1987,16187
1546,"Sarah","Davis",1973,15032
1547,"Michael","Williams",1996,10374
1548,"Michael","Davis",1979,15006
1549,"Emma","Johnson",1993,17708
1550,"William","Jones",1974,17990
1551,"Jane","Rodriguez",1985,16411
1552,"David","Garcia",2000,14689
1553,"Sarah","Rodriguez",1976,14292
1554,"Michael","Miller",1988,12493
1555,"John","Rodriguez",1976,19708
1556,"James","Jones",1994,11266
1557,"Emma","Garcia",1974,13663
1558,"James","Rodriguez",1999,10278
1559,"John","Davis",2000,10970
1560,"Emma","Miller",1995,12330
1561,"Emma","Davis",1971,16548
1562,"Emma","Williams",1982,15214
1563,"Olivia","Rodriguez",1986,16603
1564,"Olivia","Smith",1979,13557
1565,"Emma","Garcia",1979,19180
1566,"Emma","Jones",2000,12228
1567,"Emma","Rodriguez",1972,16347
1568,"Jane","Miller",1983,17646
1569,"Jane","Rodriguez",1995,15992
1570,"Jane","Johnson",1979,11426
1571,"Michael","Smith",1985,15097
1572,"Jane","Miller",1974,12772
1573,"James","Brown",1977,16967
1574,"James","Martinez",1991,13689
1575,"William","Rodriguez",1978,17136
1576,"David","Garcia",1996,14184
1577,"Olivia","Williams",1981,14127
1578,"Sarah","Davis",1984,13539
1579,"Jane","Davis",1980,19695
1580,"John","Johnson",1984,13759
1581,"Jane","Rodriguez",1988,13308
1582,"Jane","Jones",1983,10059
1583,"Olivia","Johnson",1995,11470
1584,"David","Johnson",1972,15020
1585,"Emma","Garcia",1982,13509
1586,"Michael","Miller",2000,16600
1587,"Jane","Martinez",1996,17050
1588,"Emma","Rodriguez",1989,16264
1589,"James","Miller",1971,18153
1590,"James","Jones",1987,16738
1591,"William","Brown",1997,12813
1592,"Jane","Smith",1991,19458
1593,"David","Rodriguez",1989,14219
1594,"James","Garcia",1998,16846
1595,"Michael","Williams",1972,14430
1596,"Olivia","Miller",1998,14949
1597,"James","Jones",1971,10821
1598,"David","Johnson",1988,15964
1599,"Emma","Martinez",1978,16877
1600,"Jane","Smith",1994,13719
1601,"Sarah","Smith",1981,17144
1602,"Emma","Williams",1987,14102
1603,"Sarah","Martinez",1993,17002
1604,"Olivia","Miller",1971,11956
1605,"Sarah","Johnson",1989,15453
1606,"Emily","Brown",1975,14091
1607,"John","Johnson",1985,14107
1608,"Emma","Martinez",1998,11999
1609,"James","Martinez",1973,18506
1610,"Sarah","Martinez",1971,10564
1611,"Sarah","Johnson",1997,15772
1612,"Jane","Smith",1971,19161
1613,"James","Rodriguez",1978,19825
1614,"Emma","Miller",1996,15666
1615,"Michael","Williams",1994,19732
1616,"Olivia","Rodriguez",1997,11677
1617,"Michael","Williams",1988,18771
1618,"James","Williams",1981,15362
1619,"Sarah","Rodriguez",1982,12803
1620,"William","Garcia",1987,18399
1621,"Olivia","Miller",1973,19491
1622,"William","Davis",1975,19217
1623,"David","Rodriguez",1989,16180
1624,"James","Smith",1980,14969
1625,"David","Brown",1982,13202
1626,"Emily","Davis",1995,10010
1627,"Olivia","Williams",1996,14253
1628,"William","Johnson",1982,13597
1629,"Michael","Garcia",1999,18981
1630,"Michael","Johnson",1975,11539
1631,"Michael","Miller",2000,19768
1632,"William","Garcia",1971,16120
1633,"David","Jones",1979,14750
1634,"Sarah","Smith",1989,10974
1635,"Jane","Brown",1978,12116
1636,"Emily","Brown",1982,14019
1637,"Sarah","Williams",1985,19133
1638,"Sarah","Johnson",2000,11639
1639,"Olivia","Rodriguez",1997,18865
1640,"David","Brown",1980,12873
1641,"Emily","Brown",1989,17740
1642,"Michael","Martinez",1978,15304
1643,"William","Brown",1974,13122
1644,"Sarah","Miller",1995,11014
1645,"Jane","Jones",1977,16496
1646,"James","Williams",1970,11065
1647,"William","Smith",1975,12867
1648,"Emma","Martinez",1986,16928
1649,"Emma","Jones",1975,19594
1650,"Sarah","Miller",1987,10094
1651,"David","Garcia",1981,11270
1652,"James","Johnson",1999,13378
1653,"James","Smith",1981,17006
1654,"David","Garcia",1980,15066
1655,"Olivia","Smith",1984,19298
1656,"John","Rodriguez",1972,15433
1657,"Olivia","Davis",1991,10411
1658,"Jane","Martinez",1979,15278
1659,"Michael","Davis",1985,10439
1660,"William","Johnson",1990,14937
1661,"Sarah","Smith",1987,16969
1662,"Sarah","Williams",1995,16570
1663,"Jane","Jones",1998,17975
1664,"John","Brown",1991,13437
1665,"Michael","Garcia",1980,15446
1666,"James","Garcia",1977,19991
1667,"Jane","Jones",1996,13336
1668,"Olivia","Williams",1990,11181
1669,"Emma","Garcia",1978,15369
1670,"Emma","Rodriguez",1971,16177
1671,"James","Davis",1983,12188
1672,"Emily","Rodriguez",1973,11382
1673,"Emily","Martinez",1975,17214
1674,"John","Davis",1982,19132
1675,"Jane","Brown",1996,12841
1676,"William","Martinez",1970,14061
1677,"Emma","Martinez",1974,12272
1678,"James","Brown",1997,15600
1679,"David","Brown",1990,15569
1680,"David","Davis",1989,12419
1681,"Sarah","Brown",1996,18341
1682,"Olivia","Garcia",1979,13580
1683,"John","Jones",1987,11837
1684,"Olivia","Johnson",1989,19760
1685,"David","Martinez",1994,12226
1686,"Sarah","Johnson",1972,16280
1687,"David","Johnson",1980,13101
1688,"John","Brown",1973,18066
1689,"Olivia","Martinez",1970,13703
1690,"David","Rodriguez",1981,15024
1691,"Emma","Jones",1979,17156
1692,"Emma","Williams",1973,11333
1693,"John","Williams",1997,19598
1694,"William","Garcia",1989,17522
1695,"Michael","Martinez",1974,10982
1696,"Olivia","Jones",1979,13339
1697,"Emily","Jones",1984,14032
1698,"William","Rodriguez",1980,17618
1699,"William","Brown",1974,14590
1700,"William","Miller",1980,12736
1701,"Sarah","Smith",1986,17639
1702,"James","Williams",1999,18999
1703,"Emily","Brown",1981,10305
1704,"James","Miller",1973,10944
1705,"Michael","Williams",1980,10293
1706,"Michael","Garcia",1979,15515
1707,"Emma","Miller",1984,16789
1708,"James","Jones",1978,14079
1709,"John","Davis",1980,12860
1710,"Emily","Garcia",1985,16587
1711,"Olivia","Miller",1992,18886
1712,"John","Davis",1990,18513
1713,"Olivia","Rodriguez",1980,18917
1714,"David","Garcia",1971,19989
1715,"James","Garcia",1996,16953
1716,"David","Miller",1973,14866
1717,"Emma","Jones",1981,16053
1718,"Emily","Smith",1982,12152
1719,"Jane","Jones",1986,13143
1720,"John","Rodriguez",1973,10450
1721,"Michael","Martinez",1970,13098
1722,"William","Williams",1978,15798
1723,"Emma","Johnson",1980,15943
1724,"David","Martinez",1993,14551
1725,"Jane","Jones",1973,16551
1726,"James","Garcia",1985,11389
1727,"Olivia","Davis",1996,12695
1728,"David","Garcia",1987,10102
1729,"Sarah","Davis",1975,16881
1730,"Olivia","Garcia",1996,16465
1731,"Sarah","Smith",1988,13836
1732,"William","Jones",1979,19446
1733,"Emily","Miller",1997,14476
1734,"Sarah","Garcia",1978,19284
1735,"Sarah","Williams",1999,17330
1736,"James","Martinez",1970,13976
1737,"Michael","Garcia",2000,17282
1738,"David","Garcia",1988,12710
1739,"Olivia","Brown",1982,18275
1740,"David","Johnson",1979,17812
1741,"James","Davis",1973,10055
1742,"Sarah","Miller",1999,11567
1743,"John","Brown",1981,10141
1744,"Michael","Smith",1988,13878
1745,"Emma","Jones",2000,16804
1746,"Jane","Davis",1984,14025
1747,"Michael","Johnson",1994,16657
1748,"Olivia","Johnson",2000,18036
1749,"John","Williams",1991,11507
1750,"William","Jones",1980,18196
1751,"Michael","Davis",1970,17834
1752,"David","Martinez",1975,16615
1753,"Emma","Williams",1971,12393
1754,"James","Miller",1984,14339
1755,"John","Jones",1990,16755
1756,"John","Garcia",1996,16731
1757,"John","Martinez",1972,15113
1758,"David","Davis",1977,12210
1759,"Emma","Smith",1997,19651
1760,"David","Rodriguez",1999,10747
1761,"Emily","Davis",1973,10390
1762,"Emily","Williams",1999,18680
1763,"David","Williams",1978,17372
1764,"Emma","Rodriguez",1987,16718
1765,"James","Martinez",2000,15956
1766,"Jane","Smith",1987,17941
1767,"Emma","Martinez",1986,11642
1768,"Michael","Brown",1976,19682
1769,"Michael","Smith",1995,12578
1770,"David","Smith",1974,10366
1771,"Emma","Smith",1975,13624
1772,"David","Brown",1976,15831
1773,"William","Smith",1979,10281
1774,"Olivia","Smith",1970,12042
1775,"James","Miller",1995,18999
1776,"Emma","Rodriguez",1975,15002
1777,"Olivia","Garcia",1995,14020
1778,"Sarah","Martinez",1995,10983
1779,"Sarah","Jones",1980,18369
1780,"Emily","Brown",1970,12878
1781,"James","Davis",1979,11586
1782,"James","Williams",1992,11358
1783,"David","Johnson",1996,15807
1784,"John","Miller",2000,12587
1785,"James","Williams",1976,10551
1786,"Olivia","Williams",1989,14423
1787,"Emma","Johnson",1997,16306
1788,"David","Davis",1998,17144
1789,"James","Jones",1992,16951
1790,"William","Rodriguez",1995,18788
1791,"Olivia","Garcia",1997,19230
1792,"James","Martinez",1974,15489
1793,"David","Garcia",1980,19408
1794,"Olivia","Williams",1991,10018
1795,"Emma","Davis",1993,14050
1796,"William","Garcia",1990,13575
1797,"Michael","Williams",1979,12154
1798,"James","Davis",1983,16352
1799,"James","Garcia",1998,14203
1800,"David","Williams",1979,14829
1801,"Jane","Williams",1981,11860
1802,"Emily","Miller",1975,16476
1803,"Emily","Jones",1988,12009
1804,"Emma","Miller",1982,18544
1805,"Emma","Miller",1979,13410
1806,"John","Rodriguez",1993,17810
1807,"David","Davis",1995,13685
1808,"Jane","Davis",1994,18369
1809,"James","Jones",1970,17485
1810,"John","Williams",1990,10122
1811,"Olivia","Miller",1994,14418
1812,"John","Williams",1977,19663
1813,"David","Martinez",1970,10893
1814,"William","Smith",1993,16520
1815,"Sarah","Rodriguez",1983,15905
1816,"John","Martinez",1980,10871
1817,"Sarah","Miller",1973,13379
1818,"Emily","Davis",1984,18819
1819,"Olivia","Smith",1985,17164
1820,"William","Garcia",1987,11861
1821,"Jane","Jones",1985,12831
1822,"William","Martinez",1982,14877
1823,"Jane","Rodriguez",1981,18554
1824,"James","Brown",1987,13579
1825,"John","Williams",1998,19023
1826,"Emma","Brown",1980,18079
1827,"Jane","Davis",1988,19496
1828,"Emma","Rodriguez",1984,18392
1829,"Emma","Davis",1998,19703
1830,"William","Davis",1985,14958
1831,"Emily","Martinez",1991,13671
1832,"Jane","Martinez",1998,18528
1833,"Emma","Davis",1999,13348
1834,"James","Miller",1981,16436
1835,"Sarah","Miller",2000,18142
1836,"Olivia","Johnson",1996,19676
1837,"David","Rodriguez",1978,13951
1838,"Emma","Smith",1997,11979
1839,"Emily","Martinez",1995,17203
1840,"James","Jones",1982,18307
1841,"Michael","Jones",1990,12563
1842,"Jane","Rodriguez",1973,18152
1843,"Michael","Garcia",1998,15975
1844,"John","Davis",1998,17830
1845,"Emma","Jones",1988,12989
1846,"Olivia","Rodriguez",1986,14606
1847,"Michael","Brown",1980,12316
1848,"Sarah","Brown",1990,18799
1849,"Emma","Brown",1980,11596
1850,"John","Garcia",1980,15341
1851,"Emily","Johnson",1982,14187
1852,"Michael","Miller",1977,15713
1853,"Jane","Davis",1981,14111
1854,"Michael","Jones",1976,14276
1855,"William","Rodriguez",1975,10248
1856,"David","Martinez",1988,18784
1857,"Michael","Rodriguez",1970,19100
1858,"Sarah","Williams",1993,17456
1859,"Emily","Garcia",1984,18445
1860,"William","Smith",1996,12154
1861,"David","Martinez",1993,11871
1862,"Olivia","Johnson",1972,13811
1863,"Emily","Martinez",1970,15871
1864,"James","Davis",1999,13362
1865,"Olivia","Johnson",1985,16855
1866,"Jane","Garcia",2000,19872
1867,"Jane","Brown",2000,13172
1868,"Jane","Davis",1975,13348
1869,"David","Davis",1982,16674
1870,"David","Martinez",1980,12012
1871,"David","Brown",1973,14634
1872,"Emily","Smith",1991,11002
1873,"Olivia","Jones",1976,10947
1874,"William","Williams",1972,11243
1875,"Michael","Davis",1986,16258
1876,"Emma","Smith",1996,18891
1877,"Jane","Williams",1994,17842
1878,"Olivia","Williams",1986,14217
1879,"David","Johnson",1986,17868
1880,"Emily","Rodriguez",1988,17432
1881,"Sarah","Martinez",1984,14157
1882,"William","Garcia",1972,10744
1883,"David","Martinez",1970,16624
1884,"Jane","Garcia",1973,11242
1885,"James","Garcia",1982,15621
1886,"John","Davis",1998,12437
1887,"William","Brown",1973,15270
1888,"Emma","Martinez",1987,19695
1889,"Michael","Martinez",1988,19471
1890,"John","Miller",1989,14178
1891,"John","Smith",2000,10116
1892,"David","Rodriguez",1977,12135
1893,"John","Martinez",1997,15353
1894,"Emma","Brown",1973,16214
1895,"Michael","Johnson",1986,14382
1896,"Emily","Williams",1980,16144
1897,"Emma","Rodriguez",1998,13749
1898,"Olivia","Williams",1981,10980
1899,"Michael","Miller",1984,14045
1900,"William","Garcia",1974,18120
1901,"David","Miller",1998,11042
1902,"John","Smith",1992,15989
1903,"David","Davis",1978,15898
1904,"Jane","Davis",1976,16910
1905,"James","Martinez",1997,15600
1906,"William","Brown",1997,13527
1907,"Emily","Martinez",1970,19174
1908,"Emily","Smith",1988,17821
1909,"Michael","Garcia",1984,13339
1910,"Olivia","Rodriguez",1978,18750
1911,"Emily","Johnson",1985,15632
1912,"John","Brown",1986,10495
1913,"Emily","Rodriguez",1970,12595
1914,"Michael","Garcia",1994,17303
1915,"William","Jones",1997,17878
1916,"Olivia","Smith",1989,13753
1917,"William","Martinez",1976,18414
1918,"William","Johnson",1980,16118
1919,"David","Johnson",1971,19312
1920,"Olivia","Davis",1993,15301
1921,"Sarah","Johnson",1982,18026
1922,"David","Davis",1991,11276
1923,"David","Williams",1974,11825
1924,"Olivia","Miller",1994,11679
1925,"James","Jones",1997,15566
1926,"John","Garcia",1993,16805
1927,"David","Miller",1975,11134
1928,"Emily","Williams",1999,17056
1929,"William","Johnson",1988,12737
1930,"John","Brown",1997,10355
1931,"James","Jones",1980,12077
1932,"Sarah","Rodriguez",1995,18570
1933,"William","Brown",1985,11867
1934,"Olivia","Jones",1989,10929
1935,"William","Davis",2000,12253
1936,"William","Williams",1971,15661
1937,"James","Johnson",1978,13548
1938,"Emily","Rodriguez",1980,16600
1939,"Olivia","Davis",1975,18681
1940,"Michael","Brown",1995,19734
1941,"James","Garcia",2000,12797
1942,"William","Martinez",1972,12608
1943,"John","Smith",1985,19868
1944,"Emily","Davis",1984,18170
1945,"James","Rodriguez",1995,10966
1946,"John","Garcia",1988,15851
1947,"David","Davis",1990,14447
1948,"John","Jones",1975,16938
1949,"William","Williams",1971,17489
1950,"David","Jones",1988,11988
1951,"John","Smith",2000,11580
1952,"Emma","Miller",1975,19873
1953,"John","Williams",1992,11344
1954,"Emily","Williams",1997,13284
1955,"William","Brown",1977,16147
1956,"Michael","Davis",1986,10736
1957,"William","Rodriguez",2000,13496
1958,"David","Williams",2000,18720
1959,"Sarah","Jones",1972,10426
1960,"Sarah","Rodriguez",1980,15454
1961,"Michael","Brown",1984,13678
1962,"William","Miller",1987,18115
1963,"Olivia","Jones",1981,16823
1964,"Michael","Davis",1979,17742
1965,"David","Garcia",1981,18217
1966,"Emily","Jones",1996,17176
1967,"Michael","Johnson",1988,12741
1968,"Emily","Martinez",1974,11254
1969,"Olivia","Miller",1993,14996
1970,"Emma","Williams",1981,14862
1971,"Emily","Davis",1980,15266
1972,"John","Martinez",1996,18350
1973,"Olivia","Williams",1994,14310
1974,"James","Martinez",1994,11379
1975,"James","Garcia",1979,10646
1976,"David","Smith",1997,14934
1977,"David","Brown",1993,17235
1978,"William","Williams",1990,11167
1979,"David","Garcia",1999,17640
1980,"Emma","Davis",1976,10656
1981,"Sarah","Jones",1988,19237
1982,"John","Williams",1975,17972
1983,"Sarah","Smith",1988,18784
1984,"Jane","Jones",1977,18704
1985,"Emily","Brown",1971,15371
1986,"Sarah","Martinez",1973,19709
1987,"David","Brown",2000,12310
1988,"Michael","Martinez",1994,11980
1989,"John","Brown",1984,15994
1990,"Olivia","Johnson",1973,18021
1991,"Emily","Martinez",1990,11778
1992,"Olivia","Brown",1979,16738
1993,"Emily","Williams",1994,14730
1994,"Olivia","Rodriguez",1972,16516
1995,"Emma","Garcia",1982,10906
1996,"Sarah","Martinez",1991,14596
1997,"Emma","Davis",1986,15492
1998,"Olivia","Rodriguez",1973,17506
1999,"Sarah","Smith",1992,17643
2000,"Emily","Jones",1971,17765
2001,"William","Johnson",1970,19192
2002,"Emma","Rodriguez",1992,15187
2003,"David","Williams",1977,11396
2004,"Olivia","Brown",1996,14652
2005,"Emily","Martinez",1993,10526
2006,"William","Williams",2000,11430
2007,"James","Davis",1980,10922
2008,"Emily","Jones",1973,17142
2009,"David","Jones",1980,17421
2010,"John","Miller",1971,12636
2011,"Jane","Martinez",1988,13104
2012,"Emma","Smith",1977,18778
2013,"William","Rodriguez",1999,16914
2014,"David","Garcia",1970,18363
2015,"David","Williams",1970,17670
2016,"Emily","Martinez",1984,13531
2017,"Sarah","Williams",1981,14168
2018,"William","Williams",1972,13890
2019,"Michael","Miller",1982,12702
2020,"Emily","Davis",1970,18635
2021,"James","Williams",1999,13630
2022,"Emily","Miller",1982,11003
2023,"Sarah","Davis",2000,16574
2024,"Emily","Jones",1982,12747
2025,"William","Rodriguez",1971,10850
2026,"Michael","Jones",1979,10132
2027,"Emma","Smith",1983,11753
2028,"Sarah","Garcia",1992,13889
2029,"Jane","Smith",1980,17516
2030,"Jane","Davis",1990,15932
2031,"Sarah","Martinez",1985,12906
2032,"William","Johnson",1972,16322
2033,"Michael","Williams",1973,17364
2034,"Michael","Brown",1999,10023
2035,"Emma","Williams",1978,17546
2036,"James","Davis",1992,14260
2037,"James","Garcia",1973,13407
2038,"Michael","Johnson",1980,18045
2039,"Jane","Smith",1977,12522
2040,"William","Williams",1999,16392
2041,"David","Brown",1972,13196
2042,"Jane","Martinez",1998,12745
2043,"Olivia","Garcia",1981,18672
2044,"Michael","Brown",1986,14355
2045,"Jane","Garcia",1973,15843
2046,"Michael","Brown",1982,10839
2047,"Sarah","Johnson",1980,11889
2048,"William","Davis",1976,10199
2049,"Sarah","Rodriguez",1986,17375
2050,"Emily","Jones",1989,13878
2051,"John","Rodriguez",1987,10355
2052,"Emily","Brown",1995,12773
2053,"Olivia","Williams",1997,16586
2054,"Sarah","Williams",1982,13377
2055,"Michael","Rodriguez",1988,16261
2056,"Emma","Williams",1989,16841
2057,"Emma","Garcia",1987,11193
2058,"Sarah","Miller",1984,19867
2059,"Emily","Martinez",1986,13732
2060,"Olivia","Martinez",1999,14413
2061,"Jane","Johnson",1995,16703
2062,"Sarah","Davis",1982,11899
2063,"Olivia","Davis",1974,10159
2064,"Olivia","Garcia",1985,19338
2065,"William","Brown",1986,18049
2066,"John","Brown",1984,13810
2067,"Emma","Davis",1996,18999
2068,"David","Smith",1989,14544
2069,"David","Davis",2000,13866
2070,"John","Johnson",1990,15687
2071,"John","Rodriguez",1990,17937
2072,"John","Williams",1997,11473
2073,"David","Smith",1986,10088
2074,"Emily","Jones",1977,12706
2075,"Sarah","Martinez",1976,18229
2076,"Jane","Johnson",1985,18238
2077,"James","Miller",2000,13228
2078,"Michael","Williams",1998,11352
2079,"Michael","Miller",1996,18053
2080,"Jane","Martinez",1976,18040
2081,"Emma","Martinez",1988,19960
2082,"Emily","Smith",1979,17143
2083,"Emma","Martinez",1991,13359
2084,"John","Martinez",1985,12733
2085,"David","Jones",1990,16025
2086,"Sarah","Smith",1994,11178
2087,"Jane","Brown",1973,17667
2088,"David","Johnson",1998,12219
2089,"William","Davis",1970,18434
2090,"Emma","Rodriguez",1977,18424
2091,"David","Jones",1970,19536
2092,"Michael","Rodriguez",1972,11714
2093,"David","Johnson",1994,13813
2094,"Emily","Rodriguez",1971,12143
2095,"Sarah","Garcia",1999,11730
2096,"Emily","Garcia",1972,17579
2097,"Olivia","Rodriguez",1990,13689
2098,"Emma","Jones",1998,11769
2099,"William","Brown",1970,18452
2100,"William","Jones",1980,14832
2101,"James","Brown",1991,12000
2102,"Sarah","Williams",1988,16151
2103,"David","Miller",1987,17035
2104,"David","Miller",1971,18079
2105,"Michael","Smith",1998,19266
2106,"John","Martinez",1991,13813
2107,"Olivia","Williams",1982,12266
2108,"Sarah","Brown",1994,11314
2109,"Michael","Rodriguez",1999,15495
2110,"Olivia","Johnson",1972,15379
2111,"William","Miller",1991,12961
2112,"Emma","Miller",2000,12675
2113,"Olivia","Brown",1989,12746
2114,"Emma","Miller",1992,15812
2115,"Emily","Martinez",1972,11913
2116,"Jane","Rodriguez",1981,12431
2117,"Emily","Rodriguez",1976,17478
2118,"Sarah","Johnson",1978,10056
2119,"William","Martinez",1983,15417
2120,"Jane","Brown",1998,14386
2121,"David","Williams",1980,13514
2122,"John","Jones",1994,11814
2123,"Jane","Rodriguez",1975,16357
2124,"William","Johnson",1971,18210
2125,"Olivia","Rodriguez",1988,16740
2126,"William","Garcia",1977,17023
2127,"Olivia","Garcia",1984,18450
2128,"Emma","Martinez",1987,19527
2129,"David","Jones",1980,19350
2130,"Olivia","Smith",1999,19653
2131,"Michael","Rodriguez",1976,14331
2132,"William","Williams",1973,13645
2133,"Emma","Brown",2000,11893
2134,"James","Miller",1996,14406
2135,"Emma","Rodriguez",1980,10144
2136,"Jane","Rodriguez",1985,10439
2137,"Olivia","Rodriguez",1982,13378
2138,"James","Johnson",1974,10212
2139,"Olivia","Davis",1998,13866
2140,"William","Davis",1994,19243
2141,"William","Johnson",1999,13480
2142,"Emily","Brown",2000,16938
2143,"Jane","Smith",1980,16990
2144,"Olivia","Garcia",1972,12886
2145,"John","Martinez",1999,12166
2146,"William","Davis",1985,10731
2147,"John","Jones",1997,14657
2148,"Emily","Garcia",1972,14851
2149,"Emily","Davis",1979,12430
2150,"Sarah","Smith",1970,14622
2151,"Emily","Martinez",1999,13024
2152,"James","Brown",1970,15762
2153,"John","Smith",1982,19644
2154,"James","Davis",1991,16718
2155,"Emma","Brown",1971,12169
2156,"Olivia","Martinez",1986,12170
2157,"John","Johnson",1975,19107
2158,"John","Rodriguez",1985,10413
2159,"Olivia","Miller",1976,11090
2160,"William","Rodriguez",1982,12854
2161,"David","Johnson",1989,10917
2162,"John","Martinez",1991,12812
2163,"Emma","Jones",1988,14425
2164,"David","Brown",2000,11783
2165,"David","Williams",1971,13887
2166,"David","Johnson",1978,17488
2167,"John","Jones",1979,15737
2168,"Olivia","Davis",1999,15169
2169,"William","Williams",1992,18833
2170,"William","Jones",1998,10679
2171,"Emily","Williams",1977,11577
2172,"Sarah","Rodriguez",1997,14479
2173,"Jane","Miller",1991,14007
2174,"John","Davis",1987,11018
2175,"Jane","Miller",1976,12775
2176,"John","Williams",1991,11024
2177,"James","Miller",1971,13614
2178,"Michael","Rodriguez",1994,16043
2179,"Emily","Rodriguez",2000,17456
2180,"Sarah","Martinez",1971,11328
2181,"Sarah","Martinez",1984,12889
2182,"James","Davis",1977,10875
2183,"James","Smith",1983,18614
2184,"Michael","Rodriguez",1995,14124
2185,"James","Davis",1979,10704
2186,"Olivia","Garcia",1980,19111
2187,"Emma","Williams",1999,18189
2188,"Sarah","Martinez",1995,18596
2189,"William","Williams",1978,12320
2190,"Emily","Davis",1975,16246
2191,"Emma","Johnson",1999,19141
2192,"Olivia","Garcia",1996,10426
2193,"David","Jones",1981,16396
2194,"Jane","Johnson",1988,16896
2195,"Sarah","Martinez",1999,10095
2196,"James","Smith",1992,13590
2197,"Sarah","Smith",2000,17205
2198,"Michael","Johnson",1976,19357
2199,"Emma","Martinez",1983,15978
2200,"Michael","Jones",1974,19220
2201,"Jane","Martinez",1983,15856
2202,"Sarah","Johnson",1978,13751
2203,"Emma","Rodriguez",1972,19186
2204,"William","Jones",1991,18841
2205,"Emily","Rodriguez",1999,19603
2206,"John","Johnson",1977,19533
2207,"Olivia","Martinez",1976,11744
2208,"Emma","Davis",1992,13041
2209,"Olivia","Brown",1992,15634
2210,"Olivia","Johnson",1988,11816
2211,"Jane","Brown",1991,11350
2212,"Emily","Jones",1985,18282
2213,"Sarah","Jones",1997,16140
2214,"Jane","Garcia",1971,19483
2215,"John","Miller",1984,19270
2216,"David","Smith",1983,15970
2217,"Michael","Martinez",1987,10418
2218,"Sarah","Johnson",1981,19626
2219,"Michael","Smith",1985,10070
2220,"Olivia","Williams",1987,15572
2221,"James","Williams",1983,12417
2222,"Emily","Rodriguez",1987,16316
2223,"Olivia","Johnson",1974,17499
2224,"Michael","Jones",1986,12098
2225,"Emily","Williams",1975,10032
2226,"Sarah","Miller",1971,18116
2227,"Sarah","Williams",1979,17788
2228,"William","Smith",1993,19145
2229,"Jane","Garcia",1973,17564
2230,"Emma","Jones",1972,14412
2231,"Emily","Williams",1982,13394
2232,"John","Rodriguez",1989,19177
2233,"Emma","Miller",1974,11375
2234,"Sarah","Johnson",1999,16711
2235,"Jane","Williams",1970,13661
2236,"Olivia","Smith",1978,15245
2237,"Olivia","Garcia",1998,19766
2238,"James","Davis",2000,19694
2239,"James","Williams",1970,18803
2240,"Michael","Miller",1995,14433
2241,"Jane","Davis",1999,13017
2242,"Sarah","Johnson",1978,15007
2243,"James","Garcia",2000,14047
2244,"Michael","Garcia",1981,13876
2245,"Emma","Brown",1998,19718
2246,"John","Davis",1977,12141
2247,"Jane","Williams",1997,11691
2248,"Jane","Johnson",1977,14753
2249,"William","Garcia",1998,17608
2250,"David","Jones",2000,12047
2251,"Sarah","Williams",1982,15084
2252,"David","Rodriguez",1972,18748
2253,"David","Garcia",1995,12176
2254,"Emily","Johnson",1982,19416
2255,"Emily","Johnson",1973,17316
2256,"Emma","Martinez",1999,17547
2257,"James","Williams",1978,18689
2258,"John","Garcia",1979,13607
2259,"Olivia","Brown",1972,18521
2260,"Emily","Rodriguez",1976,18897
2261,"Olivia","Brown",1972,18299
2262,"Emma","Brown",1996,14246
2263,"Jane","Davis",1971,11509
2264,"Emma","Brown",1972,17314
2265,"William","Smith",1972,15376
2266,"Jane","Jones",1996,10052
2267,"David","Brown",1981,12702
2268,"James","Garcia",1982,11592
2269,"Olivia","Miller",1995,12455
2270,"Olivia","Brown",1978,13272
2271,"John","Smith",1974,13829
2272,"Sarah","Jones",1991,16518
2273,"Emma","Miller",1994,18764
2274,"Emma","Davis",1982,17180
2275,"Jane","Jones",1993,19790
2276,"William","Jones",1985,12029
2277,"Emma","Martinez",1996,13467
2278,"Emma","Garcia",1980,15836
2279,"Olivia","Martinez",1979,13514
2280,"Emma","Smith",1995,19532
2281,"David","Martinez",1995,15631
2282,"Emily","Davis",1971,16740
2283,"Olivia","Davis",1982,13994
2284,"James","Rodriguez",1973,10657
2285,"Emma","Johnson",1982,11237
2286,"Sarah","Garcia",1979,14612
2287,"Emma","Johnson",1977,12970
2288,"Emily","Brown",1978,12558
2289,"Olivia","Johnson",1982,17810
2290,"Michael","Miller",1973,12116
2291,"David","Johnson",1982,15242
2292,"John","Miller",1980,13612
2293,"Jane","Martinez",1993,15367
2294,"Sarah","Rodriguez",1997,17904
2295,"Michael","Martinez",1973,19307
2296,"Jane","Johnson",1973,19801
2297,"Emma","Johnson",1972,12501
2298,"Olivia","Rodriguez",1998,10279
2299,"John","Miller",1993,14706
2300,"Olivia","Brown",1985,14996
2301,"Sarah","Jones",1973,16110
2302,"Emma","Martinez",1976,10857
2303,"David","Williams",1977,15110
2304,"James","Williams",1996,14411
2305,"James","Smith",1985,16069
2306,"Jane","Jones",1990,13143
2307,"Emma","Miller",2000,14355
2308,"Sarah","Rodriguez",1990,12816
2309,"Sarah","Smith",1975,15158
2310,"David","Miller",1997,12541
2311,"Jane","Martinez",1979,19994
2312,"Emma","Miller",1985,12805
2313,"Emily","Johnson",1986,16802
2314,"Emily","Davis",1986,14017
2315,"Emily","Garcia",1998,19568
2316,"James","Williams",1975,11729
2317,"Emma","Johnson",1985,15390
2318,"Olivia","Johnson",2000,12820
2319,"Emily","Rodriguez",1974,12963
2320,"John","Williams",1996,12600
2321,"Jane","Johnson",1983,14095
2322,"Emma","Miller",1994,14157
2323,"Sarah","Rodriguez",1979,18083
2324,"William","Smith",1983,10240
2325,"Jane","Smith",1990,11356
2326,"Olivia","Rodriguez",1984,11308
2327,"Emily","Williams",1970,10454
2328,"David","Miller",1971,11423
2329,"Michael","Rodriguez",1998,10492
2330,"Emily","Rodriguez",1992,18622
2331,"Michael","Miller",1989,19249
2332,"Jane","Smith",1970,13875
2333,"Emily","Martinez",1971,19659
2334,"Jane","Williams",1988,17848
2335,"John","Martinez",1989,13771
2336,"Olivia","Williams",1993,16727
2337,"Emily","Jones",1981,12265
2338,"Emily","Rodriguez",2000,14678
2339,"Olivia","Davis",1976,16993
2340,"Sarah","Jones",1973,14000
2341,"David","Davis",1975,18751
2342,"Jane","Brown",1988,18861
2343,"Emily","Davis",1973,19355
2344,"Sarah","Davis",2000,17450
2345,"Jane","Rodriguez",1972,11887
2346,"David","Jones",1984,19597
2347,"Michael","Williams",1983,14840
2348,"James","Brown",1996,18695
2349,"David","Rodriguez",1970,13552
2350,"Emily","Jones",1975,18997
2351,"Michael","Martinez",1994,17423
2352,"David","Garcia",1976,11821
2353,"Jane","Martinez",1992,19317
2354,"Emma","Garcia",1989,11819
2355,"James","Brown",1981,13976
2356,"Emma","Jones",1998,13676
2357,"Emma","Rodriguez",1972,19417
2358,"Michael","Martinez",1979,17360
2359,"Jane","Jones",1998,15215
2360,"Emily","Johnson",1982,18110
2361,"Sarah","Smith",1982,11661
2362,"John","Johnson",1991,18571
2363,"Sarah","Martinez",1976,19138
2364,"Olivia","Brown",1987,11116
2365,"Emily","Miller",1975,10512
2366,"Jane","Rodriguez",1982,15424
2367,"Emily","Johnson",1987,11804
2368,"Sarah","Williams",1989,14534
2369,"Sarah","Jones",1985,14383
2370,"Emily","Williams",1990,11614
2371,"David","Rodriguez",1972,14230
2372,"David","Brown",1971,19664
2373,"Olivia","Garcia",1976,15681
2374,"Olivia","Smith",1988,18252
2375,"Emily","Jones",1981,12406
2376,"William","Smith",1998,12318
2377,"William","Martinez",1981,12180
2378,"Emma","Rodriguez",1995,13996
2379,"William","Brown",1998,11642
2380,"William","Garcia",1978,19093
2381,"Emma","Williams",1983,14108
2382,"Michael","Martinez",1970,12361
2383,"Sarah","Garcia",1982,12423
2384,"James","Williams",1978,17666
2385,"Jane","Smith",1977,15325
2386,"Emma","Rodriguez",1977,13967
2387,"Jane","Miller",1982,10848
2388,"John","Smith",1996,19316
2389,"Emma","Rodriguez",1997,19766
2390,"Olivia","Brown",1998,19448
2391,"Olivia","Rodriguez",1994,12538
2392,"Emily","Johnson",1976,13043
2393,"James","Brown",1999,14134
2394,"David","Brown",1996,11877
2395,"Michael","Garcia",1990,18308
2396,"James","Garcia",1970,15276
2397,"Emily","Garcia",1980,12726
2398,"John","Garcia",1983,17275
2399,"James","Davis",1999,10967
2400,"Sarah","Smith",1997,12173
2401,"Olivia","Davis",1994,18518
2402,"Sarah","Garcia",1988,14419
2403,"Emily","Davis",1982,17585
2404,"James","Davis",2000,14265
2405,"David","Davis",1996,14761
2406,"Jane","Johnson",1991,14812
2407,"Jane","Brown",1972,14416
2408,"Jane","Johnson",1987,14043
2409,"Emma","Johnson",1973,14497
2410,"David","Martinez",1971,14818
2411,"James","Jones",1995,18644
2412,"Michael","Garcia",1977,16466
2413,"Sarah","Brown",1995,18965
2414,"David","Jones",1978,18949
2415,"Jane","Miller",1987,10117
2416,"James","Martinez",1971,18398
2417,"Emily","Garcia",1980,10315
2418,"David","Miller",1985,17540
2419,"John","Miller",1970,18456
2420,"John","Johnson",1994,17047
2421,"Jane","Davis",1993,11525
2422,"Olivia","Garcia",1981,13304
2423,"Olivia","Smith",1996,19190
2424,"Olivia","Williams",1988,18534
2425,"William","Jones",1985,18472
2426,"David","Smith",1999,18732
2427,"William","Garcia",1980,13944
2428,"David","Rodriguez",1978,10848
2429,"Emily","Williams",1995,17995
2430,"Jane","Williams",1973,12964
2431,"David","Brown",1998,12172
2432,"Michael","Garcia",1985,14635
2433,"Michael","Garcia",1984,17291
2434,"Sarah","Johnson",1987,17464
2435,"John","Rodriguez",1979,15373
2436,"Michael","Smith",1989,13582
2437,"David","Smith",1982,12068
2438,"Jane","Jones",1998,12642
2439,"Emma","Williams",1971,18110
2440,"Olivia","Jones",2000,14193
2441,"David","Johnson",1979,12953
2442,"Michael","Johnson",1977,19389
2443,"Emma","Martinez",1980,14826
2444,"David","Garcia",1990,13624
2445,"Michael","Martinez",1978,11923
2446,"Emily","Johnson",1995,14997
2447,"Emily","Garcia",1982,15635
2448,"John","Rodriguez",1999,10484
2449,"Emily","Miller",1971,17816
2450,"William","Williams",1994,18020
2451,"James","Brown",1983,18424
2452,"Sarah","Brown",1984,14883
2453,"David","Jones",1974,12173
2454,"Sarah","Martinez",1988,12974
2455,"Michael","Davis",1984,10191
2456,"John","Rodriguez",1998,12542
2457,"William","Jones",1997,14612
2458,"John","Brown",1976,19414
2459,"Olivia","Davis",1977,14194
2460,"Jane","Miller",1979,13544
2461,"Michael","Williams",1990,18296
2462,"James","Rodriguez",1999,17714
2463,"Emily","Smith",1986,16508
2464,"John","Smith",1971,16614
2465,"William","Garcia",1993,15599
2466,"Emily","Miller",1992,16207
2467,"Jane","Garcia",1973,16872
2468,"Olivia","Garcia",1979,17787
2469,"Michael","Davis",1971,19681
2470,"Emily","Williams",1985,14013
2471,"Emily","Brown",1980,18633
2472,"James","Martinez",1998,12993
2473,"Jane","Smith",1979,19745
2474,"Emma","Brown",1998,19029
2475,"Michael","Garcia",1993,15131
2476,"Olivia","Williams",1977,18776
2477,"David","Rodriguez",1989,16694
2478,"Jane","Johnson",1975,13209
2479,"Emily","Williams",1996,16633
2480,"Olivia","Rodriguez",1978,16343
2481,"David","Martinez",1985,14268
2482,"William","Davis",1976,17752
2483,"Jane","Garcia",1993,13875
2484,"Jane","Brown",1987,18775
2485,"Olivia","Williams",1988,18277
2486,"David","Jones",1984,10887
2487,"James","Davis",1996,18110
2488,"James","Miller",1996,17832
2489,"John","Brown",1975,16391
2490,"James","Williams",1974,13324
2491,"Jane","Jones",1977,10400
2492,"Sarah","Johnson",1983,10759
2493,"Jane","Smith",1986,12623
2494,"James","Johnson",1973,17183
2495,"David","Garcia",1995,14098
2496,"James","Johnson",1973,11992
2497,"Emma","Martinez",1994,10068
2498,"Emily","Miller",1988,12520
2499,"Michael","Davis",1996,19362
2500,"David","Smith",1982,12569
2501,"Emma","Martinez",1981,13145
2502,"Michael","Rodriguez",1979,18242
2503,"John","Johnson",1993,14122
2504,"Michael","Williams",1975,18326
2505,"Jane","Davis",1999,16969
2506,"David","Brown",1998,10325
2507,"Jane","Garcia",1981,13544
2508,"Jane","Davis",1985,18275
2509,"Olivia","Smith",1995,12076
2510,"Sarah","Davis",1986,17248
2511,"Sarah","Garcia",1995,16283
2512,"John","Jones",1989,18157
2513,"Michael","Johnson",1995,17952
2514,"William","Smith",1975,12823
2515,"William","Rodriguez",1999,13375
2516,"Michael","Davis",1980,14002
2517,"Olivia","Garcia",2000,13877
2518,"Jane","Brown",1973,15657
2519,"Emily","Garcia",1976,19595
2520,"David","Jones",1996,12263
2521,"John","Garcia",1987,11581
2522,"Emma","Miller",1976,19045
2523,"Olivia","Jones",1974,12963
2524,"James","Williams",1999,11831
2525,"Michael","Jones",1996,19893
2526,"David","Rodriguez",1970,10552
2527,"Emma","Garcia",1978,11675
2528,"Olivia","Brown",2000,13056
2529,"Michael","Brown",1984,18332
2530,"John","Williams",1989,15567
2531,"John","Davis",1970,13747
2532,"Jane","Rodriguez",1970,14457
2533,"Olivia","Johnson",1982,19183
2534,"Emma","Williams",1988,13784
2535,"James","Johnson",1998,12548
2536,"Michael","Smith",1982,14862
2537,"Olivia","Martinez",1989,19199
2538,"John","Martinez",1974,15765
2539,"Jane","Martinez",1996,12746
2540,"Michael","Davis",1982,11862
2541,"Sarah","Johnson",1981,10341
2542,"Michael","Williams",1985,11641
2543,"Olivia","Garcia",1982,19640
2544,"Emma","Johnson",1989,12856
2545,"Jane","Johnson",1970,12145
2546,"Michael","Brown",1982,10243
2547,"David","Johnson",1982,15117
2548,"James","Rodriguez",1979,19845
2549,"Olivia","Davis",1997,16086
2550,"Olivia","Williams",1981,11611
2551,"John","Martinez",1984,19596
2552,"James","Miller",1982,15978
2553,"Michael","Martinez",1986,17895
2554,"Emily","Williams",1980,12372
2555,"John","Davis",1986,13009
2556,"John","Williams",1980,16854
2557,"Sarah","Smith",1996,13738
2558,"Olivia","Miller",1971,16326
2559,"William","Rodriguez",1979,14925
2560,"William","Martinez",1975,13195
2561,"Olivia","Rodriguez",1971,15770
2562,"Jane","Garcia",1983,19123
2563,"David","Martinez",1989,10140
2564,"Emily","Johnson",1977,15178
2565,"James","Miller",1986,17384
2566,"William","Martinez",1981,19879
2567,"William","Williams",1974,14260
2568,"William","Davis",1987,15347
2569,"William","Johnson",1972,19683
2570,"David","Garcia",1986,16430
2571,"James","Brown",1981,13257
2572,"Emma","Jones",1989,11587
2573,"James","Davis",1990,19661
2574,"Michael","Garcia",1996,12796
2575,"Sarah","Johnson",1989,17587
2576,"Michael","Smith",1982,16928
2577,"Jane","Davis",1995,17336
2578,"Jane","Williams",1999,15923
2579,"Sarah","Davis",2000,19432
2580,"David","Martinez",1998,13584
2581,"Olivia","Williams",1998,13435
2582,"Sarah","Brown",1995,13682
2583,"John","Davis",1995,12830
2584,"Emma","Davis",1976,15136
2585,"William","Martinez",1995,12385
2586,"James","Smith",1994,10718
2587,"William","Williams",1994,13146
2588,"Emily","Rodriguez",2000,12694
2589,"Jane","Miller",1978,12736
2590,"Olivia","Johnson",1973,15349
2591,"John","Smith",1992,17716
2592,"John","Smith",1985,17634
2593,"Sarah","Jones",1990,15975
2594,"Jane","Brown",1998,13336
2595,"Olivia","Smith",1990,17702
2596,"Olivia","Rodriguez",1973,16264
2597,"Jane","Martinez",1980,12105
2598,"John","Martinez",1993,16392
2599,"Jane","Rodriguez",1999,13459
2600,"Emma","Miller",1983,14434
2601,"Emma","Martinez",1987,11057
2602,"Sarah","Davis",1998,12451
2603,"Jane","Jones",1983,15261
2604,"David","Williams",1971,17404
2605,"Olivia","Smith",1986,11064
2606,"Emma","Williams",1993,18647
2607,"Jane","Williams",1975,17498
2608,"William","Brown",1975,12987
2609,"David","Smith",1992,19398
2610,"Emily","Johnson",1974,12339
2611,"James","Garcia",1976,19970
2612,"Olivia","Williams",1988,13539
2613,"Jane","Miller",1982,19175
2614,"Emily","Miller",1995,14448
2615,"John","Martinez",1990,12124
2616,"Olivia","Garcia",1989,16936
2617,"Michael","Davis",1990,16224
2618,"Olivia","Davis",1987,11670
2619,"Olivia","Miller",1991,13210
2620,"John","Martinez",1992,19273
2621,"David","Rodriguez",1999,14674
2622,"Emily","Jones",1970,17337
2623,"Sarah","Brown",1995,19493
2624,"Emily","Johnson",1982,11303
2625,"James","Jones",1970,16703
2626,"Emily","Johnson",1992,11701
2627,"William","Williams",1976,17919
2628,"David","Johnson",1985,16919
2629,"David","Johnson",1996,18826
2630,"Emma","Williams",1991,14367
2631,"Michael","Rodriguez",1998,18310
2632,"Jane","Brown",1970,17297
2633,"William","Smith",1976,16092
2634,"Emily","Johnson",1985,16506
2635,"Jane","Brown",1981,13118
2636,"Michael","Rodriguez",1982,15480
2637,"Michael","Davis",1979,15953
2638,"David","Miller",1971,19574
2639,"David","Garcia",1998,18901
2640,"Emily","Brown",1988,14270
2641,"Jane","Garcia",1978,15832
2642,"Jane","Martinez",1995,11708
2643,"Sarah","Smith",1977,13909
2644,"Michael","Smith",1975,19635
2645,"Sarah","Williams",1976,10054
2646,"William","Rodriguez",1995,10479
2647,"Olivia","Garcia",2000,18067
2648,"Jane","Jones",1982,17565
2649,"Olivia","Davis",1975,10730
2650,"Jane","Brown",1990,17921
2651,"William","Miller",1979,10193
2652,"Jane","Smith",1975,10474
2653,"John","Rodriguez",1984,12482
2654,"Emma","Rodriguez",1996,11749
2655,"Sarah","Jones",1982,17401
2656,"Jane","Davis",1985,10566
2657,"James","Rodriguez",1977,10322
2658,"Emily","Garcia",1979,18464
2659,"Sarah","Garcia",1982,18321
2660,"Sarah","Smith",1988,19837
2661,"James","Jones",1991,13246
2662,"William","Brown",1975,11673
2663,"James","Garcia",1973,10219
2664,"Emma","Williams",1996,10693
2665,"William","Garcia",1982,15181
2666,"Emily","Rodriguez",1978,13911
2667,"James","Garcia",1989,14497
2668,"Sarah","Davis",1972,19856
2669,"James","Williams",1973,16636
2670,"Jane","Williams",1986,10865
2671,"James","Smith",1990,19482
2672,"James","Brown",1982,16354
2673,"Jane","Davis",1997,10447
2674,"James","Williams",1982,13914
2675,"Emma","Johnson",1985,15687
2676,"Olivia","Garcia",1975,19314
2677,"James","Rodriguez",1973,13780
2678,"Olivia","Smith",1978,13954
2679,"Jane","Miller",1986,19307
2680,"Jane","Brown",1981,19395
2681,"Olivia","Rodriguez",1993,13975
2682,"David","Miller",1981,19783
2683,"Olivia","Williams",1977,18959
2684,"Jane","Martinez",1990,19337
2685,"Emily","Johnson",1978,15177
2686,"Sarah","Jones",1997,13213
2687,"Emily","Brown",1986,14016
2688,"Emily","Garcia",1989,13274
2689,"Olivia","Williams",1985,15929
2690,"Emily","Davis",1972,10224
2691,"Emma","Miller",1982,19792
2692,"David","Smith",1996,11093
2693,"Jane","Rodriguez",1981,15501
2694,"Jane","Davis",1989,10129
2695,"Emily","Johnson",1984,12940
2696,"John","Davis",1976,10692
2697,"John","Rodriguez",1991,11584
2698,"Emma","Brown",1975,11613
2699,"Jane","Miller",1993,11206
2700,"James","Rodriguez",1998,13295
2701,"Sarah","Miller",1970,11050
2702,"Emma","Jones",1990,12824
2703,"Emma","Garcia",2000,13776
2704,"James","Davis",1992,19407
2705,"Olivia","Davis",1971,17335
2706,"Jane","Miller",1970,10907
2707,"Olivia","Garcia",1984,10516
2708,"Michael","Williams",1998,17394
2709,"Emma","Jones",1999,18779
2710,"William","Garcia",1990,11281
2711,"Michael","Brown",1974,17488
2712,"Jane","Williams",1996,16354
2713,"Michael","Rodriguez",1977,15015
2714,"Jane","Johnson",1971,18045
2715,"James","Miller",1991,18637
2716,"Jane","Smith",1982,18228
2717,"John","Garcia",2000,16663
2718,"Michael","Miller",1975,15035
2719,"Emily","Miller",1979,15833
2720,"Olivia","Miller",1980,16197
2721,"Michael","Smith",1979,10257
2722,"Sarah","Smith",1985,10860
2723,"David","Garcia",1989,17167
2724,"Emily","Martinez",1998,16851
2725,"Emma","Martinez",1987,18124
2726,"Emily","Smith",1993,15071
2727,"William","Miller",1974,14254
2728,"John","Miller",1979,11894
2729,"Jane","Jones",1994,11438
2730,"Emma","Rodriguez",1981,16378
2731,"Michael","Rodriguez",2000,13106
2732,"David","Johnson",1984,10871
2733,"Emily","Jones",1991,16811
2734,"James","Williams",1997,12828
2735,"Michael","Williams",1988,18790
2736,"John","Jones",1977,15695
2737,"Emily","Brown",1987,19474
2738,"James","Brown",1993,18675
2739,"John","Garcia",1987,11826
2740,"Sarah","Brown",1975,17052
2741,"David","Jones",1979,11201
2742,"Jane","Brown",1982,14725
2743,"William","Miller",1980,13831
2744,"James","Davis",1993,10980
2745,"William","Jones",1995,10367
2746,"Emily","Williams",1990,16871
2747,"Emily","Martinez",1990,16203
2748,"Olivia","Smith",1971,16319
2749,"Olivia","Rodriguez",1984,10860
2750,"John","Williams",1977,14374
2751,"James","Johnson",1995,18415
2752,"Emily","Williams",1978,19710
2753,"Emma","Rodriguez",1985,18471
2754,"Sarah","Williams",1974,18832
2755,"John","Johnson",1996,17492
2756,"William","Jones",1999,10455
2757,"John","Davis",1997,15834
2758,"Michael","Jones",2000,16221
2759,"Sarah","Williams",1980,14827
2760,"Emma","Davis",1977,14508
2761,"Jane","Jones",1976,11143
2762,"Emma","Davis",1989,11203
2763,"Jane","Johnson",1998,16450
2764,"Emily","Garcia",1984,14497
2765,"John","Miller",1972,15124
2766,"Sarah","Miller",1999,13239
2767,"Emily","Garcia",1991,13685
2768,"Emma","Garcia",1985,14267
2769,"William","Rodriguez",1985,10110
2770,"Olivia","Smith",1990,18199
2771,"Olivia","Davis",1973,12114
2772,"Jane","Brown",1986,14731
2773,"David","Johnson",1984,10823
2774,"Jane","Garcia",1997,14248
2775,"Emily","Garcia",1970,11108
2776,"Emma","Brown",1971,14983
2777,"John","Johnson",1980,10781
2778,"Sarah","Brown",1988,19574
2779,"Emma","Johnson",1986,12112
2780,"Michael","Miller",1974,19861
2781,"Sarah","Martinez",1987,19209
2782,"Sarah","Garcia",1970,15373
2783,"Jane","Garcia",1991,13719
2784,"Sarah","Rodriguez",1983,13975
2785,"William","Garcia",1982,13634
2786,"David","Martinez",1995,13935
2787,"John","Garcia",1978,10246
2788,"Sarah","Johnson",1999,11822
2789,"Emily","Miller",1985,10450
2790,"Jane","Williams",1974,14571
2791,"Emily","Jones",1975,12403
2792,"Emily","Davis",1984,16568
2793,"John","Davis",1984,18212
2794,"Olivia","Williams",1981,18341
2795,"Sarah","Martinez",1977,17577
2796,"James","Brown",1995,11623
2797,"John","Smith",1978,18088
2798,"Jane","Williams",1996,17605
2799,"William","Rodriguez",1989,17039
2800,"Sarah","Garcia",1997,17862
2801,"William","Smith",1971,11379
2802,"Jane","Johnson",1984,17250
2803,"David","Smith",1978,16384
2804,"Sarah","Rodriguez",1993,14874
2805,"Olivia","Brown",1975,12776
2806,"Emma","Rodriguez",1984,15586
2807,"William","Garcia",1971,18327
2808,"Sarah","Martinez",1977,13750
2809,"Emily","Miller",1976,18669
2810,"John","Martinez",1984,11109
2811,"Jane","Martinez",1992,10846
2812,"John","Brown",1984,15079
2813,"David","Smith",1999,14969
2814,"Emma","Rodriguez",1974,11728
2815,"James","Rodriguez",1975,13902
2816,"John","Johnson",1990,10887
2817,"John","Jones",1996,11597
2818,"Olivia","Jones",1982,10379
2819,"Olivia","Garcia",1997,13477
2820,"Jane","Davis",1970,11312
2821,"James","Martinez",1998,11017
2822,"Emily","Williams",1988,11976
2823,"James","Johnson",1973,16865
2824,"John","Johnson",1994,18665
2825,"Emily","Garcia",1977,14707
2826,"James","Brown",1985,13446
2827,"Jane","Smith",1975,12088
2828,"John","Smith",1989,17443
2829,"James","Garcia",1983,12490
2830,"William","Martinez",1978,18532
2831,"Sarah","Jones",1972,18860
2832,"Michael","Miller",1988,15559
2833,"William","Rodriguez",1983,13143
2834,"Emma","Martinez",1988,18718
2835,"Emily","Johnson",1993,15891
2836,"John","Davis",1976,19789
2837,"John","Brown",1995,19386
2838,"James","Williams",1984,11773
2839,"Emily","Smith",1970,14370
2840,"David","Smith",1987,14374
2841,"Michael","Johnson",1997,18285
2842,"James","Martinez",1995,17931
2843,"Emma","Smith",1987,13865
2844,"John","Williams",1979,15992
2845,"Sarah","Rodriguez",2000,12310
2846,"David","Williams",1982,18733
2847,"James","Miller",1991,10789
2848,"Olivia","Jones",1994,10972
2849,"James","Williams",1972,11928
2850,"David","Brown",1980,11899
2851,"John","Smith",1974,12004
2852,"Emily","Johnson",1988,17878
2853,"Emily","Williams",1985,18180
2854,"Jane","Garcia",1976,18502
2855,"Olivia","Rodriguez",1974,13651
2856,"David","Miller",2000,18909
2857,"Michael","Brown",1998,10432
2858,"David","Martinez",1999,13084
2859,"Sarah","Rodriguez",1980,12645
2860,"John","Rodriguez",1973,19043
2861,"Olivia","Brown",1998,15503
2862,"William","Jones",1981,18727
2863,"Jane","Rodriguez",1993,19191
2864,"James","Brown",1975,13628
2865,"Emily","Brown",2000,17948
2866,"Jane","Jones",1995,17395
2867,"Olivia","Brown",1983,17982
2868,"William","Martinez",2000,18354
2869,"Michael","Johnson",1983,16060
2870,"Emma","Rodriguez",2000,18998
2871,"Michael","Martinez",1999,12840
2872,"David","Martinez",1973,19033
2873,"Michael","Williams",1979,11313
2874,"Sarah","Williams",1981,16181
2875,"William","Jones",1986,17287
2876,"David","Garcia",1971,12794
2877,"Emma","Miller",1997,10951
2878,"Emma","Garcia",1998,13379
2879,"Michael","Rodriguez",1981,12268
2880,"Olivia","Johnson",1996,18011
2881,"John","Garcia",1980,11012
2882,"Emily","Rodriguez",1984,18437
2883,"Emily","Johnson",1993,15662
2884,"Emily","Rodriguez",1991,15681
2885,"James","Davis",1996,17246
2886,"David","Miller",1979,19546
2887,"William","Martinez",1974,10652
2888,"David","Jones",1978,15829
2889,"John","Brown",1989,12111
2890,"Emily","Rodriguez",1982,18843
2891,"Jane","Martinez",1975,13314
2892,"John","Smith",1974,15716
2893,"Olivia","Miller",1997,13538
2894,"Jane","Johnson",1983,15952
2895,"Emily","Brown",1993,17630
2896,"Emily","Garcia",1997,18718
2897,"Olivia","Miller",1975,19076
2898,"Jane","Williams",1976,19571
2899,"Emma","Brown",1977,18610
2900,"Sarah","Williams",1996,11037
2901,"Michael","Garcia",1996,12212
2902,"Emily","Garcia",1982,17305
2903,"Jane","Smith",1983,14129
2904,"John","Davis",1999,16453
2905,"Jane","Brown",1971,12674
2906,"Emma","Miller",1978,12308
2907,"David","Miller",2000,12041
2908,"William","Johnson",1995,11978
2909,"Jane","Johnson",1988,11462
2910,"David","Brown",1988,15765
2911,"James","Miller",1986,17714
2912,"William","Smith",1995,11728
2913,"James","Brown",1990,11376
2914,"Emma","Brown",1987,13185
2915,"James","Johnson",1981,18867
2916,"Olivia","Smith",1970,10727
2917,"John","Rodriguez",1999,19148
2918,"Olivia","Garcia",1986,14490
2919,"William","Jones",1998,10602
2920,"John","Johnson",1989,12955
2921,"David","Williams",1985,14948
2922,"Michael","Martinez",1990,11975
2923,"Jane","Davis",1982,17120
2924,"William","Davis",1984,16829
2925,"Michael","Jones",1997,18201
2926,"Jane","Williams",1970,12508
2927,"James","Garcia",1988,17843
2928,"Olivia","Rodriguez",1992,19431
2929,"James","Davis",1976,18182
2930,"James","Williams",1980,13276
2931,"Emma","Smith",1975,15435
2932,"Emily","Garcia",1991,10006
2933,"Olivia","Miller",1986,19233
2934,"Michael","Johnson",1982,13504
2935,"Emily","Miller",1976,12607
2936,"William","Miller",2000,10184
2937,"Olivia","Rodriguez",1998,19352
2938,"Emily","Brown",1982,11527
2939,"John","Davis",1988,18884
2940,"David","Brown",1986,11148
2941,"Michael","Rodriguez",1994,18868
2942,"Emily","Martinez",1992,14066
2943,"John","Davis",1999,12951
2944,"David","Rodriguez",1985,11788
2945,"Michael","Smith",1985,19602
2946,"John","Garcia",1973,16818
2947,"John","Martinez",1992,14390
2948,"James","Garcia",1977,10838
2949,"Michael","Brown",1978,17020
2950,"Emily","Garcia",1986,10810
2951,"Sarah","Miller",1979,15213
2952,"James","Garcia",1994,10045
2953,"James","Davis",1992,19929
2954,"Michael","Martinez",1986,18312
2955,"Emma","Martinez",1998,16583
2956,"John","Miller",1972,16488
2957,"Olivia","Johnson",1996,18038
2958,"John","Johnson",1973,13495
2959,"William","Smith",1970,17864
2960,"Sarah","Miller",1988,10953
2961,"William","Martinez",1988,16600
2962,"David","Johnson",1977,18323
2963,"Emma","Williams",1982,15329
2964,"Olivia","Jones",1996,10871
2965,"John","Miller",1977,17446
2966,"John","Miller",1991,13598
2967,"Olivia","Davis",1987,18038
2968,"Emma","Davis",1977,13603
2969,"Michael","Miller",1996,15543
2970,"Emily","Jones",1985,10611
2971,"Emma","Rodriguez",1989,13801
2972,"David","Martinez",1993,18422
2973,"Michael","Smith",1990,10416
2974,"Olivia","Miller",1983,11239
2975,"John","Jones",1996,11440
2976,"John","Brown",1970,11317
2977,"Emily","Garcia",1976,11380
2978,"Jane","Rodriguez",1986,10352
2979,"David","Rodriguez",1974,18789
2980,"James","Davis",1982,10133
2981,"Emma","Davis",1977,10385
2982,"David","Johnson",1981,10554
2983,"Jane","Miller",1980,17309
2984,"Olivia","Jones",1987,13150
2985,"Emily","Garcia",1990,16646
2986,"Jane","Rodriguez",1979,10274
2987,"Jane","Johnson",1996,16647
2988,"Emily","Brown",1987,14521
2989,"James","Brown",1995,13769
2990,"Jane","Brown",1977,17334
2991,"Emily","Brown",1999,18934
2992,"Jane","Smith",1978,13804
2993,"Olivia","Brown",1995,14721
2994,"William","Garcia",1973,16274
2995,"Emily","Smith",1977,17022
2996,"Olivia","Johnson",1978,18417
2997,"William","Martinez",1989,18962
2998,"Jane","Williams",1988,14177
2999,"Jane","Davis",1989,18873
3000,"Sarah","Brown",1987,18680
3001,"Olivia","Smith",1973,12745
3002,"John","Smith",1981,15945
3003,"Emma","Williams",1978,17342
3004,"Emma","Martinez",1996,14333
3005,"William","Garcia",1983,11951
3006,"Olivia","Garcia",1995,13780
3007,"Emma","Martinez",1983,13336
3008,"Olivia","Rodriguez",1972,14490
3009,"Michael","Davis",1984,19192
3010,"Olivia","Williams",1975,18259
3011,"Jane","Martinez",1988,14899
3012,"John","Davis",1996,15663
3013,"William","Martinez",1987,14623
3014,"Sarah","Brown",1984,14391
3015,"Emily","Davis",1971,10723
3016,"William","Rodriguez",1999,10124
3017,"John","Garcia",1972,16361
3018,"James","Garcia",1992,12165
3019,"James","Brown",1993,18345
3020,"William","Brown",1998,12837
3021,"Emily","Jones",1994,15371
3022,"William","Johnson",1980,12576
3023,"Jane","Davis",1993,12971
3024,"Olivia","Rodriguez",1970,18437
3025,"Emily","Williams",1990,17816
3026,"Emily","Garcia",1994,16402
3027,"John","Garcia",1989,11543
3028,"William","Jones",1978,17755
3029,"Jane","Miller",1991,12917
3030,"Sarah","Davis",1983,16476
3031,"William","Jones",1995,12217
3032,"Emma","Smith",1984,18386
3033,"Emily","Rodriguez",1989,15966
3034,"Michael","Rodriguez",1998,11979
3035,"John","Rodriguez",1999,16246
3036,"Emma","Brown",1995,11897
3037,"Emily","Martinez",1981,11101
3038,"Emma","Williams",1994,18226
3039,"Michael","Garcia",1974,18970
3040,"John","Johnson",1970,19383
3041,"David","Garcia",1987,16865
3042,"William","Brown",1978,17631
3043,"Olivia","Martinez",1998,14376
3044,"David","Davis",1980,17493
3045,"Jane","Miller",1976,19724
3046,"Olivia","Davis",1978,11808
3047,"Emily","Johnson",1981,12003
3048,"Emma","Garcia",1989,18045
3049,"Emily","Rodriguez",1971,15937
3050,"Jane","Miller",1985,14416
3051,"Emily","Williams",1970,13530
3052,"John","Davis",1999,18768
3053,"William","Miller",2000,19283
3054,"Sarah","Williams",1975,12849
3055,"David","Garcia",1997,16232
3056,"William","Brown",1995,10342
3057,"Jane","Rodriguez",1972,10294
3058,"William","Johnson",1983,10986
3059,"Jane","Williams",1977,15898
3060,"Emily","Brown",1984,18593
3061,"John","Miller",1992,16551
3062,"David","Miller",1978,16794
3063,"William","Davis",1981,14812
3064,"Emma","Miller",1994,10178
3065,"Jane","Brown",1977,16380
3066,"John","Jones",1985,16660
3067,"Michael","Garcia",1970,16154
3068,"Jane","Williams",1997,15480
3069,"John","Jones",1984,13955
3070,"Olivia","Jones",1974,11636
3071,"Michael","Miller",1984,11108
3072,"Olivia","Miller",1973,16781
3073,"John","Jones",1994,12223
3074,"Jane","Smith",1982,15908
3075,"Emily","Jones",1974,11874
3076,"William","Garcia",1982,16812
3077,"Jane","Martinez",1983,11587
3078,"Olivia","Johnson",1998,10639
3079,"John","Martinez",1995,19127
3080,"John","Johnson",1993,14491
3081,"Emma","Rodriguez",1978,15916
3082,"Michael","Brown",1988,13445
3083,"Emma","Martinez",1984,10802
3084,"William","Jones",1995,14035
3085,"John","Jones",1998,19000
3086,"Olivia","Garcia",1971,10753
3087,"William","Garcia",1997,12757
3088,"Emma","Williams",1983,11065
3089,"Sarah","Rodriguez",1975,15340
3090,"William","Jones",1994,10257
3091,"Sarah","Williams",1974,15068
3092,"James","Johnson",1995,11348
3093,"Olivia","Smith",1994,13909
3094,"David","Garcia",1970,11943
3095,"Emily","Davis",1993,12159
3096,"Sarah","Jones",1977,12404
3097,"David","Williams",2000,17839
3098,"William","Jones",1998,19802
3099,"Olivia","Davis",1981,16573
3100,"Michael","Miller",1974,16984
3101,"James","Miller",1971,10156
3102,"John","Jones",1999,19228
3103,"Jane","Johnson",1970,11342
3104,"Olivia","Williams",1977,14736
3105,"John","Rodriguez",1985,10279
3106,"Olivia","Johnson",1987,16429
3107,"Emily","Brown",1987,10971
3108,"Jane","Martinez",1993,14766
3109,"Sarah","Johnson",1995,12977
3110,"James","Jones",1970,12405
3111,"Emily","Brown",1992,18178
3112,"William","Brown",1982,17706
3113,"Sarah","Johnson",1997,18974
3114,"Emma","Jones",1978,14652
3115,"Sarah","Jones",1999,16614
3116,"James","Garcia",1986,17271
3117,"Michael","Miller",1991,15228
3118,"Sarah","Davis",1977,18201
3119,"James","Brown",1977,18551
3120,"Emma","Williams",1970,15109
3121,"Michael","Davis",1981,12945
3122,"Olivia","Rodriguez",1992,19756
3123,"Jane","Johnson",1997,11757
3124,"Emily","Miller",1992,13004
3125,"Jane","Smith",1985,14844
3126,"William","Williams",1980,17703
3127,"Sarah","Smith",1978,12851
3128,"Sarah","Jones",1998,12169
3129,"James","Garcia",1974,12510
3130,"Olivia","Davis",2000,19977
3131,"James","Rodriguez",1989,15296
3132,"Michael","Williams",1979,17139
3133,"Jane","Williams",1978,12059
3134,"Emma","Williams",1994,17907
3135,"David","Smith",1992,18172
3136,"David","Martinez",1982,10723
3137,"William","Garcia",1982,12920
3138,"Jane","Johnson",1982,15669
3139,"John","Davis",1976,14298
3140,"Emily","Martinez",1991,17539
3141,"Olivia","Johnson",1981,14395
3142,"Emily","Brown",1970,14722
3143,"Jane","Davis",1985,11647
3144,"David","Martinez",1984,17090
3145,"Sarah","Brown",1989,17372
3146,"William","Johnson",1994,18560
3147,"William","Davis",1975,10925
3148,"William","Brown",1992,17168
3149,"William","Martinez",1992,18290
3150,"William","Miller",1996,16409
3151,"Michael","Johnson",1999,14935
3152,"Sarah","Miller",1971,17204
3153,"Olivia","Davis",1989,18831
3154,"Sarah","Miller",1982,17944
3155,"John","Garcia",1978,12127
3156,"John","Rodriguez",2000,19532
3157,"Emily","Rodriguez",1981,17659
3158,"David","Smith",1973,10064
3159,"John","Jones",1975,16826
3160,"John","Rodriguez",1989,18774
3161,"Michael","Davis",1971,15549
3162,"Jane","Brown",1995,12777
3163,"James","Jones",1984,14740
3164,"John","Miller",1978,12951
3165,"James","Garcia",1998,15572
3166,"Jane","Brown",1981,12717
3167,"James","Garcia",1994,13835
3168,"Olivia","Garcia",1979,16088
3169,"Emily","Miller",2000,18374
3170,"Jane","Davis",1971,10051
3171,"Olivia","Jones",1989,15487
3172,"Emily","Williams",1971,15937
3173,"William","Brown",1973,18148
3174,"Emily","Davis",1989,10055
3175,"James","Martinez",1992,12396
3176,"Michael","Miller",1997,19148
3177,"Sarah","Martinez",1985,13555
3178,"William","Jones",1978,10012
3179,"Michael","Jones",1989,10073
3180,"Sarah","Jones",1997,12076
3181,"William","Martinez",1984,14519
3182,"Sarah","Williams",1973,12741
3183,"John","Garcia",1992,14768
3184,"James","Williams",1980,14338
3185,"Michael","Brown",1998,10866
3186,"David","Jones",2000,18919
3187,"Sarah","Brown",1982,13592
3188,"William","Williams",1983,17146
3189,"David","Davis",1983,18931
3190,"Emily","Johnson",1997,14840
3191,"David","Jones",1993,18843
3192,"Michael","Williams",1982,12762
3193,"Sarah","Miller",1971,15104
3194,"Sarah","Martinez",1971,15619
3195,"Jane","Davis",1971,13168
3196,"Olivia","Johnson",1979,14902
3197,"Emily","Brown",1972,18824
3198,"Emma","Jones",1984,17489
3199,"Olivia","Smith",1978,10750
3200,"Jane","Miller",1970,11705
3201,"James","Miller",1980,14375
3202,"Olivia","Rodriguez",1999,15586
3203,"David","Johnson",1983,15105
3204,"Olivia","Jones",1982,17120
3205,"Emma","Brown",1979,18966
3206,"James","Miller",1972,14978
3207,"Olivia","Rodriguez",1986,15600
3208,"Olivia","Smith",1998,13477
3209,"Emily","Davis",1994,15213
3210,"Olivia","Miller",1981,11814
3211,"Olivia","Smith",1975,18968
3212,"Jane","Martinez",1978,18651
3213,"Sarah","Rodriguez",1970,10366
3214,"James","Davis",1990,17799
3215,"Emma","Rodriguez",1998,18117
3216,"Jane","Davis",1994,12715
3217,"Jane","Williams",1988,11504
3218,"Jane","Garcia",1974,18234
3219,"William","Miller",1993,19206
3220,"Emma","Davis",1971,16402
3221,"Jane","Jones",1982,18117
3222,"Sarah","Brown",1993,16543
3223,"Jane","Rodriguez",1986,15985
3224,"Jane","Garcia",1972,14804
3225,"Sarah","Brown",1990,10239
3226,"Emma","Miller",1997,19312
3227,"James","Johnson",1998,15972
3228,"James","Miller",1985,16106
3229,"John","Brown",1972,13054
3230,"James","Miller",1987,12695
3231,"Jane","Johnson",1980,16945
3232,"Jane","Smith",1989,18321
3233,"Olivia","Brown",1975,10011
3234,"Sarah","Martinez",1999,11023
3235,"Jane","Davis",1974,16674
3236,"Michael","Rodriguez",1997,17283
3237,"John","Miller",1987,15099
3238,"Jane","Williams",1983,11822
3239,"Jane","Brown",1987,12223
3240,"Sarah","Williams",1988,19683
3241,"Sarah","Williams",1996,12326
3242,"John","Miller",1977,14288
3243,"Olivia","Rodriguez",1993,17857
3244,"James","Miller",1992,15579
3245,"Emily","Garcia",1974,19189
3246,"Olivia","Davis",1998,10236
3247,"Emily","Williams",1992,14196
3248,"William","Smith",1999,15606
3249,"James","Davis",2000,11296
3250,"William","Johnson",1975,13770
3251,"Olivia","Rodriguez",1989,15700
3252,"Sarah","Davis",1972,18256
3253,"James","Miller",1972,16699
3254,"Emily","Brown",1986,14982
3255,"Michael","Davis",1980,16560
3256,"John","Brown",1986,17775
3257,"Sarah","Garcia",1970,19844
3258,"Jane","Jones",1997,14421
3259,"Sarah","Johnson",1970,12636
3260,"Emma","Rodriguez",2000,15699
3261,"Michael","Rodriguez",1979,10963
3262,"William","Brown",1992,15457
3263,"Emma","Johnson",1976,10963
3264,"Emma","Smith",1994,19041
3265,"Sarah","Smith",1995,14837
3266,"Olivia","Williams",1992,14654
3267,"Emily","Rodriguez",1975,19872
3268,"Sarah","Johnson",1999,14291
3269,"Emily","Johnson",1993,14578
3270,"James","Rodriguez",1980,15572
3271,"Emily","Garcia",1972,11969
3272,"Emma","Williams",1970,15937
3273,"William","Miller",1984,14970
3274,"Olivia","Brown",1982,19659
3275,"Emily","Davis",1986,10842
3276,"John","Rodriguez",1971,10047
3277,"Emily","Brown",1987,11682
3278,"Emily","Martinez",1987,17314
3279,"Michael","Williams",1970,11808
3280,"John","Davis",1980,15825
3281,"Jane","Williams",1988,17703
3282,"Jane","Jones",1986,18840
3283,"Emily","Williams",1981,10370
3284,"James","Rodriguez",1997,10897
3285,"John","Johnson",1990,16531
3286,"John","Jones",1994,12418
3287,"Emily","Brown",1998,18998
3288,"Olivia","Garcia",1983,19350
3289,"Michael","Martinez",1977,12901
3290,"Emily","Smith",1990,19265
3291,"John","Brown",1999,10938
3292,"William","Johnson",1988,12557
3293,"Jane","Garcia",1970,11210
3294,"Emily","Martinez",1972,12850
3295,"Olivia","Rodriguez",2000,14716
3296,"Sarah","Rodriguez",1985,15254
3297,"David","Garcia",1997,15560
3298,"Michael","Davis",1975,12860
3299,"Michael","Rodriguez",1990,14148
3300,"Jane","Davis",1988,10173
3301,"Emma","Johnson",1977,16482
3302,"Emily","Johnson",1971,13945
3303,"Olivia","Jones",1984,18516
3304,"Olivia","Smith",1980,18131
3305,"James","Williams",1980,14184
3306,"William","Garcia",1974,19286
3307,"David","Jones",1995,17207
3308,"Michael","Williams",1973,18714
3309,"David","Martinez",1981,15049
3310,"Sarah","Martinez",1976,16790
3311,"Emily","Brown",1990,11663
3312,"Michael","Johnson",1971,15706
3313,"William","Miller",1992,13450
3314,"James","Davis",1977,18874
3315,"Emma","Miller",1989,12816
3316,"Sarah","Williams",1974,12174
3317,"Jane","Miller",1986,18226
3318,"Emma","Miller",1985,11571
3319,"Emily","Smith",1995,12123
3320,"Jane","Williams",1979,18496
3321,"Jane","Rodriguez",1992,15830
3322,"Sarah","Jones",1980,14260
3323,"Michael","Jones",1972,19429
3324,"Olivia","Johnson",1999,19823
3325,"Michael","Rodriguez",1990,13680
3326,"Jane","Williams",1976,11943
3327,"Sarah","Miller",1975,10230
3328,"David","Davis",1994,13495
3329,"Jane","Johnson",1988,11907
3330,"William","Smith",1993,13710
3331,"Emma","Williams",1989,14462
3332,"David","Brown",1975,18685
3333,"Olivia","Martinez",2000,17104
3334,"David","Martinez",1970,16632
3335,"John","Rodriguez",1977,14049
3336,"James","Williams",1980,19342
3337,"William","Williams",1989,10270
3338,"Michael","Brown",1990,19254
3339,"Olivia","Miller",1989,18396
3340,"John","Smith",1978,11195
3341,"John","Brown",1992,13653
3342,"Emily","Williams",1976,12810
3343,"James","Davis",1990,19024
3344,"Olivia","Miller",1974,14283
3345,"Sarah","Miller",1990,18189
3346,"Jane","Johnson",1994,15553
3347,"Jane","Smith",1980,17441
3348,"David","Williams",1994,19606
3349,"David","Johnson",1982,15675
3350,"Michael","Martinez",1992,16590
3351,"Sarah","Davis",1980,18473
3352,"William","Davis",1989,14255
3353,"Jane","Johnson",1996,10670
3354,"Emily","Johnson",1992,14369
3355,"Emma","Miller",2000,14595
3356,"Michael","Davis",1997,18746
3357,"John","Brown",1993,10231
3358,"Emily","Garcia",1981,14146
3359,"Sarah","Jones",1981,17358
3360,"Jane","Jones",1993,13786
3361,"John","Martinez",1988,10585
3362,"Michael","Brown",1972,18648
3363,"Emma","Davis",1978,15108
3364,"Emily","Brown",1993,12054
3365,"John","Martinez",1974,12374
3366,"John","Williams",1987,17014
3367,"David","Smith",1984,11609
3368,"David","Johnson",1986,11690
3369,"Emma","Williams",1988,16120
3370,"Sarah","Davis",1978,14482
3371,"Emma","Garcia",1989,19909
3372,"William","Miller",1972,14167
3373,"William","Miller",1981,13739
3374,"Sarah","Miller",1980,19620
3375,"David","Garcia",1999,14387
3376,"James","Miller",1986,14356
3377,"Emily","Martinez",1987,15991
3378,"David","Smith",1992,12049
3379,"John","Miller",1992,18467
3380,"Olivia","Martinez",1997,10663
3381,"Emma","Martinez",1972,12056
3382,"Michael","Johnson",1990,18491
3383,"David","Martinez",1994,11514
3384,"David","Brown",1975,10304
3385,"Emily","Brown",1982,10113
3386,"David","Miller",1989,18945
3387,"Jane","Johnson",1988,17213
3388,"James","Williams",1971,16432
3389,"David","Rodriguez",1980,11811
3390,"John","Williams",1999,15060
3391,"John","Johnson",1979,11854
3392,"Emma","Miller",1973,15777
3393,"David","Smith",1996,13541
3394,"John","Brown",1997,10714
3395,"Michael","Brown",1973,13060
3396,"Jane","Brown",1999,16554
3397,"Emma","Jones",1995,16056
3398,"Michael","Smith",1975,11973
3399,"Sarah","Williams",1974,14870
3400,"David","Martinez",1973,10243
3401,"Emily","Smith",1995,16419
3402,"Emma","Johnson",1994,14314
3403,"Emily","Rodriguez",1992,17288
3404,"Olivia","Martinez",1974,16532
3405,"James","Martinez",1977,12633
3406,"David","Martinez",1998,10065
3407,"Michael","Brown",1972,15699
3408,"David","Williams",1989,15687
3409,"William","Garcia",1970,15752
3410,"James","Rodriguez",1994,16553
3411,"Emma","Miller",1977,19711
3412,"Sarah","Jones",1980,17101
3413,"James","Williams",1994,18268
3414,"Michael","Garcia",1983,16612
3415,"Michael","Martinez",1999,14596
3416,"Emma","Miller",1978,10903
3417,"Jane","Jones",1979,19092
3418,"Jane","Jones",1975,19254
3419,"Olivia","Brown",1994,19805
3420,"Michael","Smith",1993,10544
3421,"James","Brown",1987,13007
3422,"Sarah","Williams",1973,14024
3423,"Jane","Jones",1985,11982
3424,"Michael","Brown",1996,13840
3425,"Jane","Garcia",1993,18514
3426,"Jane","Martinez",1970,14259
3427,"Sarah","Martinez",1971,19396
3428,"John","Smith",1979,13442
3429,"Emma","Jones",1972,15294
3430,"David","Davis",1993,14319
3431,"James","Davis",1986,15261
3432,"Michael","Miller",1996,10843
3433,"Michael","Jones",1994,17017
3434,"Jane","Brown",1972,14733
3435,"John","Garcia",1993,18148
3436,"Emma","Williams",1987,18420
3437,"Emma","Davis",1994,13493
3438,"William","Garcia",1999,17571
3439,"Emma","Williams",1997,17790
3440,"Olivia","Rodriguez",1983,17341
3441,"John","Rodriguez",1992,13206
3442,"James","Garcia",1993,18509
3443,"William","Rodriguez",1986,15428
3444,"Sarah","Rodriguez",1979,10414
3445,"Jane","Rodriguez",1998,13479
3446,"Sarah","Rodriguez",1995,15942
3447,"Jane","Johnson",1998,11378
3448,"Emily","Martinez",1977,10152
3449,"Jane","Jones",1992,10299
3450,"Sarah","Brown",1988,17753
3451,"Sarah","Smith",1970,15854
3452,"Michael","Garcia",1973,13176
3453,"Jane","Miller",1996,13548
3454,"Emma","Davis",1986,17025
3455,"Emily","Davis",1994,11301
3456,"James","Jones",1989,16207
3457,"Sarah","Brown",1988,18312
3458,"Jane","Garcia",2000,16348
3459,"John","Garcia",1991,12032
3460,"James","Miller",1995,17203
3461,"Emma","Miller",1992,12393
3462,"Sarah","Miller",1988,13392
3463,"Emma","Miller",1971,15749
3464,"Emily","Johnson",1986,18806
3465,"David","Garcia",1978,17606
3466,"Jane","Johnson",1991,18398
3467,"Olivia","Brown",1993,12767
3468,"David","Garcia",1991,17426
3469,"David","Johnson",1988,18123
3470,"James","Rodriguez",1991,12887
3471,"William","Brown",1992,11612
3472,"Jane","Rodriguez",1999,14511
3473,"Olivia","Smith",1970,14055
3474,"James","Brown",1988,10773
3475,"Olivia","Miller",1977,11314
3476,"Olivia","Jones",1999,11975
3477,"James","Brown",1989,13894
3478,"Olivia","Brown",1984,10519
3479,"Olivia","Davis",1985,11916
3480,"William","Williams",1973,13883
3481,"John","Brown",1994,12484
3482,"John","Brown",1994,18373
3483,"James","Martinez",2000,14671
3484,"William","Jones",1993,11758
3485,"Sarah","Smith",1982,11236
3486,"Michael","Rodriguez",1974,14305
3487,"Emily","Smith",1971,14598
3488,"William","Johnson",1989,14305
3489,"Emily","Smith",1970,10165
3490,"Emily","Garcia",1984,12681
3491,"William","Davis",1978,10254
3492,"John","Miller",1982,14064
3493,"William","Smith",1989,11514
3494,"Jane","Garcia",1994,17884
3495,"Emma","Williams",1986,15996
3496,"David","Martinez",1980,12455
3497,"John","Williams",1999,10669
3498,"Michael","Miller",1981,17110
3499,"William","Williams",1995,18245
3500,"John","Garcia",1998,18673
3501,"William","Jones",1985,17115
3502,"Emma","Williams",1986,15178
3503,"Jane","Brown",1979,15128
3504,"Sarah","Smith",1983,18642
3505,"Olivia","Davis",1988,15229
3506,"James","Jones",1997,12247
3507,"William","Garcia",1982,18562
3508,"John","Williams",1998,16571
3509,"William","Johnson",1999,13819
3510,"William","Williams",1988,15002
3511,"John","Garcia",1979,18926
3512,"Jane","Johnson",1974,12539
3513,"Michael","Smith",1975,19693
3514,"Emma","Williams",1987,16141
3515,"John","Jones",1995,19315
3516,"Michael","Martinez",1974,19954
3517,"James","Rodriguez",1994,15514
3518,"Emily","Williams",1999,17689
3519,"Emily","Jones",1993,12361
3520,"Emma","Martinez",1980,10447
3521,"Michael","Jones",1974,17905
3522,"Emily","Martinez",1992,11239
3523,"David","Johnson",1990,19524
3524,"Jane","Smith",1995,15475
3525,"Olivia","Smith",1986,17954
3526,"Emily","Brown",1991,12396
3527,"William","Johnson",1971,16568
3528,"Sarah","Rodriguez",1998,10947
3529,"Emily","Garcia",1984,11647
3530,"James","Miller",1990,13434
3531,"William","Jones",1975,15996
3532,"Emma","Smith",1997,10161
3533,"Michael","Miller",1976,11701
3534,"Emma","Miller",1973,16639
3535,"William","Miller",1992,10221
3536,"William","Davis",2000,19065
3537,"Jane","Jones",1990,15754
3538,"John","Brown",1985,13719
3539,"William","Johnson",1997,13994
3540,"David","Johnson",1979,12953
3541,"John","Jones",1985,14168
3542,"Jane","Williams",1995,19490
3543,"David","Williams",1977,16029
3544,"Sarah","Rodriguez",1996,18617
3545,"Sarah","Davis",1984,18217
3546,"John","Williams",1979,11596
3547,"Emma","Williams",1973,12937
3548,"Emma","Garcia",1991,14595
3549,"Emily","Jones",1989,17182
3550,"James","Martinez",1997,19091
3551,"James","Johnson",1993,16935
3552,"Emily","Williams",1998,10935
3553,"John","Williams",1979,14510
3554,"Michael","Rodriguez",1974,14310
3555,"Michael","Garcia",1985,17676
3556,"Sarah","Brown",1991,16136
3557,"Sarah","Davis",1992,13740
3558,"David","Jones",1971,14175
3559,"William","Rodriguez",1972,10585
3560,"Olivia","Smith",1986,16177
3561,"James","Brown",1973,11500
3562,"William","Rodriguez",1995,15823
3563,"Sarah","Smith",1986,15985
3564,"Olivia","Johnson",1974,10941
3565,"Olivia","Smith",1970,17254
3566,"Olivia","Jones",2000,16962
3567,"Michael","Rodriguez",1973,15665
3568,"Michael","Miller",1986,19901
3569,"William","Rodriguez",1987,16053
3570,"Emma","Brown",1978,14729
3571,"Emily","Brown",1994,10955
3572,"William","Smith",1981,17633
3573,"David","Johnson",1981,14665
3574,"John","Miller",1993,17422
3575,"John","Smith",1993,11995
3576,"Emily","Brown",1995,10401
3577,"John","Martinez",1998,14005
3578,"Jane","Brown",1991,16688
3579,"Emily","Smith",1974,18887
3580,"James","Smith",1984,17156
3581,"Jane","Williams",1985,11488
3582,"Olivia","Rodriguez",1981,10177
3583,"Michael","Williams",1974,18640
3584,"David","Jones",1995,15980
3585,"Sarah","Garcia",1986,17515
3586,"Olivia","Rodriguez",1988,10025
3587,"John","Williams",1999,14435
3588,"Sarah","Martinez",1975,10107
3589,"James","Miller",1984,17174
3590,"David","Miller",1977,12371
3591,"John","Williams",1984,18432
3592,"Sarah","Garcia",1983,18345
3593,"Emma","Martinez",1991,11539
3594,"Jane","Johnson",1986,11361
3595,"James","Miller",1999,11960
3596,"Emily","Smith",1991,17501
3597,"Emily","Garcia",1997,17673
3598,"James","Rodriguez",1992,15433
3599,"Olivia","Rodriguez",1998,17699
3600,"David","Williams",1992,18515
3601,"Olivia","Williams",1973,13145
3602,"Emily","Smith",1984,11462
3603,"Emily","Garcia",2000,12075
3604,"Jane","Rodriguez",1971,13459
3605,"Michael","Garcia",1998,15671
3606,"Emily","Williams",1976,16839
3607,"David","Williams",1989,12564
3608,"Emma","Smith",1979,16791
3609,"Michael","Jones",1986,13802
3610,"John","Martinez",1976,18215
3611,"Jane","Martinez",1999,12080
3612,"Michael","Brown",1972,19325
3613,"William","Miller",1974,10702
3614,"Michael","Davis",1989,14580
3615,"Michael","Jones",1986,19861
3616,"William","Martinez",1995,17150
3617,"Olivia","Jones",1970,11364
3618,"Emily","Martinez",1983,16635
3619,"Emma","Williams",1988,17870
3620,"John","Garcia",1973,19358
3621,"Jane","Smith",1999,13333
3622,"Emily","Johnson",1978,18845
3623,"Olivia","Jones",1979,15126
3624,"Jane","Brown",1992,12856
3625,"Michael","Miller",1996,13594
3626,"Sarah","Johnson",1987,17163
3627,"Sarah","Brown",2000,17773
3628,"Jane","Williams",1992,15336
3629,"James","Rodriguez",1997,17876
3630,"David","Garcia",1994,10127
3631,"Jane","Rodriguez",1980,12980
3632,"David","Miller",1975,10474
3633,"Jane","Johnson",1985,13403
3634,"Michael","Williams",1971,15529
3635,"David","Davis",1995,14624
3636,"Emily","Jones",1972,14452
3637,"John","Johnson",1990,16822
3638,"Sarah","Johnson",1992,19348
3639,"Michael","Smith",1995,19169
3640,"John","Rodriguez",1973,11575
3641,"John","Miller",1987,12254
3642,"Sarah","Smith",1992,18574
3643,"Michael","Davis",1991,17342
3644,"Olivia","Garcia",1979,15936
3645,"James","Smith",1973,18462
3646,"Jane","Williams",1994,16762
3647,"William","Martinez",2000,10263
3648,"Jane","Williams",1981,19994
3649,"Olivia","Davis",1981,13582
3650,"Olivia","Johnson",1976,14400
3651,"Emma","Williams",1991,18864
3652,"Jane","Rodriguez",2000,15094
3653,"David","Martinez",1987,16852
3654,"David","Johnson",1974,10334
3655,"James","Rodriguez",1991,18221
3656,"Michael","Brown",2000,14897
3657,"Olivia","Johnson",1993,19100
3658,"David","Williams",1990,17062
3659,"John","Jones",1991,17631
3660,"David","Martinez",1990,14975
3661,"Olivia","Rodriguez",1976,10325
3662,"David","Jones",1970,11012
3663,"David","Garcia",1972,19127
3664,"Emma","Jones",1987,11833
3665,"Jane","Rodriguez",1975,14032
3666,"Olivia","Johnson",1988,17827
3667,"Sarah","Garcia",1992,19619
3668,"Emma","Davis",1999,13076
3669,"William","Garcia",1988,19439
3670,"James","Smith",1974,10782
3671,"David","Miller",1993,10111
3672,"Emma","Miller",1987,12327
3673,"Olivia","Jones",1987,13080
3674,"John","Martinez",2000,16460
3675,"Jane","Garcia",2000,12429
3676,"Olivia","Jones",1999,14533
3677,"John","Johnson",1978,14620
3678,"Michael","Martinez",1973,18976
3679,"Michael","Martinez",1986,13229
3680,"Michael","Williams",1982,19350
3681,"Olivia","Miller",1978,10412
3682,"Sarah","Davis",1971,12888
3683,"Jane","Jones",1980,12676
3684,"Olivia","Johnson",1977,18494
3685,"Emma","Garcia",1994,18258
3686,"James","Williams",1986,13870
3687,"Jane","Williams",1993,13381
3688,"Michael","Miller",1993,10954
3689,"William","Jones",1989,14942
3690,"Emma","Rodriguez",1971,17883
3691,"David","Brown",1994,16713
3692,"David","Garcia",1990,13642
3693,"James","Johnson",1999,13626
3694,"Emma","Garcia",1988,16163
3695,"Emily","Davis",1992,15303
3696,"Sarah","Johnson",1993,15379
3697,"William","Davis",1985,17396
3698,"Emma","Johnson",1992,10581
3699,"Olivia","Johnson",1985,19881
3700,"Michael","Miller",1998,11473
3701,"Sarah","Martinez",1983,13092
3702,"James","Garcia",1987,10648
3703,"Michael","Martinez",1975,13758
3704,"Jane","Davis",1993,12997
3705,"Sarah","Garcia",1981,15058
3706,"John","Martinez",1980,19166
3707,"Jane","Jones",1987,12209
3708,"John","Williams",1994,15132
3709,"Michael","Williams",1976,19074
3710,"William","Martinez",1991,17418
3711,"Jane","Jones",1988,15282
3712,"Jane","Martinez",1981,17715
3713,"Jane","Martinez",1994,15694
3714,"Emma","Miller",1984,17352
3715,"James","Davis",1984,18365
3716,"James","Brown",1995,11274
3717,"David","Rodriguez",1973,18592
3718,"Sarah","Brown",1986,13012
3719,"Emily","Martinez",1986,14692
3720,"Michael","Rodriguez",1975,10385
3721,"Olivia","Williams",1976,12458
3722,"Michael","Garcia",2000,13114
3723,"Emma","Smith",2000,17743
3724,"Michael","Davis",1997,11028
3725,"William","Williams",2000,12278
3726,"James","Jones",1998,13053
3727,"Michael","Williams",1971,13760
3728,"Emily","Smith",1996,19351
3729,"Michael","Davis",1979,12221
3730,"William","Smith",1985,19935
3731,"William","Williams",1975,19199
3732,"William","Davis",1976,19156
3733,"William","Williams",1982,12298
3734,"Sarah","Johnson",1987,15654
3735,"Emma","Miller",1973,12627
3736,"David","Johnson",1986,13579
3737,"Emily","Johnson",1987,16054
3738,"Emily","Jones",1992,19397
3739,"James","Garcia",1980,11886
3740,"Jane","Rodriguez",1980,14206
3741,"Jane","Brown",1984,11955
3742,"William","Martinez",1997,15401
3743,"Michael","Garcia",1982,15330
3744,"John","Smith",1979,12240
3745,"James","Davis",1987,18727
3746,"Emily","Brown",1985,19892
3747,"James","Rodriguez",1973,13445
3748,"John","Miller",1994,13628
3749,"Jane","Brown",1994,17728
3750,"John","Miller",1981,12168
3751,"James","Miller",1970,14622
3752,"Michael","Williams",1997,19080
3753,"Michael","Davis",1990,15811
3754,"William","Brown",1995,17784
3755,"Emma","Rodriguez",1996,10198
3756,"Emily","Smith",1992,16285
3757,"Jane","Garcia",1979,18059
3758,"Sarah","Garcia",1977,18969
3759,"John","Smith",1985,18192
3760,"Sarah","Brown",1990,12528
3761,"Michael","Martinez",2000,14529
3762,"Michael","Johnson",1999,14162
3763,"James","Miller",1977,10123
3764,"David","Johnson",1981,14256
3765,"Emily","Rodriguez",1994,14146
3766,"Michael","Smith",1987,12253
3767,"David","Williams",1986,11206
3768,"Michael","Johnson",1994,17512
3769,"William","Martinez",1995,16141
3770,"Michael","Garcia",1994,13835
3771,"Michael","Jones",1992,13216
3772,"John","Jones",1987,13477
3773,"Emily","Davis",1997,13995
3774,"Sarah","Smith",1986,10088
3775,"David","Johnson",1974,11236
3776,"Olivia","Martinez",1995,15810
3777,"William","Martinez",1974,11786
3778,"Jane","Rodriguez",1971,14361
3779,"Emma","Williams",1989,18960
3780,"Olivia","Williams",1970,14885
3781,"John","Miller",1973,10850
3782,"Olivia","Jones",1997,15485
3783,"David","Rodriguez",1998,18768
3784,"James","Johnson",1997,16594
3785,"Jane","Johnson",1995,10348
3786,"James","Miller",2000,13864
3787,"Emma","Martinez",1994,11475
3788,"Olivia","Williams",1995,19753
3789,"Olivia","Garcia",1999,19074
3790,"Emily","Jones",1982,10870
3791,"Sarah","Davis",1978,19082
3792,"William","Garcia",1987,17933
3793,"Emma","Miller",1976,19304
3794,"James","Jones",1997,10799
3795,"James","Brown",1992,18861
3796,"William","Brown",1990,16096
3797,"Jane","Davis",1981,19671
3798,"Sarah","Miller",1995,19701
3799,"John","Rodriguez",1981,11590
3800,"David","Martinez",1995,14936
3801,"Emma","Smith",1990,14252
3802,"Emma","Davis",1996,14598
3803,"Emily","Martinez",1992,19303
3804,"John","Smith",1980,17123
3805,"James","Davis",1978,15237
3806,"John","Williams",1987,17262
3807,"Jane","Williams",1978,10232
3808,"Jane","Johnson",1998,16988
3809,"Emily","Garcia",1980,12465
3810,"Olivia","Garcia",1987,16658
3811,"John","Davis",1995,16768
3812,"David","Miller",1997,15463
3813,"Emma","Brown",1978,16426
3814,"Emma","Garcia",1990,19244
3815,"Jane","Martinez",1999,14276
3816,"William","Johnson",1982,14429
3817,"William","Smith",1973,10609
3818,"John","Garcia",1986,16112
3819,"John","Davis",1981,16216
3820,"Emily","Davis",1998,14228
3821,"John","Miller",1975,17251
3822,"David","Martinez",1988,18876
3823,"Jane","Garcia",1975,10062
3824,"Michael","Jones",1998,13693
3825,"Emily","Martinez",1988,13317
3826,"John","Johnson",1992,13804
3827,"John","Smith",1976,12494
3828,"Emily","Williams",1983,16638
3829,"Sarah","Smith",1984,18674
3830,"Emily","Williams",1986,17405
3831,"Sarah","Rodriguez",1989,16429
3832,"James","Johnson",1999,15137
3833,"Emily","Davis",1981,12923
3834,"Emily","Garcia",1986,10373
3835,"Sarah","Smith",1978,18882
3836,"Olivia","Smith",1977,13413
3837,"Jane","Martinez",1987,17526
3838,"Emma","Smith",1970,10790
3839,"John","Brown",1992,12259
3840,"Olivia","Rodriguez",1998,10243
3841,"Emma","Garcia",2000,10034
3842,"David","Davis",1987,15663
3843,"Emily","Williams",1971,16355
3844,"Emma","Johnson",1987,15729
3845,"Olivia","Martinez",1973,19337
3846,"Jane","Garcia",1990,16453
3847,"Sarah","Davis",1996,18623
3848,"Jane","Brown",1996,12454
3849,"Olivia","Brown",1977,13549
3850,"John","Johnson",1984,13721
3851,"Emma","Smith",1999,15443
3852,"Emily","Smith",1998,10915
3853,"Michael","Jones",1986,10028
3854,"William","Smith",1983,19670
3855,"Jane","Jones",1992,12250
3856,"John","Martinez",1971,12243
3857,"Emma","Martinez",1982,16464
3858,"John","Williams",1984,12554
3859,"David","Jones",2000,17955
3860,"William","Brown",1994,16090
3861,"Jane","Garcia",1979,19851
3862,"Sarah","Jones",1998,11391
3863,"Emma","Garcia",1988,18815
3864,"Olivia","Martinez",1988,19653
3865,"Michael","Garcia",1988,19857
3866,"David","Jones",1988,19388
3867,"James","Brown",1998,11202
3868,"Emma","Williams",1990,14517
3869,"David","Garcia",1981,15437
3870,"Sarah","Smith",1992,14358
3871,"William","Williams",1983,18913
3872,"John","Johnson",1970,17395
3873,"John","Davis",1983,12282
3874,"Olivia","Miller",1976,14700
3875,"James","Jones",1997,10107
3876,"Emma","Rodriguez",1975,13063
3877,"Olivia","Johnson",1985,14651
3878,"Michael","Davis",1996,11495
3879,"Jane","Brown",1974,13067
3880,"Michael","Martinez",1984,12663
3881,"William","Davis",1983,19544
3882,"Sarah","Miller",1999,13629
3883,"Jane","Brown",1970,15372
3884,"William","Jones",1972,12608
3885,"John","Miller",1985,16748
3886,"Olivia","Brown",1975,18379
3887,"Emma","Smith",1978,19142
3888,"Sarah","Garcia",1985,18942
3889,"Olivia","Davis",2000,11854
3890,"Sarah","Davis",1974,13641
3891,"Jane","Brown",2000,18872
3892,"Olivia","Davis",1977,13450
3893,"Michael","Johnson",1988,19696
3894,"Jane","Davis",1971,15339
3895,"Michael","Davis",1991,15900
3896,"William","Rodriguez",1973,18308
3897,"Sarah","Davis",1997,11323
3898,"David","Miller",1992,10569
3899,"John","Williams",1970,13175
3900,"James","Brown",1987,15137
3901,"Emily","Jones",1985,11785
3902,"David","Johnson",1986,14176
3903,"Jane","Brown",1992,19548
3904,"Jane","Brown",1988,19115
3905,"Jane","Brown",1971,17318
3906,"John","Johnson",1972,11461
3907,"William","Garcia",1971,11418
3908,"James","Smith",1971,15795
3909,"William","Garcia",1971,16105
3910,"John","Brown",1993,13621
3911,"William","Garcia",1994,14651
3912,"James","Garcia",1972,13808
3913,"Michael","Martinez",1978,13695
3914,"John","Davis",1971,11517
3915,"John","Martinez",1995,11546
3916,"Jane","Johnson",1986,16180
3917,"Jane","Brown",1984,12089
3918,"Michael","Johnson",1978,12783
3919,"Sarah","Rodriguez",1998,16726
3920,"David","Garcia",2000,18067
3921,"William","Rodriguez",1994,17581
3922,"William","Rodriguez",1994,13398
3923,"David","Williams",1972,15098
3924,"Jane","Rodriguez",1991,19081
3925,"David","Brown",1985,14623
3926,"Emma","Jones",1997,16803
3927,"David","Garcia",1976,10261
3928,"James","Johnson",1987,11801
3929,"Olivia","Garcia",1978,17223
3930,"Emily","Garcia",1994,14401
3931,"James","Garcia",1994,16275
3932,"Olivia","Davis",1990,16581
3933,"James","Rodriguez",1998,12494
3934,"Jane","Williams",1991,15320
3935,"Sarah","Jones",1984,11384
3936,"Michael","Williams",1980,16638
3937,"Sarah","Smith",1989,19159
3938,"John","Johnson",1973,12985
3939,"William","Jones",1979,18338
3940,"Michael","Martinez",1978,12966
3941,"John","Davis",1974,11914
3942,"Jane","Smith",1983,14076
3943,"John","Brown",1983,16366
3944,"Emily","Davis",1974,12417
3945,"Olivia","Brown",1977,16688
3946,"Jane","Williams",1970,17377
3947,"Emma","Davis",1979,16705
3948,"Emily","Rodriguez",2000,14685
3949,"David","Miller",1998,17081
3950,"Sarah","Brown",1976,19350
3951,"David","Garcia",1977,15536
3952,"Emily","Brown",1984,16573
3953,"David","Williams",1986,11365
3954,"William","Davis",1976,17712
3955,"William","Williams",1989,16051
3956,"Olivia","Davis",1994,18772
3957,"Olivia","Davis",1976,17617
3958,"Olivia","Johnson",1981,10041
3959,"Jane","Garcia",1993,17067
3960,"Jane","Rodriguez",1985,14026
3961,"Olivia","Brown",1977,10424
3962,"Jane","Garcia",1974,19753
3963,"David","Miller",1991,11243
3964,"John","Brown",1986,18640
3965,"Sarah","Williams",1979,10309
3966,"Sarah","Smith",1983,17393
3967,"Olivia","Davis",1983,16547
3968,"Emma","Smith",1980,18559
3969,"William","Martinez",1983,11174
3970,"Jane","Johnson",1976,13669
3971,"David","Davis",1990,11491
3972,"John","Davis",1980,18142
3973,"John","Davis",1977,16113
3974,"Jane","Garcia",1988,13249
3975,"Michael","Brown",1984,11507
3976,"Sarah","Davis",1995,15454
3977,"Jane","Davis",1997,18553
3978,"Olivia","Williams",1987,19643
3979,"Olivia","Garcia",1989,12739
3980,"James","Davis",1980,16558
3981,"John","Garcia",1997,19108
3982,"William","Rodriguez",1971,17929
3983,"John","Miller",1994,15726
3984,"John","Johnson",1985,11680
3985,"Emma","Davis",1980,11842
3986,"William","Rodriguez",1988,15011
3987,"Emma","Garcia",1989,19782
3988,"Emily","Garcia",1987,13975
3989,"Michael","Johnson",1975,16328
3990,"Michael","Miller",1985,15532
3991,"William","Garcia",1990,14048
3992,"Emma","Garcia",1974,18901
3993,"Olivia","Rodriguez",1972,14774
3994,"William","Jones",1981,17077
3995,"William","Williams",1971,18705
3996,"James","Johnson",1977,12848
3997,"Emma","Miller",1995,13483
3998,"Jane","Martinez",1995,17454
3999,"David","Davis",1984,10556
4000,"Sarah","Miller",1992,15352
4001,"Olivia","Garcia",1992,16915
4002,"John","Johnson",1974,18463
4003,"Sarah","Miller",1989,14866
4004,"Olivia","Rodriguez",1997,16843
4005,"Emily","Garcia",1979,17016
4006,"David","Smith",1985,14313
4007,"Emily","Martinez",1986,19978
4008,"Emily","Miller",1981,13114
4009,"Emma","Williams",1981,16388
4010,"Olivia","Brown",1998,16889
4011,"John","Smith",1997,12312
4012,"David","Rodriguez",1991,14576
4013,"John","Jones",1993,12551
4014,"James","Rodriguez",1977,10087
4015,"Jane","Rodriguez",1985,18646
4016,"Sarah","Davis",1996,18587
4017,"Emily","Smith",1999,16136
4018,"David","Smith",1973,17490
4019,"John","Smith",1973,11466
4020,"Jane","Johnson",1983,10869
4021,"Emma","Brown",1995,11914
4022,"Michael","Davis",1981,19363
4023,"James","Rodriguez",1978,15865
4024,"Emily","Miller",1980,17668
4025,"William","Smith",1970,11472
4026,"Jane","Garcia",1974,11645
4027,"Olivia","Johnson",1993,11048
4028,"Sarah","Jones",1979,11997
4029,"John","Martinez",1991,17129
4030,"David","Miller",1978,19863
4031,"Emma","Martinez",1972,16299
4032,"Sarah","Rodriguez",1974,16008
4033,"John","Brown",1970,10778
4034,"John","Martinez",1971,10932
4035,"David","Johnson",1979,10922
4036,"Emily","Miller",2000,16997
4037,"Emma","Johnson",1974,16604
4038,"David","Garcia",1999,17160
4039,"Emily","Miller",1980,13450
4040,"Michael","Brown",1975,10655
4041,"John","Williams",1980,10883
4042,"Michael","Davis",1970,16167
4043,"James","Williams",1981,19607
4044,"William","Johnson",1980,15332
4045,"Jane","Martinez",1971,15521
4046,"Sarah","Davis",1990,14817
4047,"Jane","Garcia",1989,17309
4048,"John","Johnson",1987,19073
4049,"James","Williams",1982,14452
4050,"William","Garcia",1983,10545
4051,"James","Garcia",1990,16577
4052,"William","Garcia",1974,16132
4053,"Sarah","Rodriguez",1975,19405
4054,"Emily","Martinez",1973,17691
4055,"Michael","Smith",1981,19127
4056,"Emma","Johnson",1996,15499
4057,"Emma","Johnson",1973,11213
4058,"John","Rodriguez",1984,10815
4059,"John","Rodriguez",1983,18512
4060,"James","Rodriguez",1970,16646
4061,"John","Williams",1994,16138
4062,"Olivia","Brown",2000,18000
4063,"Emma","Miller",1977,13217
4064,"Sarah","Garcia",1980,11130
4065,"James","Miller",1973,11363
4066,"William","Brown",1982,18770
4067,"Emma","Davis",1993,19816
4068,"Jane","Brown",1975,18622
4069,"James","Jones",1994,18101
4070,"Sarah","Miller",1983,16099
4071,"Emma","Garcia",1970,14631
4072,"William","Williams",1986,17920
4073,"James","Miller",1987,13212
4074,"Emma","Smith",1993,10350
4075,"Emily","Martinez",1991,15917
4076,"Jane","Miller",1988,17107
4077,"David","Jones",1989,15409
4078,"James","Williams",1973,13101
4079,"William","Brown",1984,17074
4080,"Jane","Miller",1996,14936
4081,"James","Davis",1977,15070
4082,"John","Johnson",1976,13993
4083,"Jane","Johnson",1972,17275
4084,"Michael","Martinez",1978,15934
4085,"Olivia","Smith",1993,12894
4086,"William","Smith",1989,12214
4087,"Jane","Davis",1986,10445
4088,"Emily","Jones",1988,12663
4089,"Olivia","Rodriguez",2000,16030
4090,"James","Brown",1989,16003
4091,"Michael","Garcia",1975,16294
4092,"Emma","Williams",1975,19976
4093,"William","Jones",1979,19217
4094,"James","Brown",1991,13881
4095,"Sarah","Garcia",1970,19723
4096,"Jane","Smith",1998,18369
4097,"William","Davis",1983,14846
4098,"Sarah","Williams",1973,14969
4099,"Michael","Miller",1975,10433
4100,"Jane","Jones",1975,16535
4101,"Sarah","Smith",1985,15761
4102,"John","Brown",1999,14336
4103,"David","Johnson",1984,19443
4104,"William","Brown",1977,19527
4105,"James","Williams",1980,13153
4106,"Emily","Miller",1977,16415
4107,"Olivia","Garcia",1975,10770
4108,"John","Smith",1975,19937
4109,"Emma","Brown",1997,13233
4110,"Sarah","Johnson",1993,11460
4111,"James","Johnson",1984,17475
4112,"John","Davis",1990,17170
4113,"Emma","Brown",1984,11311
4114,"Michael","Smith",1980,12280
4115,"Olivia","Martinez",1998,11813
4116,"David","Jones",1994,10318
4117,"Olivia","Miller",1977,18715
4118,"John","Brown",1978,15759
4119,"John","Brown",1977,10516
4120,"David","Martinez",1980,16325
4121,"Olivia","Jones",1980,14547
4122,"Olivia","Brown",1987,16001
4123,"William","Martinez",1983,14193
4124,"James","Johnson",1996,17017
4125,"Emily","Davis",1994,12656
4126,"Michael","Rodriguez",1984,15553
4127,"Emily","Brown",1985,10844
4128,"John","Miller",1985,12949
4129,"William","Jones",1998,19682
4130,"Emma","Rodriguez",1989,17513
4131,"James","Davis",1979,13055
4132,"William","Martinez",1983,11053
4133,"Michael","Garcia",1971,13980
4134,"William","Martinez",1982,17834
4135,"David","Miller",1985,12747
4136,"David","Davis",1972,14191
4137,"Emily","Miller",1979,18007
4138,"Emily","Davis",1984,16336
4139,"Sarah","Williams",1990,17679
4140,"Olivia","Miller",1973,10805
4141,"Jane","Jones",1984,17158
4142,"Emma","Jones",1993,13114
4143,"Olivia","Johnson",1989,16950
4144,"Sarah","Rodriguez",1980,19534
4145,"David","Jones",2000,12916
4146,"Sarah","Smith",1998,18582
4147,"David","Johnson",1985,17154
4148,"Emma","Jones",1993,12314
4149,"John","Miller",1990,11052
4150,"Olivia","Rodriguez",1994,14337
4151,"Emma","Jones",1980,15036
4152,"Emma","Johnson",1985,16375
4153,"William","Johnson",1994,19207
4154,"John","Martinez",1994,16306
4155,"William","Jones",1970,17641
4156,"Olivia","Martinez",1984,19644
4157,"Emma","Jones",1985,19204
4158,"William","Garcia",1994,18157
4159,"Michael","Smith",1970,14048
4160,"Emily","Smith",1999,16324
4161,"Michael","Brown",1992,14973
4162,"John","Brown",1973,16255
4163,"Sarah","Miller",1989,18028
4164,"John","Johnson",1992,16143
4165,"Emma","Johnson",1988,13985
4166,"Michael","Martinez",1988,14451
4167,"Michael","Smith",1971,19640
4168,"John","Rodriguez",1998,17525
4169,"John","Brown",1986,17308
4170,"Jane","Miller",1998,17064
4171,"James","Williams",1980,14758
4172,"James","Martinez",1992,10093
4173,"John","Davis",1973,12435
4174,"James","Martinez",1992,17214
4175,"James","Smith",1985,11659
4176,"Emma","Martinez",1983,18611
4177,"Emma","Johnson",1990,19558
4178,"Michael","Martinez",1986,13811
4179,"Jane","Davis",1988,14446
4180,"Jane","Rodriguez",1999,19246
4181,"Jane","Johnson",1993,17961
4182,"Sarah","Smith",1977,12796
4183,"James","Miller",1973,12620
4184,"John","Martinez",1987,14724
4185,"Emma","Brown",1972,11540
4186,"Olivia","Davis",1999,12716
4187,"Jane","Garcia",1975,14155
4188,"Michael","Martinez",1975,18461
4189,"John","Jones",1979,10125
4190,"William","Martinez",1986,18785
4191,"David","Brown",1974,19825
4192,"Olivia","Jones",1997,10540
4193,"David","Johnson",1975,14056
4194,"William","Davis",1987,16611
4195,"James","Martinez",1978,19550
4196,"David","Garcia",1984,16404
4197,"Jane","Smith",1978,18743
4198,"James","Rodriguez",1990,10113
4199,"Emma","Brown",1993,15030
4200,"Olivia","Miller",1998,14205
4201,"Olivia","Williams",1995,14306
4202,"John","Martinez",1986,10068
4203,"Olivia","Martinez",1991,11766
4204,"Emily","Martinez",1976,19477
4205,"William","Brown",1970,13981
4206,"Sarah","Brown",1998,12291
4207,"Emily","Jones",1994,12266
4208,"Emily","Jones",1983,16255
4209,"John","Martinez",1993,15424
4210,"Sarah","Williams",1989,18783
4211,"David","Brown",1998,18802
4212,"John","Williams",1999,12876
4213,"Emma","Smith",1989,19390
4214,"Emma","Jones",1991,15485
4215,"David","Williams",1975,18618
4216,"John","Garcia",1970,19824
4217,"Emily","Miller",1991,16637
4218,"William","Jones",1980,13547
4219,"Emily","Davis",1982,12634
4220,"Emma","Johnson",1972,16912
4221,"Olivia","Miller",1997,11971
4222,"Olivia","Brown",1989,15857
4223,"Emma","Jones",2000,14217
4224,"Emily","Miller",1995,11525
4225,"Michael","Johnson",1971,17380
4226,"Jane","Garcia",1999,12694
4227,"William","Brown",1985,16597
4228,"James","Martinez",1987,18024
4229,"John","Smith",1989,15275
4230,"John","Smith",1996,10762
4231,"Michael","Rodriguez",1985,18678
4232,"James","Smith",2000,14193
4233,"James","Martinez",1996,12677
4234,"Emma","Miller",1973,11828
4235,"William","Smith",1992,15931
4236,"Emily","Davis",1972,16188
4237,"David","Brown",1977,10352
4238,"Emily","Williams",1997,14256
4239,"Olivia","Miller",1987,15061
4240,"Michael","Martinez",1996,18997
4241,"Sarah","Martinez",1978,17843
4242,"Emily","Davis",1992,14500
4243,"Olivia","Rodriguez",1990,13029
4244,"James","Jones",1981,18746
4245,"Sarah","Williams",1971,16700
4246,"Michael","Smith",1977,14817
4247,"Michael","Brown",1988,11102
4248,"James","Johnson",1997,17671
4249,"Emily","Rodriguez",1970,17974
4250,"David","Martinez",1989,17469
4251,"James","Brown",1979,15988
4252,"Emma","Smith",1998,12918
4253,"Emma","Jones",1979,12693
4254,"James","Davis",1989,13818
4255,"David","Davis",1972,11551
4256,"William","Johnson",1995,12945
4257,"David","Smith",1993,17766
4258,"Jane","Garcia",1996,14391
4259,"Olivia","Miller",1981,16555
4260,"Michael","Jones",1983,14914
4261,"Jane","Johnson",1986,16024
4262,"Olivia","Miller",1981,19501
4263,"James","Williams",1980,12868
4264,"William","Williams",1979,10100
4265,"William","Miller",2000,17510
4266,"Emma","Rodriguez",1989,15609
4267,"Olivia","Williams",1987,11547
4268,"Olivia","Johnson",1972,15999
4269,"Emily","Garcia",1974,17143
4270,"David","Garcia",1976,11685
4271,"William","Miller",1982,17213
4272,"John","Jones",1982,16894
4273,"David","Smith",1992,10044
4274,"Olivia","Miller",1996,15052
4275,"David","Garcia",1982,10097
4276,"James","Martinez",1993,14335
4277,"John","Miller",1977,11107
4278,"David","Brown",1989,18735
4279,"Michael","Williams",1991,15236
4280,"Michael","Miller",1982,19718
4281,"John","Rodriguez",1999,15764
4282,"Emma","Rodriguez",1973,19738
4283,"David","Brown",1988,12948
4284,"John","Johnson",1985,14424
4285,"William","Smith",1973,19344
4286,"Michael","Davis",1985,11850
4287,"James","Rodriguez",1977,13715
4288,"William","Miller",1976,14979
4289,"James","Martinez",1994,14275
4290,"Sarah","Martinez",1971,11040
4291,"Michael","Williams",1986,16070
4292,"David","Brown",1989,12779
4293,"James","Williams",1972,15695
4294,"David","Jones",1979,13515
4295,"John","Brown",1990,12184
4296,"David","Garcia",1981,10441
4297,"Sarah","Williams",1996,16850
4298,"James","Miller",1974,17480
4299,"Emma","Johnson",1978,19486
4300,"Olivia","Jones",1982,13171
4301,"John","Rodriguez",1971,17909
4302,"William","Martinez",1999,17025
4303,"David","Davis",1986,10246
4304,"Emily","Miller",2000,10363
4305,"Michael","Williams",1988,15513
4306,"Sarah","Williams",1982,13020
4307,"William","Miller",1990,14213
4308,"Sarah","Brown",1986,13922
4309,"Sarah","Johnson",1990,11211
4310,"David","Davis",1983,13385
4311,"Emily","Smith",1990,19350
4312,"Emma","Smith",1987,13805
4313,"Jane","Johnson",1973,13344
4314,"James","Johnson",1979,11625
4315,"William","Johnson",1976,13919
4316,"Jane","Williams",1981,14883
4317,"William","Williams",1990,17205
4318,"Olivia","Davis",1987,12389
4319,"Sarah","Garcia",1994,11094
4320,"Emma","Jones",1994,19708
4321,"Sarah","Jones",1971,15100
4322,"James","Johnson",1977,19351
4323,"James","Rodriguez",1995,12696
4324,"James","Jones",1979,17304
4325,"David","Davis",1994,14920
4326,"Sarah","Williams",1977,18253
4327,"William","Garcia",1995,12224
4328,"Emma","Davis",1978,13707
4329,"James","Miller",1986,15247
4330,"David","Davis",1990,17086
4331,"Jane","Davis",1986,17065
4332,"Emma","Miller",1994,19793
4333,"James","Martinez",1987,12554
4334,"Jane","Garcia",1998,16197
4335,"Emma","Rodriguez",1970,18398
4336,"Emma","Martinez",1989,12598
4337,"Olivia","Williams",1991,10539
4338,"David","Davis",1994,16991
4339,"Olivia","Johnson",1971,13810
4340,"John","Smith",1995,11975
4341,"William","Miller",1984,15158
4342,"Emily","Brown",1998,13073
4343,"William","Davis",1972,19626
4344,"David","Martinez",1983,15937
4345,"Sarah","Smith",1992,13248
4346,"William","Williams",1982,11790
4347,"John","Williams",1999,10024
4348,"Michael","Garcia",1988,15818
4349,"Emily","Martinez",1976,17647
4350,"Jane","Martinez",1980,15514
4351,"John","Johnson",1987,11431
4352,"Emma","Jones",1999,13207
4353,"Emily","Jones",1990,14091
4354,"William","Smith",1972,18604
4355,"David","Martinez",1976,16974
4356,"David","Davis",1986,16918
4357,"Olivia","Garcia",1980,17970
4358,"Emma","Garcia",1981,10042
4359,"Sarah","Johnson",1984,10054
4360,"James","Martinez",1970,12976
4361,"David","Smith",1980,18954
4362,"James","Johnson",1976,11268
4363,"Emily","Johnson",1985,16973
4364,"James","Rodriguez",1991,16108
4365,"William","Rodriguez",1994,10987
4366,"Emily","Garcia",1999,13423
4367,"Michael","Johnson",1987,19099
4368,"John","Jones",1975,16691
4369,"William","Martinez",1985,19420
4370,"Emily","Brown",1993,17719
4371,"Sarah","Garcia",1975,13617
4372,"David","Davis",1982,19268
4373,"James","Garcia",1990,16102
4374,"David","Brown",1976,11221
4375,"John","Garcia",1979,16560
4376,"Michael","Garcia",1977,12261
4377,"Emma","Garcia",1991,16871
4378,"William","Miller",1973,10625
4379,"Emily","Garcia",1987,18682
4380,"Sarah","Brown",1989,19148
4381,"Emily","Williams",1997,13079
4382,"William","Rodriguez",1973,13872
4383,"John","Davis",1993,18056
4384,"John","Jones",1994,18369
4385,"Emma","Johnson",2000,17310
4386,"Jane","Smith",1991,17834
4387,"Emily","Jones",2000,12244
4388,"Emily","Jones",1991,14243
4389,"Jane","Davis",1995,13031
4390,"Michael","Davis",1970,14618
4391,"John","Williams",1970,13245
4392,"John","Miller",1972,16321
4393,"John","Jones",1981,18501
4394,"Michael","Smith",1995,11521
4395,"Jane","Johnson",1979,10303
4396,"William","Miller",1976,13303
4397,"Michael","Miller",1992,16678
4398,"David","Rodriguez",1997,12570
4399,"Emma","Davis",1993,18002
4400,"Jane","Miller",1971,16522
4401,"Emily","Martinez",1970,18360
4402,"Jane","Jones",1987,10286
4403,"John","Garcia",1990,18370
4404,"Sarah","Johnson",1972,15804
4405,"William","Brown",1995,13632
4406,"William","Johnson",1991,19391
4407,"Emma","Martinez",1974,10116
4408,"Jane","Rodriguez",1972,16398
4409,"Emily","Johnson",1982,18021
4410,"Emily","Smith",1990,13356
4411,"Emily","Brown",1984,12167
4412,"Sarah","Smith",1976,18310
4413,"Sarah","Brown",1996,18719
4414,"Emma","Davis",1980,10777
4415,"Olivia","Brown",1988,10913
4416,"Michael","Miller",1986,10633
4417,"Sarah","Jones",1983,13195
4418,"Olivia","Williams",1981,13880
4419,"David","Davis",1996,13321
4420,"Jane","Miller",1994,10210
4421,"David","Johnson",1989,11590
4422,"Emma","Johnson",1988,10158
4423,"Sarah","Williams",1987,15254
4424,"Sarah","Martinez",1973,18092
4425,"Jane","Williams",1983,18942
4426,"David","Miller",1978,15856
4427,"Emma","Miller",1970,18894
4428,"Olivia","Miller",1986,19047
4429,"James","Rodriguez",2000,12359
4430,"David","Davis",1994,11691
4431,"John","Rodriguez",1979,13746
4432,"James","Jones",1975,15075
4433,"Jane","Rodriguez",1982,13811
4434,"Jane","Williams",1976,18834
4435,"Emily","Brown",1972,15998
4436,"Emma","Johnson",1978,14683
4437,"Emma","Rodriguez",1997,12825
4438,"Michael","Miller",1997,18450
4439,"Emily","Miller",1979,12754
4440,"John","Jones",1992,10200
4441,"Jane","Davis",1980,17876
4442,"Olivia","Williams",1976,10681
4443,"Jane","Brown",1971,17355
4444,"Emma","Brown",1994,12438
4445,"David","Martinez",1990,18937
4446,"David","Miller",1982,16153
4447,"John","Davis",1974,19861
4448,"Sarah","Brown",1970,13862
4449,"John","Rodriguez",1975,10352
4450,"Michael","Garcia",1990,17575
4451,"Michael","Davis",1997,12158
4452,"James","Rodriguez",1971,16331
4453,"David","Jones",1978,13045
4454,"James","Davis",1971,11880
4455,"Jane","Garcia",1985,13490
4456,"Emma","Martinez",1972,17812
4457,"Jane","Rodriguez",1972,18021
4458,"Jane","Johnson",1999,10592
4459,"Emma","Johnson",1991,10775
4460,"John","Williams",1975,15911
4461,"William","Rodriguez",1978,17979
4462,"John","Miller",1998,19769
4463,"David","Garcia",1970,17253
4464,"Jane","Martinez",1997,13827
4465,"John","Williams",1977,13997
4466,"Emily","Brown",1971,11658
4467,"John","Miller",1971,10858
4468,"Emily","Martinez",1970,17139
4469,"Jane","Davis",1994,17559
4470,"James","Garcia",1972,16764
4471,"Emma","Jones",1987,17874
4472,"Sarah","Miller",1990,16756
4473,"David","Garcia",1980,18652
4474,"Emma","Jones",1983,19078
4475,"Emma","Miller",2000,19453
4476,"James","Rodriguez",1980,15865
4477,"Emily","Smith",1972,10171
4478,"Olivia","Smith",1978,13271
4479,"Emma","Smith",1980,17369
4480,"David","Smith",1992,12534
4481,"James","Williams",2000,14076
4482,"Sarah","Smith",1984,13234
4483,"William","Smith",1996,11923
4484,"William","Johnson",1992,19761
4485,"Sarah","Rodriguez",1970,19946
4486,"Michael","Miller",1975,18731
4487,"William","Jones",1988,18121
4488,"William","Miller",1996,12135
4489,"Michael","Brown",1999,11604
4490,"James","Brown",1977,14003
4491,"Emma","Rodriguez",1977,13391
4492,"Olivia","Smith",1971,14167
4493,"Michael","Garcia",1992,10520
4494,"Michael","Rodriguez",1978,12987
4495,"Michael","Martinez",1994,10304
4496,"James","Smith",1999,16125
4497,"Jane","Williams",1973,19222
4498,"Emily","Jones",1974,16826
4499,"Jane","Davis",1984,18779
4500,"John","Davis",1973,11204
4501,"Jane","Martinez",1986,13311
4502,"Emma","Davis",1977,16339
4503,"Olivia","Rodriguez",1983,11425
4504,"William","Brown",1972,15570
4505,"Sarah","Brown",1975,13816
4506,"Jane","Williams",1978,11475
4507,"Sarah","Johnson",1973,13371
4508,"Emma","Williams",1981,18092
4509,"Sarah","Smith",1991,11083
4510,"Emily","Miller",1970,11865
4511,"Sarah","Jones",1992,13590
4512,"Olivia","Jones",1991,18462
4513,"Michael","Martinez",1980,13497
4514,"Olivia","Davis",1986,10728
4515,"John","Williams",1986,17509
4516,"James","Rodriguez",1999,16653
4517,"David","Rodriguez",1991,19691
4518,"John","Martinez",2000,16448
4519,"Jane","Garcia",1984,12267
4520,"David","Johnson",1989,18633
4521,"Emma","Miller",1988,19071
4522,"John","Miller",1994,16115
4523,"Michael","Garcia",1977,17851
4524,"Olivia","Brown",1989,17384
4525,"Emily","Jones",1977,10819
4526,"David","Jones",1999,19147
4527,"Emma","Davis",1999,13698
4528,"John","Williams",1986,13392
4529,"Sarah","Smith",1991,13571
4530,"Emily","Brown",1996,12978
4531,"Emma","Davis",1974,10015
4532,"Olivia","Brown",2000,11044
4533,"Emily","Garcia",1986,11974
4534,"Emma","Jones",1979,10027
4535,"Emily","Johnson",1982,13044
4536,"Olivia","Smith",1994,15837
4537,"Jane","Williams",1970,11065
4538,"Jane","Jones",1987,17386
4539,"Michael","Johnson",1980,17913
4540,"John","Rodriguez",1989,18897
4541,"James","Rodriguez",1971,19660
4542,"Emma","Williams",1986,18513
4543,"David","Johnson",1995,17725
4544,"David","Jones",1970,10618
4545,"Michael","Williams",1996,11179
4546,"Emma","Davis",1980,14131
4547,"Emily","Jones",1996,18104
4548,"Emily","Garcia",1972,17887
4549,"Michael","Johnson",1999,18604
4550,"Emily","Smith",1978,11831
4551,"James","Jones",2000,11940
4552,"David","Brown",1975,12124
4553,"James","Johnson",1998,19872
4554,"John","Davis",1992,15798
4555,"Jane","Williams",1996,14413
4556,"John","Miller",1984,19053
4557,"Olivia","Miller",2000,17486
4558,"Emily","Martinez",1970,12814
4559,"Olivia","Williams",1991,18797
4560,"John","Davis",1999,17913
4561,"Olivia","Martinez",1976,19467
4562,"David","Martinez",1987,17975
4563,"Michael","Rodriguez",2000,13046
4564,"Olivia","Miller",1985,10306
4565,"Sarah","Garcia",1983,13309
4566,"Olivia","Johnson",1985,15041
4567,"David","Jones",1976,12656
4568,"John","Smith",1986,17840
4569,"Jane","Brown",2000,10233
4570,"Jane","Jones",1975,14335
4571,"Olivia","Martinez",1991,12699
4572,"John","Jones",1975,19601
4573,"Emily","Miller",1993,19146
4574,"Olivia","Miller",1976,13952
4575,"William","Martinez",2000,12225
4576,"William","Martinez",1998,18867
4577,"Jane","Miller",1986,16206
4578,"David","Williams",1988,12677
4579,"John","Davis",1975,11419
4580,"John","Davis",1977,18067
4581,"Olivia","Rodriguez",1971,11264
4582,"William","Miller",1973,17983
4583,"David","Johnson",1999,15851
4584,"David","Johnson",1974,19510
4585,"Michael","Davis",1990,19259
4586,"Jane","Rodriguez",1976,16482
4587,"Emily","Miller",1997,12635
4588,"Emma","Miller",1973,11801
4589,"Sarah","Davis",1970,10480
4590,"William","Rodriguez",1991,17362
4591,"James","Jones",1978,10125
4592,"Emily","Garcia",1975,16996
4593,"Olivia","Garcia",1979,13009
4594,"James","Smith",1994,14958
4595,"Emma","Martinez",1995,15302
4596,"James","Martinez",1994,16472
4597,"Olivia","Johnson",1990,12438
4598,"William","Williams",1975,17232
4599,"Emma","Martinez",1984,17543
4600,"William","Davis",2000,17321
4601,"Sarah","Smith",1988,16536
4602,"Sarah","Smith",2000,14644
4603,"David","Miller",1983,12883
4604,"Michael","Rodriguez",1977,11233
4605,"William","Williams",1980,15634
4606,"James","Smith",1992,17804
4607,"Michael","Davis",1997,19677
4608,"David","Johnson",1982,12789
4609,"Sarah","Johnson",1972,14706
4610,"James","Miller",1994,14049
4611,"Emily","Martinez",1986,11430
4612,"Emma","Rodriguez",1978,18992
4613,"James","Martinez",1983,18934
4614,"Emma","Rodriguez",1986,18599
4615,"William","Garcia",1992,16744
4616,"Jane","Garcia",1979,10922
4617,"Olivia","Rodriguez",1975,14153
4618,"Sarah","Johnson",1994,15853
4619,"James","Johnson",1999,19334
4620,"Michael","Davis",1986,14303
4621,"Michael","Johnson",1999,14764
4622,"Jane","Davis",1973,11338
4623,"Sarah","Rodriguez",1998,15361
4624,"Michael","Davis",1991,11482
4625,"James","Brown",1983,15279
4626,"Sarah","Garcia",1997,13097
4627,"William","Brown",1983,13520
4628,"John","Rodriguez",1981,15083
4629,"John","Jones",1976,19770
4630,"Olivia","Miller",1976,18067
4631,"Emma","Garcia",1983,17173
4632,"Emma","Garcia",2000,15833
4633,"William","Brown",1988,11566
4634,"Michael","Jones",1997,18972
4635,"Michael","Rodriguez",1978,12688
4636,"Sarah","Garcia",1974,15794
4637,"John","Johnson",1994,16405
4638,"John","Garcia",1999,17062
4639,"Olivia","Garcia",1986,17726
4640,"Olivia","Garcia",1985,14392
4641,"Michael","Johnson",1978,10262
4642,"James","Miller",1981,16652
4643,"David","Davis",1974,15734
4644,"William","Williams",1974,14665
4645,"Olivia","Brown",1975,17990
4646,"James","Smith",1993,17854
4647,"Jane","Rodriguez",1983,18380
4648,"Jane","Smith",1997,15740
4649,"Michael","Garcia",1994,15376
4650,"Emma","Jones",1995,15889
4651,"Olivia","Martinez",1976,15381
4652,"Emma","Davis",1971,16874
4653,"William","Martinez",1989,17741
4654,"Sarah","Smith",1970,14982
4655,"Sarah","Miller",1986,19454
4656,"Emma","Johnson",1997,12665
4657,"William","Jones",1980,10603
4658,"Emily","Jones",1975,11010
4659,"William","Jones",1997,10271
4660,"James","Jones",1991,19966
4661,"David","Miller",1980,16628
4662,"David","Brown",1976,19219
4663,"James","Brown",1992,18492
4664,"Jane","Rodriguez",1983,12815
4665,"John","Miller",1986,16867
4666,"David","Johnson",1972,19902
4667,"Michael","Williams",2000,16204
4668,"William","Johnson",1980,14578
4669,"Emma","Brown",2000,19936
4670,"William","Johnson",1978,18001
4671,"Emily","Smith",2000,17847
4672,"Jane","Brown",1989,10578
4673,"William","Smith",1996,10298
4674,"Michael","Garcia",1998,17403
4675,"Sarah","Williams",1990,18399
4676,"James","Smith",1992,16367
4677,"Olivia","Williams",1994,13286
4678,"William","Smith",1978,15903
4679,"John","Miller",1976,17471
4680,"William","Davis",1990,14507
4681,"Jane","Martinez",1998,15910
4682,"Jane","Garcia",1974,11067
4683,"David","Rodriguez",1990,13294
4684,"Emma","Johnson",1974,13729
4685,"Emma","Garcia",1970,11074
4686,"Olivia","Rodriguez",1974,12656
4687,"Sarah","Johnson",1978,13705
4688,"Olivia","Garcia",1988,13096
4689,"Olivia","Martinez",1989,15094
4690,"David","Jones",1997,18864
4691,"David","Jones",1976,16736
4692,"Jane","Martinez",1980,17009
4693,"James","Brown",1987,10803
4694,"Emily","Williams",1974,15344
4695,"David","Martinez",2000,19488
4696,"Sarah","Jones",1996,11990
4697,"John","Williams",1995,10919
4698,"Emma","Williams",1974,13713
4699,"Jane","Miller",1995,11263
4700,"William","Miller",1995,14693
4701,"James","Garcia",1990,11900
4702,"Emily","Johnson",1973,14192
4703,"Emily","Jones",1983,16376
4704,"Emma","Williams",1991,13321
4705,"William","Smith",1977,15337
4706,"William","Williams",1999,11819
4707,"Emma","Johnson",1998,17701
4708,"Olivia","Williams",1976,18990
4709,"Emma","Jones",1989,19894
4710,"James","Garcia",1974,10316
4711,"William","Martinez",1995,13674
4712,"Emily","Martinez",1973,12184
4713,"Olivia","Williams",1998,12691
4714,"John","Rodriguez",1997,13213
4715,"William","Jones",1998,11770
4716,"John","Smith",1981,14564
4717,"David","Brown",1999,10930
4718,"Jane","Brown",1991,16210
4719,"William","Rodriguez",1988,14385
4720,"William","Davis",1985,14421
4721,"William","Rodriguez",1986,16757
4722,"David","Miller",1999,10425
4723,"William","Brown",1976,15271
4724,"John","Johnson",1983,19738
4725,"Michael","Smith",1979,18890
4726,"Michael","Smith",1970,16824
4727,"James","Davis",1982,14210
4728,"Emily","Miller",1990,15199
4729,"John","Brown",1990,10679
4730,"David","Miller",1972,10107
4731,"John","Brown",1985,10090
4732,"Michael","Smith",1999,13752
4733,"William","Brown",1976,15892
4734,"Jane","Jones",1975,15610
4735,"James","Garcia",1974,19982
4736,"Emily","Garcia",1996,10852
4737,"Jane","Smith",1974,19964
4738,"David","Brown",1989,19605
4739,"Emily","Smith",2000,14835
4740,"David","Smith",1994,14151
4741,"Michael","Martinez",1979,16619
4742,"Emma","Garcia",1981,19766
4743,"Olivia","Williams",1976,10012
4744,"William","Johnson",1975,18674
4745,"William","Garcia",1998,15325
4746,"David","Martinez",1977,15732
4747,"William","Miller",2000,13351
4748,"William","Rodriguez",1974,12556
4749,"Jane","Garcia",1992,12317
4750,"William","Williams",1997,10740
4751,"Sarah","Johnson",1983,11688
4752,"John","Jones",1979,12955
4753,"John","Rodriguez",1971,13217
4754,"Emily","Williams",1970,17885
4755,"William","Miller",1995,17456
4756,"Emily","Davis",1983,14897
4757,"David","Smith",1991,18399
4758,"Jane","Johnson",1973,16376
4759,"James","Garcia",1977,15391
4760,"Michael","Jones",1987,14220
4761,"Emily","Brown",1995,16546
4762,"Sarah","Jones",1974,12896
4763,"Jane","Brown",1984,14656
4764,"John","Miller",1987,19202
4765,"James","Johnson",1995,16869
4766,"William","Miller",1997,13572
4767,"William","Miller",1999,13256
4768,"John","Williams",1987,10204
4769,"William","Rodriguez",1979,16219
4770,"William","Miller",1983,16301
4771,"Olivia","Williams",2000,12045
4772,"James","Jones",1981,14570
4773,"Olivia","Smith",1977,17957
4774,"William","Garcia",1993,10451
4775,"Sarah","Davis",1985,13485
4776,"James","Davis",1972,14777
4777,"David","Rodriguez",1970,19890
4778,"David","Johnson",1983,17412
4779,"Emma","Rodriguez",1999,14747
4780,"John","Davis",1977,12407
4781,"Jane","Martinez",1978,18680
4782,"Emma","Davis",1996,15862
4783,"Emily","Jones",1996,19343
4784,"Olivia","Brown",1997,15672
4785,"Emma","Davis",2000,14179
4786,"Emma","Brown",1994,15954
4787,"Olivia","Jones",1993,13755
4788,"James","Jones",1977,17954
4789,"Michael","Davis",1998,12930
4790,"Sarah","Rodriguez",1999,14268
4791,"David","Johnson",1998,19153
4792,"John","Garcia",1986,11561
4793,"Emily","Johnson",1988,10113
4794,"William","Smith",1983,10792
4795,"John","Davis",1973,11166
4796,"James","Davis",1993,17980
4797,"Olivia","Davis",1978,13238
4798,"James","Rodriguez",1985,12220
4799,"John","Rodriguez",1979,10040
4800,"James","Jones",1977,17893
4801,"Olivia","Rodriguez",1977,16159
4802,"Sarah","Johnson",1983,17744
4803,"Olivia","Johnson",1977,19649
4804,"John","Martinez",1995,19310
4805,"William","Smith",1974,13783
4806,"Michael","Brown",1980,12597
4807,"Michael","Williams",1990,13781
4808,"David","Martinez",1981,18215
4809,"John","Williams",1994,12541
4810,"Jane","Johnson",2000,14589
4811,"William","Miller",1997,11837
4812,"John","Williams",1977,10832
4813,"Emma","Smith",1970,11378
4814,"Michael","Miller",1996,11419
4815,"Sarah","Jones",1990,10290
4816,"James","Smith",1975,17298
4817,"John","Davis",1979,17542
4818,"Michael","Smith",1985,10462
4819,"David","Brown",1987,13144
4820,"William","Davis",1984,18586
4821,"Jane","Miller",1994,16880
4822,"Olivia","Martinez",1998,15624
4823,"William","Brown",1991,18212
4824,"Sarah","Rodriguez",1994,11555
4825,"John","Martinez",1983,10440
4826,"Emily","Davis",1993,17012
4827,"Emily","Brown",1986,11264
4828,"Emily","Brown",1984,19490
4829,"Jane","Johnson",1988,15991
4830,"Emily","Davis",1997,11582
4831,"Emma","Johnson",1972,13856
4832,"Michael","Garcia",1975,14262
4833,"James","Jones",1999,12297
4834,"Emma","Johnson",1984,18344
4835,"William","Brown",1994,11815
4836,"Emma","Rodriguez",1991,11626
4837,"Emily","Smith",1991,15464
4838,"Sarah","Johnson",1974,16459
4839,"David","Williams",1996,13063
4840,"Michael","Brown",1990,12873
4841,"Emma","Davis",1990,18082
4842,"James","Rodriguez",1989,14171
4843,"Emma","Smith",1996,19530
4844,"Emma","Davis",1989,17460
4845,"Sarah","Smith",1971,15365
4846,"Emily","Johnson",1978,16213
4847,"John","Williams",1999,14137
4848,"Michael","Miller",1995,10603
4849,"Michael","Williams",1982,15878
4850,"Michael","Jones",1995,16780
4851,"Jane","Williams",1987,11997
4852,"Emma","Miller",1970,15913
4853,"Emily","Garcia",1997,13369
4854,"Olivia","Miller",1973,17769
4855,"Jane","Rodriguez",1986,16799
4856,"Jane","Martinez",2000,14034
4857,"Emma","Brown",1984,13962
4858,"Olivia","Williams",1975,16838
4859,"David","Davis",1984,19816
4860,"Olivia","Jones",1981,17987
4861,"John","Martinez",1995,18767
4862,"Sarah","Jones",1998,17154
4863,"David","Brown",1973,19241
4864,"David","Garcia",1977,11134
4865,"Emily","Brown",1980,12327
4866,"Sarah","Davis",1977,10930
4867,"William","Smith",1983,17240
4868,"Olivia","Jones",1988,12495
4869,"Michael","Miller",1977,17131
4870,"Michael","Garcia",1974,13425
4871,"James","Brown",1996,18954
4872,"Sarah","Rodriguez",2000,19072
4873,"James","Davis",1971,17122
4874,"Sarah","Rodriguez",1975,11919
4875,"Emily","Smith",1974,18157
4876,"Michael","Martinez",1998,12382
4877,"William","Jones",1995,17162
4878,"Emily","Garcia",1976,18599
4879,"Sarah","Davis",1995,14261
4880,"William","Williams",1988,14790
4881,"William","Smith",1975,19506
4882,"Jane","Johnson",1988,15944
4883,"Emily","Jones",1980,12819
4884,"Olivia","Martinez",1989,16695
4885,"Emily","Jones",1981,13043
4886,"Emma","Garcia",1970,12220
4887,"Emily","Martinez",1977,19761
4888,"Michael","Johnson",1986,13958
4889,"John","Rodriguez",1998,17898
4890,"David","Jones",2000,11372
4891,"Jane","Davis",1996,12741
4892,"Sarah","Brown",1991,16350
4893,"William","Garcia",1985,15778
4894,"Emily","Smith",1987,11321
4895,"Olivia","Miller",1985,11625
4896,"David","Smith",1994,17533
4897,"William","Garcia",1992,16287
4898,"John","Rodriguez",1989,15401
4899,"Emma","Johnson",1994,10447
4900,"Olivia","Miller",1983,16327
4901,"Olivia","Miller",1977,12860
4902,"James","Johnson",1976,18272
4903,"William","Jones",1984,11512
4904,"David","Davis",1983,14676
4905,"Sarah","Brown",1970,18268
4906,"Olivia","Miller",1982,17989
4907,"Emily","Martinez",1989,12252
4908,"Sarah","Brown",1982,10021
4909,"David","Miller",1976,10146
4910,"James","Jones",1979,19570
4911,"Michael","Rodriguez",1980,15902
4912,"William","Martinez",1984,16048
4913,"Emily","Jones",1986,19453
4914,"Sarah","Jones",1973,17069
4915,"David","Miller",1986,19942
4916,"James","Brown",1982,10610
4917,"David","Smith",1998,14964
4918,"Jane","Brown",1983,17726
4919,"Emily","Rodriguez",1985,16141
4920,"Michael","Jones",1975,12895
4921,"Sarah","Miller",1973,18049
4922,"John","Rodriguez",1975,14310
4923,"Sarah","Rodriguez",1974,11960
4924,"Michael","Johnson",1991,18357
4925,"Sarah","Rodriguez",1986,17668
4926,"William","Miller",1986,13213
4927,"Sarah","Smith",1992,11720
4928,"Olivia","Smith",1997,15120
4929,"Emily","Davis",1980,14379
4930,"David","Garcia",1988,16217
4931,"Emma","Martinez",1985,13813
4932,"Emma","Brown",1975,18124
4933,"Michael","Miller",1989,11881
4934,"Olivia","Williams",1978,19698
4935,"Jane","Garcia",1983,17831
4936,"Emily","Rodriguez",1991,11695
4937,"Jane","Miller",1979,16408
4938,"Olivia","Martinez",1997,16891
4939,"David","Miller",1990,16370
4940,"James","Smith",1972,14536
4941,"Emma","Smith",1990,14217
4942,"Jane","Smith",1992,11515
4943,"David","Davis",1996,14252
4944,"John","Williams",1995,16920
4945,"Sarah","Brown",1985,11848
4946,"Sarah","Johnson",1980,19530
4947,"Michael","Garcia",1972,14078
4948,"David","Rodriguez",1986,12815
4949,"Emily","Miller",1994,11565
4950,"Olivia","Martinez",1988,16630
4951,"David","Miller",1985,10357
4952,"Jane","Miller",1975,16335
4953,"Sarah","Brown",1980,15887
4954,"Sarah","Williams",1979,18543
4955,"Sarah","Davis",1996,16336
4956,"James","Rodriguez",1992,11322
4957,"Jane","Davis",1973,16961
4958,"Olivia","Jones",1983,18215
4959,"James","Martinez",1981,17753
4960,"Michael","Williams",1971,13061
4961,"Sarah","Smith",1972,10970
4962,"Emma","Jones",1982,19913
4963,"David","Brown",1999,17334
4964,"Michael","Garcia",1996,11885
4965,"Emily","Martinez",1990,14209
4966,"William","Brown",1982,13203
4967,"Olivia","Rodriguez",1998,14067
4968,"Olivia","Smith",1977,14965
4969,"Sarah","Johnson",1989,19123
4970,"Emily","Smith",1973,12318
4971,"Michael","Johnson",1978,16066
4972,"Emily","Martinez",1971,15914
4973,"Sarah","Williams",1981,15629
4974,"Jane","Smith",1981,11661
4975,"Sarah","Davis",1987,14505
4976,"James","Brown",1976,14642
4977,"David","Brown",1996,16288
4978,"John","Martinez",1995,19542
4979,"Jane","Johnson",1979,18493
4980,"David","Williams",1999,16628
4981,"John","Davis",1984,12582
4982,"Jane","Rodriguez",1997,15579
4983,"Emma","Davis",1976,15666
4984,"James","Miller",1981,17813
4985,"Emily","Johnson",1977,10482
4986,"Sarah","Smith",1986,10155
4987,"David","Brown",1981,10008
4988,"Michael","Brown",1976,11199
4989,"Michael","Rodriguez",1995,10771
4990,"Jane","Garcia",1984,19442
4991,"Emily","Jones",1993,17455
4992,"Jane","Rodriguez",1990,10673
4993,"David","Martinez",1979,16550
4994,"James","Williams",1988,15625
4995,"James","Rodriguez",1998,13889
4996,"John","Johnson",1972,12619
4997,"Emily","Johnson",1985,17624
4998,"David","Jones",1992,19321
4999,"Michael","Martinez",2000,17830
5000,"Emily","Miller",1980,12111
5001,"Jane","Brown",1977,14978
5002,"Sarah","Davis",1980,14503
5003,"John","Williams",1970,13969
5004,"Emily","Rodriguez",1997,10356
5005,"Jane","Martinez",1996,18944
5006,"David","Miller",1983,10956
5007,"James","Miller",1976,15541
5008,"Emily","Williams",1982,19915
5009,"Emily","Williams",1973,11863
5010,"James","Jones",1988,19173
5011,"James","Miller",1998,13404
5012,"Emma","Johnson",1984,12473
5013,"James","Smith",1988,11417
5014,"James","Jones",1974,15069
5015,"James","Williams",1979,11348
5016,"David","Martinez",1999,15994
5017,"Michael","Garcia",1993,15384
5018,"Michael","Brown",1970,19803
5019,"Michael","Rodriguez",1970,10108
5020,"Olivia","Rodriguez",1990,13391
5021,"Sarah","Rodriguez",1984,13758
5022,"David","Smith",1986,11249
5023,"James","Johnson",1973,10526
5024,"Michael","Davis",1978,11833
5025,"Michael","Davis",1992,17018
5026,"Olivia","Johnson",1999,17511
5027,"Michael","Williams",1990,19631
5028,"James","Jones",1991,17541
5029,"William","Smith",1989,15892
5030,"James","Miller",1998,10887
5031,"Sarah","Miller",1992,13623
5032,"James","Miller",1983,17503
5033,"William","Brown",1970,15203
5034,"William","Johnson",1977,18492
5035,"James","Jones",1999,11228
5036,"John","Davis",1993,13582
5037,"Emily","Garcia",1990,14995
5038,"Emily","Garcia",1986,15632
5039,"Michael","Miller",1971,15997
5040,"Emma","Rodriguez",1975,16365
5041,"Michael","Jones",1990,14837
5042,"Jane","Miller",1991,16469
5043,"Jane","Garcia",1971,15038
5044,"Emily","Smith",1971,16904
5045,"David","Jones",1972,16142
5046,"Sarah","Smith",1978,13397
5047,"Sarah","Williams",1970,12384
5048,"John","Williams",1991,13968
5049,"John","Smith",1972,19871
5050,"Emma","Brown",1976,19384
5051,"Michael","Williams",1987,13262
5052,"William","Davis",1997,12101
5053,"James","Jones",1989,12701
5054,"Jane","Davis",1988,16956
5055,"John","Brown",1984,15067
5056,"David","Jones",1997,12887
5057,"John","Johnson",1974,18266
5058,"Olivia","Smith",2000,11667
5059,"Sarah","Williams",1985,12793
5060,"Olivia","Smith",1977,11741
5061,"William","Brown",1984,19412
5062,"Sarah","Jones",1982,16224
5063,"Olivia","Garcia",1972,15323
5064,"David","Rodriguez",1998,15623
5065,"William","Brown",1981,10334
5066,"Olivia","Miller",1986,16704
5067,"William","Garcia",1993,18943
5068,"Michael","Smith",2000,14323
5069,"Michael","Jones",1992,10729
5070,"Sarah","Rodriguez",1995,11067
5071,"James","Rodriguez",1976,12650
5072,"Jane","Rodriguez",1993,14594
5073,"Emily","Smith",1992,17945
5074,"Michael","Williams",1975,12085
5075,"Olivia","Garcia",1979,11561
5076,"Jane","Miller",1995,14674
5077,"John","Brown",2000,16926
5078,"Jane","Brown",1981,14165
5079,"Michael","Davis",1990,18647
5080,"Michael","Brown",1972,16450
5081,"William","Johnson",1998,13392
5082,"Jane","Martinez",1973,18154
5083,"Emily","Davis",1971,11467
5084,"John","Martinez",1990,15776
5085,"Jane","Davis",1996,10357
5086,"William","Smith",2000,17096
5087,"Emma","Davis",1972,10920
5088,"John","Johnson",1972,13118
5089,"Sarah","Davis",1988,19592
5090,"Sarah","Davis",1998,11365
5091,"James","Garcia",1983,11701
5092,"Michael","Brown",1988,13961
5093,"Sarah","Garcia",1984,16286
5094,"Jane","Garcia",1982,18961
5095,"David","Garcia",1978,13903
5096,"Michael","Martinez",1980,12681
5097,"William","Smith",1974,16453
5098,"William","Jones",1980,16861
5099,"William","Miller",1999,17755
5100,"Sarah","Martinez",1995,10963
5101,"James","Rodriguez",1985,11606
5102,"Olivia","Martinez",1997,10089
5103,"David","Rodriguez",1978,16787
5104,"Olivia","Rodriguez",1977,17743
5105,"William","Jones",1974,13799
5106,"Jane","Johnson",1974,15616
5107,"David","Smith",1986,18187
5108,"James","Martinez",1991,14306
5109,"Emily","Garcia",1974,17861
5110,"James","Smith",2000,19125
5111,"Michael","Martinez",1995,10157
5112,"John","Rodriguez",1970,18663
5113,"James","Smith",1977,16124
5114,"James","Rodriguez",1973,15851
5115,"Olivia","Miller",1987,13656
5116,"James","Garcia",1987,15830
5117,"Olivia","Martinez",1987,11880
5118,"John","Martinez",2000,12981
5119,"David","Davis",1994,16894
5120,"Jane","Jones",1972,13478
5121,"Emily","Smith",1998,17859
5122,"Michael","Martinez",1983,12615
5123,"Sarah","Johnson",1976,13875
5124,"Jane","Miller",1987,15640
5125,"Jane","Davis",1973,16059
5126,"Emma","Johnson",1973,18284
5127,"Jane","Brown",1981,18899
5128,"Emily","Williams",1987,11400
5129,"William","Brown",1973,18270
5130,"Jane","Johnson",1973,14749
5131,"Michael","Williams",1973,10848
5132,"Olivia","Brown",1985,16772
5133,"Emily","Davis",1970,12176
5134,"Emma","Martinez",1972,10333
5135,"Jane","Williams",1997,14037
5136,"Michael","Garcia",1986,16769
5137,"David","Miller",1983,12941
5138,"Michael","Williams",1972,11851
5139,"James","Rodriguez",2000,11047
5140,"William","Williams",1990,11139
5141,"Olivia","Smith",1986,16253
5142,"Olivia","Johnson",1995,19949
5143,"Emily","Martinez",1989,12393
5144,"Jane","Brown",1999,18316
5145,"Jane","Davis",1971,11361
5146,"Jane","Miller",1978,14523
5147,"Sarah","Garcia",1998,17054
5148,"Olivia","Brown",2000,10053
5149,"Sarah","Johnson",1995,11326
5150,"James","Garcia",1982,14831
5151,"Michael","Martinez",1978,19273
5152,"David","Brown",1999,12271
5153,"James","Miller",1991,16500
5154,"Emma","Jones",1997,19458
5155,"Olivia","Smith",1984,18446
5156,"Michael","Garcia",1987,10441
5157,"Emma","Johnson",1991,11422
5158,"David","Garcia",1984,18648
5159,"Jane","Smith",1979,10336
5160,"John","Jones",1983,16025
5161,"John","Jones",1992,14420
5162,"Michael","Garcia",1995,11923
5163,"Michael","Johnson",1993,11004
5164,"William","Miller",1988,12279
5165,"Olivia","Smith",1990,17181
5166,"Emma","Williams",1981,19346
5167,"Emily","Martinez",1985,13927
5168,"John","Rodriguez",1992,11483
5169,"John","Williams",1972,15030
5170,"Emma","Miller",1998,17299
5171,"Emily","Williams",1984,10647
5172,"James","Johnson",1997,14228
5173,"Michael","Rodriguez",1974,18803
5174,"Olivia","Martinez",1987,12411
5175,"Jane","Jones",1972,16044
5176,"Olivia","Martinez",1995,11460
5177,"James","Miller",1997,14684
5178,"David","Jones",1995,19344
5179,"Emma","Miller",1974,13768
5180,"David","Miller",1996,19779
5181,"Olivia","Smith",1997,12503
5182,"Jane","Davis",1976,19669
5183,"Michael","Miller",1987,19024
5184,"Michael","Jones",1989,17673
5185,"Emma","Williams",1982,11989
5186,"William","Brown",1991,15753
5187,"Emma","Johnson",1978,17078
5188,"Emily","Brown",1987,10544
5189,"David","Rodriguez",1988,13039
5190,"John","Jones",1997,14218
5191,"David","Smith",1974,18171
5192,"James","Davis",2000,16217
5193,"William","Rodriguez",1983,18303
5194,"Sarah","Rodriguez",1977,15233
5195,"John","Davis",1976,11971
5196,"Olivia","Miller",2000,14981
5197,"John","Martinez",1978,16250
5198,"Emma","Jones",1970,15617
5199,"Olivia","Smith",1998,11253
5200,"David","Rodriguez",1983,11727
5201,"Emma","Smith",1996,14553
5202,"Jane","Garcia",1982,13358
5203,"Sarah","Williams",1980,15684
5204,"William","Jones",1972,10651
5205,"William","Williams",1982,18607
5206,"John","Garcia",1981,11903
5207,"Emma","Brown",1980,10813
5208,"James","Garcia",1978,18963
5209,"David","Miller",1989,13244
5210,"John","Garcia",1972,11557
5211,"David","Williams",1973,19879
5212,"David","Williams",2000,10241
5213,"David","Jones",1987,19906
5214,"Michael","Garcia",1974,12202
5215,"William","Miller",1972,10556
5216,"Sarah","Garcia",2000,18566
5217,"Sarah","Jones",1979,17500
5218,"Jane","Smith",1992,10961
5219,"Emily","Rodriguez",1988,19616
5220,"Sarah","Johnson",1977,18336
5221,"David","Davis",1989,15319
5222,"John","Rodriguez",1972,10203
5223,"Sarah","Rodriguez",2000,13702
5224,"Emily","Miller",1970,13880
5225,"James","Smith",1975,11352
5226,"Emma","Martinez",1978,13307
5227,"Jane","Brown",1988,19511
5228,"Michael","Miller",1970,12350
5229,"William","Brown",1994,13439
5230,"William","Miller",1972,14514
5231,"William","Martinez",1988,10098
5232,"James","Williams",1973,13917
5233,"Emma","Williams",1972,17740
5234,"Michael","Johnson",1970,13331
5235,"Sarah","Brown",1991,16848
5236,"Michael","Brown",1977,16239
5237,"Emily","Jones",1998,10595
5238,"James","Williams",1984,18729
5239,"Olivia","Martinez",1979,14352
5240,"Olivia","Davis",1975,14214
5241,"Emily","Brown",1975,11246
5242,"Emma","Garcia",1971,10681
5243,"Emily","Jones",1980,13139
5244,"Emma","Jones",1981,18986
5245,"Michael","Brown",1987,11082
5246,"Sarah","Jones",1985,16904
5247,"John","Davis",1986,19640
5248,"Sarah","Davis",1988,18697
5249,"John","Johnson",1991,12764
5250,"James","Smith",1979,19413
5251,"Michael","Martinez",1970,14468
5252,"Sarah","Brown",1995,14617
5253,"James","Garcia",1990,16921
5254,"James","Martinez",2000,14040
5255,"Emily","Garcia",1987,13862
5256,"John","Smith",1975,17423
5257,"James","Miller",1980,14147
5258,"David","Davis",1985,17925
5259,"Emma","Brown",1981,14816
5260,"James","Jones",1971,10155
5261,"Emma","Miller",1986,16798
5262,"David","Williams",1995,11710
5263,"William","Jones",1972,16704
5264,"Jane","Smith",2000,19538
5265,"John","Williams",1986,14810
5266,"Emma","Brown",1994,13795
5267,"John","Johnson",1983,13251
5268,"James","Jones",1981,11256
5269,"David","Smith",1974,15591
5270,"David","Johnson",1975,12389
5271,"Emma","Martinez",1974,19081
5272,"Sarah","Martinez",1994,16595
5273,"David","Miller",1977,14230
5274,"Olivia","Brown",1998,11038
5275,"John","Brown",1985,14241
5276,"Sarah","Garcia",1976,14254
5277,"Michael","Martinez",1987,12106
5278,"James","Miller",1977,12440
5279,"Jane","Rodriguez",1971,11902
5280,"William","Jones",1993,12318
5281,"Michael","Rodriguez",1975,11757
5282,"David","Rodriguez",1993,11467
5283,"John","Williams",1971,15847
5284,"Emily","Johnson",1978,17942
5285,"Olivia","Martinez",1972,13229
5286,"Olivia","Martinez",1980,19780
5287,"James","Martinez",1992,19005
5288,"Jane","Davis",1981,16110
5289,"John","Martinez",1985,13210
5290,"Michael","Garcia",1979,16831
5291,"John","Garcia",1982,19257
5292,"David","Johnson",1976,11754
5293,"Emma","Martinez",1987,20000
5294,"David","Smith",1998,14790
5295,"Jane","Jones",1984,18993
5296,"Jane","Williams",1996,13853
5297,"Sarah","Davis",1980,14961
5298,"Jane","Rodriguez",2000,17120
5299,"William","Smith",1988,12311
5300,"William","Martinez",1978,16902
5301,"William","Rodriguez",2000,19100
5302,"David","Johnson",1973,12719
5303,"James","Johnson",1997,15956
5304,"Sarah","Garcia",1984,19800
5305,"Michael","Brown",1981,15471
5306,"Michael","Garcia",1973,17539
5307,"Michael","Miller",1977,11056
5308,"David","Jones",1983,19348
5309,"Emma","Miller",1985,13239
5310,"William","Brown",1982,15777
5311,"Emily","Brown",1999,17592
5312,"James","Jones",1976,18992
5313,"David","Martinez",1990,16785
5314,"James","Johnson",1988,11341
5315,"David","Rodriguez",1997,10065
5316,"Emily","Rodriguez",1986,16884
5317,"John","Rodriguez",1990,13143
5318,"Sarah","Martinez",1977,12959
5319,"James","Williams",1976,11070
5320,"William","Martinez",1983,15157
5321,"Michael","Miller",1990,16367
5322,"Emily","Rodriguez",1979,19622
5323,"John","Garcia",1981,19551
5324,"John","Martinez",1979,16591
5325,"Sarah","Smith",1978,10195
5326,"John","Martinez",1993,17421
5327,"William","Rodriguez",1983,19784
5328,"Sarah","Miller",1996,13978
5329,"Jane","Rodriguez",1973,17260
5330,"Emma","Brown",1988,15206
5331,"John","Williams",2000,18058
5332,"Olivia","Jones",1992,17143
5333,"Emily","Davis",1973,19046
5334,"William","Miller",1970,17042
5335,"Emma","Brown",1975,13763
5336,"John","Johnson",1985,11100
5337,"Emma","Brown",1972,12345
5338,"Sarah","Smith",1980,14971
5339,"James","Rodriguez",1980,19605
5340,"Emma","Jones",1982,11569
5341,"David","Brown",1986,18610
5342,"James","Miller",1976,19467
5343,"Sarah","Davis",1971,12975
5344,"William","Davis",1973,18082
5345,"Emma","Johnson",1988,15695
5346,"Michael","Miller",1973,17487
5347,"James","Johnson",1975,19138
5348,"Michael","Jones",1993,15182
5349,"Michael","Jones",1992,14527
5350,"Sarah","Davis",2000,11063
5351,"James","Jones",1977,13837
5352,"Emily","Brown",1984,16133
5353,"John","Davis",1975,13947
5354,"David","Johnson",1990,18286
5355,"Emma","Miller",1981,11743
5356,"Emma","Williams",1986,14332
5357,"William","Garcia",1991,10655
5358,"John","Martinez",1981,11029
5359,"David","Brown",1991,15431
5360,"Jane","Davis",1984,10878
5361,"Jane","Garcia",1970,19687
5362,"William","Johnson",1991,12154
5363,"Emily","Martinez",2000,10962
5364,"Emily","Williams",1987,14719
5365,"Olivia","Martinez",1994,13149
5366,"Jane","Miller",1993,18176
5367,"Jane","Johnson",1973,12321
5368,"Emily","Smith",1970,12751
5369,"Emily","Williams",1997,11620
5370,"James","Brown",1982,11684
5371,"Sarah","Smith",1984,18805
5372,"James","Johnson",1991,17098
5373,"John","Davis",1988,13991
5374,"John","Miller",1985,18240
5375,"Emma","Smith",1998,16158
5376,"Emma","Smith",1975,19778
5377,"Olivia","Davis",1986,19693
5378,"Sarah","Smith",1994,13340
5379,"Jane","Martinez",1996,11309
5380,"David","Garcia",1974,13047
5381,"John","Garcia",1998,19594
5382,"Michael","Jones",1970,18958
5383,"Emma","Rodriguez",1998,10827
5384,"John","Rodriguez",1980,19604
5385,"James","Martinez",1998,19017
5386,"Emma","Williams",1993,13939
5387,"Emily","Jones",1979,17572
5388,"Emily","Rodriguez",1987,11156
5389,"David","Martinez",1978,12023
5390,"Jane","Johnson",1998,15173
5391,"Jane","Johnson",1970,18336
5392,"William","Martinez",1990,17094
5393,"John","Davis",1990,15484
5394,"Michael","Rodriguez",1983,17750
5395,"Emma","Rodriguez",1972,16754
5396,"Jane","Martinez",1971,17722
5397,"Michael","Martinez",1974,15084
5398,"David","Smith",1981,10690
5399,"John","Williams",1980,14906
5400,"Emily","Smith",1974,11361
5401,"Olivia","Davis",1978,18502
5402,"Sarah","Smith",1980,14091
5403,"Emily","Miller",1986,19124
5404,"David","Miller",1989,15021
5405,"Jane","Jones",1987,19623
5406,"David","Rodriguez",1994,18406
5407,"David","Miller",1973,12614
5408,"John","Smith",1992,10674
5409,"William","Smith",1990,19801
5410,"James","Jones",1984,12530
5411,"Sarah","Davis",1988,15329
5412,"William","Smith",1983,12154
5413,"James","Brown",1992,10740
5414,"Emily","Williams",1983,10058
5415,"Emily","Rodriguez",1975,18673
5416,"William","Martinez",1995,12136
5417,"David","Johnson",1983,17297
5418,"Olivia","Jones",1985,17319
5419,"Sarah","Miller",1993,16435
5420,"William","Martinez",1999,19420
5421,"Jane","Johnson",1999,11637
5422,"Jane","Garcia",1974,10095
5423,"James","Smith",1976,18387
5424,"Emily","Brown",1973,18491
5425,"Olivia","Martinez",2000,12773
5426,"John","Davis",1978,13690
5427,"Jane","Miller",1988,13143
5428,"James","Davis",1992,16334
5429,"Michael","Miller",1985,11909
5430,"John","Martinez",1972,13727
5431,"Sarah","Johnson",1990,18121
5432,"James","Williams",1983,19650
5433,"Jane","Jones",1998,13388
5434,"William","Miller",1973,15529
5435,"John","Martinez",1992,19548
5436,"James","Brown",1973,19628
5437,"John","Martinez",1975,12312
5438,"John","Miller",1994,13843
5439,"James","Rodriguez",1983,17393
5440,"Emma","Rodriguez",1975,12531
5441,"Sarah","Garcia",1990,16966
5442,"John","Williams",1983,10484
5443,"David","Williams",1991,16697
5444,"Emily","Jones",2000,11818
5445,"Sarah","Garcia",1979,14531
5446,"Sarah","Williams",1984,18420
5447,"Emily","Williams",1986,15522
5448,"Jane","Jones",1997,15009
5449,"Michael","Martinez",1976,15888
5450,"Jane","Johnson",1998,17822
5451,"Emily","Davis",1984,18232
5452,"Jane","Williams",1993,11564
5453,"William","Smith",1980,14517
5454,"Michael","Brown",1990,12433
5455,"Emily","Garcia",1999,17560
5456,"Emily","Miller",1982,17617
5457,"James","Davis",1996,14833
5458,"Michael","Garcia",1973,18301
5459,"Sarah","Jones",1970,16699
5460,"John","Garcia",1972,16418
5461,"William","Smith",1988,10655
5462,"John","Johnson",1973,13482
5463,"Olivia","Miller",1985,10914
5464,"Emma","Miller",1979,12898
5465,"Jane","Miller",1987,16433
5466,"Emily","Williams",1975,19768
5467,"John","Brown",1996,12974
5468,"Sarah","Martinez",1981,12520
5469,"Michael","Jones",1976,15327
5470,"Emma","Davis",1979,18665
5471,"David","Rodriguez",1992,17076
5472,"Michael","Rodriguez",1984,16856
5473,"Michael","Brown",1971,10878
5474,"Olivia","Smith",1988,14688
5475,"David","Jones",1974,18852
5476,"James","Davis",1988,18228
5477,"William","Davis",2000,10711
5478,"David","Johnson",1971,13546
5479,"Sarah","Davis",1984,16882
5480,"John","Miller",1974,17195
5481,"Olivia","Rodriguez",1992,11214
5482,"Michael","Garcia",1997,19337
5483,"Olivia","Miller",1982,18697
5484,"Michael","Williams",1973,12708
5485,"Emily","Miller",1975,14888
5486,"William","Johnson",1999,19868
5487,"James","Williams",1999,19867
5488,"Sarah","Martinez",2000,17109
5489,"Michael","Martinez",1986,12125
5490,"Sarah","Davis",1977,18444
5491,"Emily","Davis",1995,10725
5492,"Emily","Williams",1971,15722
5493,"Jane","Garcia",1987,19510
5494,"David","Brown",1999,12326
5495,"Olivia","Miller",1971,19346
5496,"Emily","Miller",1999,15740
5497,"Emma","Miller",1990,19012
5498,"David","Garcia",2000,12261
5499,"Emily","Miller",1990,18939
5500,"Sarah","Williams",1996,12088
5501,"Sarah","Williams",1983,17683
5502,"Michael","Jones",1990,11434
5503,"Michael","Williams",1989,19171
5504,"John","Miller",1977,15221
5505,"John","Williams",1992,18948
5506,"William","Rodriguez",1975,15716
5507,"Emma","Williams",1985,17441
5508,"John","Smith",1997,12205
5509,"David","Brown",1989,13681
5510,"Sarah","Jones",1987,16399
5511,"John","Smith",1984,15673
5512,"Michael","Davis",1970,16161
5513,"Olivia","Jones",1975,18226
5514,"John","Martinez",1983,10785
5515,"Jane","Williams",1992,10378
5516,"Sarah","Smith",1983,13519
5517,"Olivia","Davis",2000,10501
5518,"David","Martinez",1998,19529
5519,"Jane","Garcia",1985,10761
5520,"David","Rodriguez",1979,19321
5521,"Sarah","Brown",1973,12473
5522,"Michael","Brown",1984,18968
5523,"Olivia","Smith",1973,15411
5524,"Michael","Garcia",1986,15724
5525,"Michael","Rodriguez",1970,19968
5526,"Michael","Davis",1981,19438
5527,"John","Jones",1993,16605
5528,"David","Garcia",1978,16740
5529,"William","Johnson",1994,12057
5530,"John","Davis",1973,11628
5531,"Emma","Williams",1989,17281
5532,"John","Johnson",1975,15001
5533,"John","Martinez",1992,10903
5534,"William","Martinez",1977,13524
5535,"James","Smith",1993,10915
5536,"Emma","Brown",1992,10790
5537,"Olivia","Brown",1994,10370
5538,"Jane","Jones",1994,15208
5539,"Emily","Miller",1976,13568
5540,"Jane","Brown",1985,19204
5541,"James","Johnson",1988,16331
5542,"Emma","Rodriguez",1998,12002
5543,"Emma","Miller",1974,19661
5544,"William","Miller",1972,18666
5545,"John","Garcia",1974,18520
5546,"Michael","Rodriguez",1980,12491
5547,"Emma","Garcia",1979,15356
5548,"Michael","Miller",1981,12443
5549,"Sarah","Garcia",1998,19162
5550,"William","Garcia",1973,12767
5551,"William","Brown",1987,12807
5552,"Emily","Jones",1992,14232
5553,"Emily","Smith",1970,12885
5554,"Emily","Brown",1976,18029
5555,"John","Davis",1996,18314
5556,"David","Rodriguez",1982,10823
5557,"Emma","Johnson",1990,12545
5558,"John","Garcia",2000,15341
5559,"Michael","Brown",1977,16327
5560,"David","Garcia",1995,11904
5561,"Jane","Jones",1982,10118
5562,"David","Miller",1974,10715
5563,"Emma","Jones",1992,13433
5564,"Jane","Jones",1983,15562
5565,"David","Garcia",1970,18341
5566,"Emma","Smith",1984,19448
5567,"William","Smith",1994,10450
5568,"Jane","Rodriguez",1973,14729
5569,"David","Smith",1981,19577
5570,"Emily","Brown",1982,14464
5571,"Emma","Miller",1972,13189
5572,"William","Rodriguez",1975,10931
5573,"Michael","Rodriguez",1979,11565
5574,"Olivia","Martinez",1981,13309
5575,"Sarah","Smith",1988,19985
5576,"David","Brown",1994,12055
5577,"John","Jones",1970,16751
5578,"David","Jones",1975,13103
5579,"Emma","Rodriguez",1998,17801
5580,"Olivia","Martinez",2000,17420
5581,"Emma","Smith",1978,15554
5582,"Michael","Davis",1983,13473
5583,"Michael","Martinez",1975,16053
5584,"David","Johnson",1974,13761
5585,"William","Williams",1996,13802
5586,"William","Jones",1980,18842
5587,"Olivia","Jones",1977,13424
5588,"David","Smith",1972,14579
5589,"Emily","Garcia",1997,10970
5590,"John","Davis",1973,12726
5591,"Jane","Rodriguez",1970,17180
5592,"William","Rodriguez",1999,10961
5593,"John","Williams",1985,12929
5594,"Michael","Brown",1990,15177
5595,"Emily","Miller",1971,18786
5596,"John","Rodriguez",1973,10726
5597,"Olivia","Martinez",1975,13839
5598,"David","Jones",1999,11625
5599,"James","Brown",1979,15753
5600,"Emma","Jones",1976,11854
5601,"Michael","Martinez",1999,13022
5602,"Olivia","Miller",1975,10954
5603,"David","Davis",1996,19799
5604,"Emily","Johnson",1983,16108
5605,"Michael","Davis",1995,19725
5606,"Jane","Jones",1988,18551
5607,"Jane","Johnson",1976,17697
5608,"Jane","Martinez",1981,14802
5609,"Emma","Miller",1999,16315
5610,"Jane","Martinez",1972,15485
5611,"David","Brown",1978,17237
5612,"Michael","Miller",1974,19999
5613,"David","Jones",1996,16925
5614,"William","Smith",1977,12412
5615,"Sarah","Martinez",1994,18626
5616,"Michael","Williams",1977,10909
5617,"James","Rodriguez",1979,16922
5618,"Emma","Smith",1974,11929
5619,"Michael","Brown",1986,11206
5620,"James","Miller",1998,12204
5621,"John","Smith",1971,13998
5622,"Michael","Jones",1990,14198
5623,"William","Davis",1973,19266
5624,"Emma","Williams",1994,14277
5625,"James","Williams",1995,12196
5626,"Olivia","Davis",1983,11939
5627,"Michael","Davis",1993,16058
5628,"Emily","Garcia",1989,14354
5629,"Jane","Jones",1993,12412
5630,"Olivia","Johnson",1974,19937
5631,"John","Brown",1994,10783
5632,"Sarah","Davis",1990,19516
5633,"Olivia","Garcia",1975,15113
5634,"Emily","Miller",1987,15142
5635,"Jane","Davis",1994,13042
5636,"James","Williams",1979,17357
5637,"William","Davis",1971,16093
5638,"James","Jones",1998,14571
5639,"Olivia","Miller",1971,19072
5640,"Olivia","Johnson",1988,13428
5641,"Sarah","Martinez",1981,16296
5642,"John","Martinez",1972,18423
5643,"James","Smith",1991,15963
5644,"Jane","Brown",1991,13836
5645,"David","Rodriguez",1996,11906
5646,"David","Martinez",1980,10315
5647,"David","Williams",1977,11281
5648,"David","Martinez",1983,11323
5649,"Emma","Davis",1995,15434
5650,"William","Johnson",1984,11717
5651,"David","Rodriguez",1981,17194
5652,"Emily","Jones",1971,14307
5653,"John","Jones",1998,16631
5654,"David","Jones",1973,12868
5655,"Emma","Rodriguez",1974,17443
5656,"Emily","Brown",1987,13837
5657,"Sarah","Johnson",1975,18863
5658,"Olivia","Davis",1973,14068
5659,"Michael","Rodriguez",1973,16279
5660,"Jane","Smith",1976,16686
5661,"William","Miller",1998,13999
5662,"Emily","Rodriguez",1984,11649
5663,"Olivia","Garcia",1971,19830
5664,"John","Miller",1985,12277
5665,"Sarah","Martinez",1995,14564
5666,"Sarah","Miller",1976,10320
5667,"Emily","Rodriguez",1992,19883
5668,"Olivia","Johnson",1991,12308
5669,"Michael","Davis",1975,13056
5670,"John","Williams",1999,11141
5671,"William","Johnson",1974,19623
5672,"Olivia","Brown",1991,12566
5673,"Sarah","Davis",1989,12077
5674,"Emily","Williams",2000,18004
5675,"Emily","Smith",1991,11173
5676,"David","Martinez",1982,13857
5677,"Michael","Williams",1977,14110
5678,"Michael","Brown",1986,16999
5679,"Emma","Johnson",1981,17750
5680,"Emily","Miller",1990,15714
5681,"James","Rodriguez",1984,18430
5682,"John","Brown",1975,12091
5683,"Emily","Miller",1973,17206
5684,"Olivia","Jones",1983,14707
5685,"Jane","Brown",1976,14941
5686,"Michael","Martinez",1988,10584
5687,"Olivia","Martinez",1987,11545
5688,"Sarah","Davis",1984,10400
5689,"William","Jones",1979,16303
5690,"Emily","Johnson",1995,19389
5691,"William","Miller",1977,17138
5692,"Michael","Davis",1995,16029
5693,"William","Brown",1990,16906
5694,"Olivia","Williams",1983,18624
5695,"Jane","Smith",1982,11409
5696,"John","Johnson",1970,15986
5697,"Michael","Garcia",1986,19533
5698,"James","Johnson",1975,12567
5699,"Michael","Jones",1992,18663
5700,"Michael","Garcia",1999,10786
5701,"James","Davis",1979,13511
5702,"Olivia","Garcia",1970,15222
5703,"Emily","Johnson",1990,13933
5704,"Emma","Rodriguez",1975,15349
5705,"Emily","Johnson",1994,17987
5706,"John","Johnson",1983,12989
5707,"Michael","Miller",1977,16432
5708,"William","Rodriguez",1981,11357
5709,"William","Davis",1986,15678
5710,"Sarah","Martinez",1985,11869
5711,"John","Rodriguez",1997,13455
5712,"William","Miller",1977,13600
5713,"Michael","Miller",1979,13945
5714,"Emma","Jones",1972,14910
5715,"Sarah","Brown",1975,10124
5716,"Jane","Johnson",1980,19757
5717,"James","Johnson",1972,14274
5718,"John","Jones",1973,19055
5719,"David","Garcia",1987,14689
5720,"Olivia","Garcia",1973,19146
5721,"David","Jones",1993,18532
5722,"Olivia","Jones",1998,11634
5723,"David","Miller",1998,14892
5724,"Jane","Miller",1974,19504
5725,"Sarah","Davis",1998,12656
5726,"Olivia","Jones",1990,19757
5727,"Sarah","Jones",1970,17234
5728,"Olivia","Williams",1999,19979
5729,"Emily","Johnson",1976,12855
5730,"Emma","Johnson",1982,14545
5731,"Michael","Martinez",1995,11320
5732,"Emily","Miller",1985,17153
5733,"John","Garcia",1990,19335
5734,"William","Davis",1986,16226
5735,"David","Williams",1996,13592
5736,"David","Johnson",1983,12063
5737,"Sarah","Johnson",1995,12836
5738,"William","Davis",1980,13517
5739,"Emma","Martinez",1994,18145
5740,"Jane","Jones",1974,11300
5741,"Olivia","Rodriguez",1980,16575
5742,"William","Garcia",1972,17301
5743,"John","Garcia",1972,14104
5744,"Olivia","Johnson",1984,19350
5745,"Emily","Smith",1982,19289
5746,"William","Garcia",1982,12737
5747,"Emma","Jones",1988,14384
5748,"Sarah","Brown",2000,10565
5749,"Michael","Martinez",1988,16286
5750,"William","Miller",1981,15007
5751,"Jane","Rodriguez",1975,18904
5752,"William","Martinez",1978,16337
5753,"Olivia","Davis",1978,17386
5754,"James","Davis",1999,19649
5755,"Olivia","Martinez",1979,14095
5756,"Olivia","Martinez",1974,16046
5757,"Olivia","Martinez",1995,13161
5758,"Michael","Martinez",1981,19002
5759,"John","Smith",1970,11721
5760,"Michael","Smith",1999,11477
5761,"James","Martinez",1976,14345
5762,"Emma","Garcia",1983,19318
5763,"Olivia","Miller",1972,12389
5764,"James","Jones",1975,15656
5765,"William","Johnson",1981,11050
5766,"Olivia","Garcia",1970,10940
5767,"John","Garcia",1993,10473
5768,"John","Davis",1993,13833
5769,"John","Brown",1985,11297
5770,"William","Williams",1989,16690
5771,"Emily","Williams",1975,19177
5772,"James","Smith",1989,10054
5773,"William","Garcia",1972,10744
5774,"Jane","Miller",1996,12058
5775,"John","Brown",1975,10164
5776,"David","Martinez",1978,12919
5777,"Sarah","Williams",1981,16627
5778,"Emma","Rodriguez",1985,19863
5779,"John","Williams",1993,13580
5780,"David","Johnson",1983,16493
5781,"Emma","Martinez",1974,16145
5782,"William","Brown",2000,14165
5783,"Olivia","Williams",1985,14288
5784,"David","Jones",1982,15415
5785,"Emma","Rodriguez",1980,17652
5786,"Jane","Miller",1999,19380
5787,"David","Miller",2000,13097
5788,"John","Jones",1993,17503
5789,"Sarah","Miller",2000,12573
5790,"Emily","Davis",1999,18574
5791,"Michael","Johnson",1973,13395
5792,"William","Jones",1981,11750
5793,"Emma","Johnson",1981,13406
5794,"David","Williams",1991,14998
5795,"Emma","Brown",1975,10743
5796,"John","Jones",1988,16862
5797,"David","Jones",1989,13199
5798,"Emma","Brown",1992,11653
5799,"William","Smith",1992,17649
5800,"David","Williams",1994,16726
5801,"William","Williams",1983,14504
5802,"Emma","Johnson",1974,16445
5803,"Olivia","Smith",1983,13479
5804,"Michael","Miller",1988,17700
5805,"Emma","Johnson",1990,18440
5806,"Jane","Jones",1994,15480
5807,"Emily","Martinez",1978,11202
5808,"William","Miller",1993,16204
5809,"Emma","Brown",1983,16684
5810,"Emily","Brown",1972,16781
5811,"John","Rodriguez",1981,10788
5812,"Michael","Miller",1976,16554
5813,"James","Smith",1981,18457
5814,"David","Brown",1985,17720
5815,"Michael","Davis",1987,16486
5816,"William","Miller",1982,13334
5817,"David","Miller",1975,19850
5818,"William","Jones",1978,18588
5819,"David","Brown",1995,13820
5820,"Emma","Martinez",2000,13865
5821,"Michael","Smith",1971,11615
5822,"Emily","Miller",1993,12099
5823,"David","Smith",1998,14497
5824,"Emma","Martinez",1979,18773
5825,"William","Garcia",1998,19567
5826,"David","Johnson",1998,18576
5827,"Sarah","Smith",1978,16684
5828,"Emma","Johnson",1985,11100
5829,"Emily","Rodriguez",1997,13739
5830,"Emily","Miller",1991,14225
5831,"Emily","Miller",1984,10811
5832,"Olivia","Garcia",1997,19750
5833,"James","Davis",1995,10767
5834,"Olivia","Williams",1992,15978
5835,"John","Miller",1996,17652
5836,"Olivia","Jones",1984,13039
5837,"James","Davis",1976,17077
5838,"Olivia","Martinez",1989,12008
5839,"Emily","Miller",1985,13117
5840,"Emma","Miller",1980,16389
5841,"William","Davis",1970,13082
5842,"Jane","Rodriguez",1997,16896
5843,"Jane","Davis",1999,16048
5844,"William","Williams",1972,14715
5845,"Emma","Brown",1986,18500
5846,"Olivia","Smith",1981,17820
5847,"Sarah","Garcia",1979,12882
5848,"Emma","Williams",2000,15982
5849,"John","Martinez",1979,11224
5850,"William","Garcia",1999,13423
5851,"Michael","Davis",1973,18995
5852,"Jane","Miller",1973,10129
5853,"Sarah","Johnson",1977,14059
5854,"James","Garcia",1993,13950
5855,"Olivia","Rodriguez",1981,10375
5856,"James","Rodriguez",1993,16327
5857,"Emma","Johnson",1979,10105
5858,"William","Brown",1995,15413
5859,"David","Rodriguez",1992,14638
5860,"William","Martinez",1985,17572
5861,"Emily","Garcia",1989,13077
5862,"Emily","Williams",1973,14714
5863,"William","Brown",1985,17491
5864,"Michael","Rodriguez",1984,13233
5865,"Jane","Rodriguez",1970,12179
5866,"James","Jones",1998,19725
5867,"Olivia","Williams",1991,10624
5868,"William","Williams",2000,18670
5869,"Michael","Brown",1979,14933
5870,"Emma","Williams",1994,13156
5871,"Emma","Rodriguez",1997,14790
5872,"Sarah","Miller",1985,16668
5873,"William","Rodriguez",1978,17296
5874,"Emma","Miller",1982,17254
5875,"Jane","Miller",1984,14074
5876,"John","Davis",1978,17858
5877,"Emily","Miller",1993,10802
5878,"William","Smith",1974,13473
5879,"Emily","Martinez",1974,10864
5880,"Olivia","Rodriguez",1991,14422
5881,"William","Smith",1971,17522
5882,"Emily","Williams",1981,15148
5883,"Michael","Smith",1978,10972
5884,"Jane","Davis",1994,14403
5885,"Sarah","Miller",1986,15617
5886,"Jane","Smith",1988,12864
5887,"David","Garcia",1982,10894
5888,"David","Jones",1986,16506
5889,"Emily","Rodriguez",1975,19183
5890,"William","Smith",1975,18814
5891,"Michael","Davis",1999,16480
5892,"Emily","Smith",1993,18418
5893,"Olivia","Johnson",1979,10816
5894,"James","Williams",1977,10111
5895,"Michael","Brown",1992,12143
5896,"Jane","Davis",1991,19116
5897,"David","Smith",1998,17998
5898,"Emma","Williams",1980,11819
5899,"David","Garcia",2000,14488
5900,"James","Williams",1980,15098
5901,"David","Williams",1986,12099
5902,"William","Jones",1975,17291
5903,"Emily","Jones",1980,17680
5904,"Sarah","Davis",1993,12627
5905,"David","Davis",1984,19598
5906,"Emma","Davis",1997,16038
5907,"Emily","Smith",1995,12435
5908,"William","Williams",1984,10814
5909,"Emma","Rodriguez",1986,13420
5910,"Michael","Jones",1983,14713
5911,"Sarah","Rodriguez",1977,14552
5912,"Emily","Brown",1977,11676
5913,"Michael","Brown",1980,15217
5914,"John","Brown",1986,13279
5915,"Olivia","Williams",1970,17891
5916,"Emma","Davis",1981,17881
5917,"James","Jones",1998,16576
5918,"Michael","Brown",1980,14763
5919,"Jane","Williams",1973,16163
5920,"Olivia","Davis",1992,19593
5921,"Emily","Jones",1974,14457
5922,"Olivia","Brown",1972,16515
5923,"Emma","Johnson",1985,16178
5924,"John","Williams",1982,17094
5925,"Emma","Garcia",1987,17562
5926,"John","Miller",1979,19768
5927,"Jane","Davis",1995,11519
5928,"John","Martinez",1991,12135
5929,"Michael","Martinez",1979,18758
5930,"Sarah","Martinez",1974,16191
5931,"James","Jones",1989,10896
5932,"Olivia","Williams",1971,11333
5933,"Jane","Williams",1972,14137
5934,"Michael","Garcia",1997,17901
5935,"Emma","Rodriguez",1995,19718
5936,"John","Rodriguez",1981,11860
5937,"William","Miller",1992,16882
5938,"James","Smith",1973,16974
5939,"John","Garcia",1975,15721
5940,"Olivia","Johnson",1976,16346
5941,"Michael","Rodriguez",1971,19018
5942,"Olivia","Miller",1970,15508
5943,"John","Smith",1996,15657
5944,"Olivia","Williams",1991,11742
5945,"Emily","Rodriguez",1983,12193
5946,"Sarah","Jones",1982,18849
5947,"James","Davis",1979,10057
5948,"Emma","Jones",1981,19133
5949,"Emily","Johnson",1973,18379
5950,"William","Davis",1986,15547
5951,"John","Williams",1994,16474
5952,"Olivia","Garcia",1971,18735
5953,"David","Miller",1978,10904
5954,"Olivia","Miller",1987,11173
5955,"John","Garcia",1995,15300
5956,"John","Miller",1979,14358
5957,"Emma","Brown",1981,11429
5958,"Michael","Brown",1975,10641
5959,"Michael","Smith",1999,16609
5960,"Emma","Williams",1978,17510
5961,"Jane","Miller",1983,16270
5962,"John","Davis",1973,16082
5963,"John","Rodriguez",1985,18242
5964,"William","Brown",1985,19750
5965,"Michael","Smith",1987,16432
5966,"Emily","Johnson",1989,13257
5967,"Olivia","Rodriguez",1983,15576
5968,"Emily","Garcia",1982,15209
5969,"William","Garcia",1998,18822
5970,"Sarah","Rodriguez",1977,11956
5971,"Olivia","Rodriguez",1994,15063
5972,"Emily","Miller",1992,10874
5973,"William","Miller",1976,14178
5974,"Michael","Garcia",1985,16908
5975,"Sarah","Williams",1977,13630
5976,"Jane","Jones",1972,15214
5977,"Emma","Smith",1977,15377
5978,"Michael","Davis",1995,18591
5979,"Emma","Johnson",1982,19071
5980,"Emily","Davis",1990,19119
5981,"Michael","Martinez",1991,18061
5982,"Olivia","Garcia",1973,17202
5983,"Michael","Garcia",1993,16938
5984,"Emma","Rodriguez",1984,15037
5985,"Emily","Martinez",1970,16172
5986,"Emma","Smith",1971,10350
5987,"William","Martinez",1988,17265
5988,"William","Davis",1988,16563
5989,"David","Davis",1974,17759
5990,"Olivia","Brown",1980,16435
5991,"Emily","Garcia",1987,19257
5992,"Emily","Martinez",1999,11921
5993,"Michael","Garcia",1983,15230
5994,"Jane","Garcia",1990,14916
5995,"John","Davis",1997,16151
5996,"John","Rodriguez",2000,14722
5997,"James","Miller",1973,12005
5998,"David","Williams",1972,12644
5999,"Michael","Davis",1979,16254
6000,"John","Jones",1995,15542
6001,"John","Williams",1988,12876
6002,"Sarah","Martinez",1978,15582
6003,"Emma","Johnson",1995,14139
6004,"Jane","Williams",1985,13261
6005,"William","Williams",1994,12000
6006,"Michael","Davis",1974,15365
6007,"William","Johnson",1999,12716
6008,"James","Jones",1972,17891
6009,"Sarah","Williams",1993,18288
6010,"James","Johnson",1994,19506
6011,"William","Brown",1971,12345
6012,"Sarah","Johnson",1992,12439
6013,"Emily","Davis",1985,17449
6014,"James","Davis",1974,15948
6015,"Emma","Williams",1989,19119
6016,"Emma","Rodriguez",1993,14797
6017,"Emma","Rodriguez",1976,16808
6018,"John","Garcia",1987,13202
6019,"Olivia","Davis",1973,13056
6020,"David","Smith",1981,10314
6021,"John","Garcia",1999,14184
6022,"Jane","Williams",1994,16059
6023,"Olivia","Brown",1981,12711
6024,"Sarah","Jones",1993,11278
6025,"Jane","Garcia",1991,15612
6026,"John","Davis",1979,12352
6027,"Emma","Garcia",1980,14322
6028,"Olivia","Rodriguez",1993,12520
6029,"Sarah","Williams",1989,12780
6030,"Sarah","Jones",1978,13458
6031,"William","Brown",1980,17350
6032,"Michael","Miller",1998,10578
6033,"David","Miller",2000,10089
6034,"David","Rodriguez",1988,10813
6035,"Emma","Smith",1970,10721
6036,"David","Williams",1991,15008
6037,"David","Rodriguez",1989,10995
6038,"Jane","Jones",1983,15719
6039,"Jane","Williams",1993,10516
6040,"Sarah","Miller",1977,17779
6041,"William","Smith",1996,18706
6042,"James","Johnson",1979,12344
6043,"James","Rodriguez",1987,10461
6044,"John","Johnson",1986,17100
6045,"Emily","Jones",1984,14746
6046,"William","Jones",1991,16642
6047,"Emma","Johnson",1977,18078
6048,"James","Johnson",1990,18260
6049,"Jane","Brown",1982,15007
6050,"David","Johnson",1974,17555
6051,"James","Johnson",1991,12433
6052,"Emily","Brown",1993,12305
6053,"Jane","Miller",1982,11339
6054,"Sarah","Garcia",1985,19604
6055,"Olivia","Smith",1977,19395
6056,"Jane","Miller",1988,15666
6057,"Sarah","Williams",1973,11534
6058,"David","Garcia",1998,17789
6059,"Michael","Johnson",1992,11246
6060,"Emily","Johnson",1989,18423
6061,"Emily","Miller",1979,12768
6062,"James","Williams",1982,14603
6063,"James","Brown",1983,17084
6064,"Jane","Rodriguez",1972,18792
6065,"Emily","Smith",1999,18832
6066,"John","Garcia",1990,16841
6067,"David","Martinez",1986,18737
6068,"David","Martinez",1992,14009
6069,"Emily","Davis",1970,15646
6070,"Jane","Brown",1984,14662
6071,"Michael","Garcia",1979,13089
6072,"James","Martinez",1983,16202
6073,"William","Davis",1992,14969
6074,"David","Brown",1999,17833
6075,"Emily","Williams",1974,11961
6076,"William","Johnson",1986,12190
6077,"James","Smith",1976,13943
6078,"Emily","Brown",1977,17472
6079,"Emily","Johnson",1984,17475
6080,"James","Jones",1988,10067
6081,"Emily","Garcia",1984,15915
6082,"James","Miller",1992,15880
6083,"Sarah","Jones",1982,18709
6084,"Emily","Smith",1979,12175
6085,"Emma","Jones",1972,17840
6086,"Emily","Johnson",1977,12043
6087,"William","Miller",1985,16629
6088,"Emma","Martinez",1973,16786
6089,"James","Williams",1989,15911
6090,"Sarah","Martinez",1986,19594
6091,"Emily","Brown",1976,11015
6092,"Jane","Garcia",1979,14849
6093,"John","Martinez",1975,16779
6094,"Jane","Jones",2000,19710
6095,"David","Williams",1985,18973
6096,"William","Martinez",1985,11842
6097,"Michael","Smith",1977,14962
6098,"David","Martinez",1983,13946
6099,"William","Miller",2000,13673
6100,"James","Smith",1983,16390
6101,"William","Williams",1990,16485
6102,"Olivia","Garcia",1970,17271
6103,"Emily","Miller",1974,17500
6104,"John","Smith",1977,15625
6105,"Sarah","Miller",1979,15729
6106,"Michael","Miller",1987,10623
6107,"David","Johnson",1980,13555
6108,"John","Williams",1974,16785
6109,"Emma","Jones",1974,15416
6110,"Jane","Martinez",1971,17134
6111,"Sarah","Johnson",1971,19526
6112,"David","Jones",2000,17363
6113,"Jane","Garcia",1973,17439
6114,"Jane","Miller",1973,13566
6115,"Olivia","Garcia",1990,12893
6116,"Emily","Brown",1997,17739
6117,"Emma","Williams",1998,12094
6118,"William","Brown",1994,11154
6119,"David","Davis",1970,18427
6120,"Jane","Brown",1971,10524
6121,"John","Garcia",1998,16893
6122,"Emily","Davis",1972,14263
6123,"Emily","Rodriguez",1995,15893
6124,"Olivia","Brown",1976,17959
6125,"John","Williams",1994,18654
6126,"Emily","Davis",1971,14017
6127,"Sarah","Davis",1987,15779
6128,"Emma","Rodriguez",1978,18425
6129,"Emily","Smith",1979,15562
6130,"John","Jones",1999,11747
6131,"John","Brown",1987,13243
6132,"William","Johnson",1992,12872
6133,"James","Martinez",1985,12032
6134,"John","Rodriguez",1995,12074
6135,"David","Rodriguez",1993,15797
6136,"Emma","Rodriguez",1994,16560
6137,"John","Jones",1975,12977
6138,"Jane","Smith",1987,14174
6139,"James","Rodriguez",1998,19437
6140,"Sarah","Brown",1981,13612
6141,"James","Brown",1997,14542
6142,"James","Brown",1985,16035
6143,"John","Jones",1983,13920
6144,"Olivia","Davis",1990,18522
6145,"Jane","Miller",1980,14421
6146,"Emma","Garcia",1989,14666
6147,"Michael","Rodriguez",1990,14017
6148,"David","Garcia",1981,11819
6149,"John","Smith",1980,13817
6150,"Sarah","Jones",1993,13505
6151,"John","Williams",1982,11220
6152,"Michael","Jones",1993,10053
6153,"Sarah","Brown",1985,13565
6154,"Emma","Williams",1985,19431
6155,"Emily","Brown",1973,18749
6156,"James","Smith",1998,19113
6157,"William","Smith",1996,18680
6158,"Sarah","Jones",1999,16290
6159,"William","Williams",1998,16283
6160,"Michael","Garcia",1986,19884
6161,"James","Miller",1978,14070
6162,"Emma","Garcia",1975,19264
6163,"Olivia","Jones",1986,10529
6164,"James","Jones",1977,12054
6165,"Olivia","Davis",1994,16800
6166,"John","Rodriguez",1972,12832
6167,"Jane","Davis",1990,18370
6168,"Olivia","Williams",1994,19674
6169,"David","Davis",1983,13460
6170,"David","Miller",1974,10910
6171,"Olivia","Williams",1975,15279
6172,"Jane","Williams",1986,16894
6173,"David","Davis",1976,19037
6174,"Emma","Smith",1994,13045
6175,"David","Miller",1992,15143
6176,"Emily","Johnson",1977,15059
6177,"Sarah","Garcia",1990,16653
6178,"David","Smith",1999,14583
6179,"James","Johnson",1981,10236
6180,"Jane","Brown",1994,15928
6181,"Jane","Brown",1970,17589
6182,"John","Garcia",1998,10702
6183,"Olivia","Davis",1994,10995
6184,"Michael","Brown",1993,10375
6185,"Olivia","Williams",2000,18091
6186,"Michael","Jones",1992,16840
6187,"Emma","Williams",1991,10905
6188,"James","Brown",1994,12931
6189,"Sarah","Jones",1985,14839
6190,"Emma","Williams",1979,13362
6191,"Emily","Smith",1974,13961
6192,"Michael","Jones",1981,15953
6193,"James","Garcia",1980,15491
6194,"David","Brown",1985,13322
6195,"James","Johnson",1998,13422
6196,"John","Davis",2000,13549
6197,"Sarah","Johnson",1971,16469
6198,"John","Miller",1993,14146
6199,"Emma","Rodriguez",1987,17620
6200,"John","Brown",1988,13281
6201,"Sarah","Brown",1998,12930
6202,"David","Smith",1979,17730
6203,"Olivia","Brown",1977,11149
6204,"Michael","Jones",1976,13610
6205,"James","Miller",1992,11634
6206,"Sarah","Martinez",1974,11273
6207,"Michael","Jones",1993,11552
6208,"Michael","Davis",1981,15647
6209,"James","Smith",1973,19666
6210,"James","Davis",1988,12222
6211,"Emma","Jones",1991,19888
6212,"Emily","Davis",1992,10919
6213,"Emma","Smith",2000,18061
6214,"Sarah","Brown",1994,13944
6215,"James","Jones",1981,11187
6216,"Olivia","Davis",1973,10413
6217,"Michael","Martinez",1988,11317
6218,"Jane","Garcia",1995,10843
6219,"James","Brown",1996,10949
6220,"Jane","Davis",1975,11197
6221,"Emma","Rodriguez",1977,14387
6222,"James","Brown",1977,11858
6223,"John","Jones",1974,15959
6224,"Sarah","Brown",1976,16474
6225,"James","Miller",1998,19511
6226,"Emily","Miller",1981,11056
6227,"Olivia","Brown",2000,10950
6228,"Olivia","Smith",1988,10724
6229,"John","Smith",1971,11851
6230,"James","Miller",1980,14836
6231,"Emma","Williams",1984,15666
6232,"Sarah","Miller",1985,13622
6233,"Michael","Miller",1982,15481
6234,"William","Miller",1986,14803
6235,"Emily","Williams",1982,18509
6236,"John","Rodriguez",1986,17653
6237,"John","Johnson",1972,16422
6238,"William","Miller",1978,10981
6239,"Jane","Martinez",1995,17715
6240,"Jane","Miller",1992,15709
6241,"Michael","Brown",1976,13710
6242,"James","Smith",1993,17107
6243,"Sarah","Brown",1985,19842
6244,"Michael","Smith",1977,12863
6245,"Michael","Brown",1993,13968
6246,"Michael","Brown",1997,11334
6247,"Sarah","Martinez",1996,17325
6248,"Emma","Jones",1979,16819
6249,"Olivia","Smith",1989,12483
6250,"Olivia","Brown",1977,11501
6251,"Michael","Smith",1977,13948
6252,"Jane","Smith",1971,12971
6253,"John","Garcia",1998,12308
6254,"Michael","Smith",2000,12233
6255,"Emily","Jones",1999,12384
6256,"James","Brown",1986,11057
6257,"Emily","Williams",1992,19702
6258,"Jane","Smith",1970,11456
6259,"Michael","Rodriguez",1987,14448
6260,"Olivia","Martinez",1987,17380
6261,"Michael","Williams",2000,19933
6262,"James","Rodriguez",1988,11317
6263,"Emma","Miller",1979,15638
6264,"Jane","Jones",1999,17554
6265,"James","Garcia",1989,19763
6266,"William","Jones",1971,16398
6267,"Jane","Smith",1985,18811
6268,"John","Brown",1976,19365
6269,"David","Brown",1984,11357
6270,"James","Williams",1993,19749
6271,"Emily","Smith",1999,15755
6272,"William","Brown",1987,16269
6273,"Michael","Martinez",1999,18789
6274,"Jane","Davis",1992,13163
6275,"Michael","Davis",1995,15353
6276,"David","Williams",1989,11748
6277,"Olivia","Jones",1983,16282
6278,"Olivia","Brown",1975,12423
6279,"Michael","Johnson",1989,10533
6280,"Emily","Garcia",1996,16314
6281,"Emily","Jones",1982,10740
6282,"John","Davis",1988,18478
6283,"Olivia","Smith",1977,17783
6284,"Emma","Davis",1998,10094
6285,"Michael","Williams",1998,16279
6286,"Sarah","Rodriguez",1982,17367
6287,"Olivia","Jones",1977,19939
6288,"Jane","Jones",1973,13166
6289,"Emma","Garcia",1975,18849
6290,"William","Johnson",1974,15596
6291,"Sarah","Williams",1989,13682
6292,"Emily","Jones",1992,10415
6293,"John","Garcia",1984,16266
6294,"Jane","Miller",1990,19170
6295,"Emma","Rodriguez",1974,18875
6296,"Sarah","Williams",1994,17492
6297,"Emma","Davis",1996,13898
6298,"Olivia","Rodriguez",1973,11540
6299,"John","Miller",1997,14694
6300,"David","Miller",1986,12748
6301,"Jane","Brown",1987,13199
6302,"John","Davis",1982,17971
6303,"Michael","Johnson",1989,18229
6304,"Michael","Davis",1980,10659
6305,"Sarah","Johnson",1983,13915
6306,"John","Johnson",1980,16436
6307,"Emma","Brown",1997,11937
6308,"Michael","Rodriguez",1979,12250
6309,"Emma","Davis",1981,16562
6310,"Michael","Brown",1970,13045
6311,"Michael","Brown",1993,12278
6312,"Emily","Williams",1990,18286
6313,"William","Miller",1978,16809
6314,"William","Brown",1991,17144
6315,"Emma","Garcia",1989,11019
6316,"Emily","Rodriguez",1999,17926
6317,"James","Brown",1986,10036
6318,"Emma","Martinez",1982,17564
6319,"Michael","Jones",1981,15473
6320,"Olivia","Miller",1987,12958
6321,"Jane","Johnson",1996,12481
6322,"Sarah","Smith",1990,15643
6323,"David","Brown",1989,10521
6324,"William","Garcia",1977,17082
6325,"Sarah","Davis",1974,16508
6326,"Olivia","Rodriguez",1980,14551
6327,"Olivia","Miller",1983,10314
6328,"John","Smith",1991,11497
6329,"Olivia","Smith",1981,17103
6330,"Olivia","Brown",1992,11942
6331,"David","Brown",1979,10940
6332,"Sarah","Garcia",1989,16029
6333,"Olivia","Miller",1973,14862
6334,"Emily","Davis",1987,12280
6335,"Sarah","Smith",1986,11435
6336,"William","Garcia",1983,18386
6337,"Sarah","Miller",1999,13407
6338,"Michael","Davis",1997,15693
6339,"James","Davis",1980,18899
6340,"Sarah","Martinez",1982,11416
6341,"John","Martinez",1971,18463
6342,"William","Johnson",1973,15185
6343,"Sarah","Miller",1975,14090
6344,"Michael","Garcia",1993,14408
6345,"Emma","Johnson",1991,14598
6346,"Emma","Garcia",1985,13541
6347,"James","Martinez",1998,19693
6348,"David","Johnson",1985,18420
6349,"Emily","Johnson",1990,18446
6350,"James","Brown",1974,15304
6351,"Jane","Williams",1976,19262
6352,"Jane","Davis",1999,10813
6353,"James","Garcia",1974,18536
6354,"Sarah","Jones",1980,14393
6355,"Olivia","Johnson",1972,10650
6356,"Emily","Jones",1998,11556
6357,"Olivia","Brown",1986,12091
6358,"Emily","Brown",1976,19138
6359,"David","Miller",1992,19344
6360,"James","Miller",1978,17440
6361,"James","Rodriguez",1976,10653
6362,"Sarah","Davis",1992,18566
6363,"Sarah","Williams",1989,10781
6364,"Emily","Smith",1989,13582
6365,"Sarah","Williams",1985,13912
6366,"Sarah","Miller",1981,10219
6367,"Jane","Martinez",1979,17618
6368,"Michael","Williams",1975,17634
6369,"Michael","Garcia",1989,16639
6370,"John","Martinez",1971,15711
6371,"John","Brown",1999,15609
6372,"James","Jones",1984,10324
6373,"Jane","Smith",1981,19122
6374,"Jane","Martinez",1978,11414
6375,"John","Smith",1984,13860
6376,"Olivia","Garcia",1991,19186
6377,"Sarah","Johnson",1973,14040
6378,"John","Smith",1997,19891
6379,"Olivia","Smith",1997,19966
6380,"James","Jones",2000,18688
6381,"Michael","Smith",1977,12586
6382,"Emma","Miller",1970,18190
6383,"Olivia","Brown",1982,14812
6384,"David","Martinez",1975,17996
6385,"David","Williams",1980,15017
6386,"James","Rodriguez",1993,13917
6387,"James","Miller",1999,11392
6388,"David","Davis",2000,13538
6389,"Emma","Davis",1996,13104
6390,"Emma","Garcia",1992,10518
6391,"William","Williams",1982,12753
6392,"David","Johnson",1989,18748
6393,"Jane","Jones",1971,14388
6394,"Sarah","Williams",1973,17477
6395,"Emma","Martinez",1981,15824
6396,"Michael","Miller",1974,12890
6397,"Sarah","Johnson",1971,16328
6398,"Sarah","Rodriguez",1970,19669
6399,"James","Brown",1980,12735
6400,"John","Garcia",1970,15864
6401,"John","Brown",1997,18044
6402,"Olivia","Garcia",1987,11291
6403,"Olivia","Brown",1978,14579
6404,"Jane","Johnson",1993,13373
6405,"Michael","Rodriguez",1984,15154
6406,"Emma","Rodriguez",1990,17624
6407,"Emily","Martinez",1995,19364
6408,"James","Davis",1973,10803
6409,"Emma","Brown",1985,16728
6410,"Emma","Miller",1975,18542
6411,"William","Brown",1977,19106
6412,"William","Davis",1977,10115
6413,"John","Miller",1984,13901
6414,"Olivia","Davis",1993,19216
6415,"Emily","Jones",1981,19844
6416,"Sarah","Davis",1980,18036
6417,"William","Brown",1989,16293
6418,"Michael","Jones",1983,17882
6419,"Sarah","Davis",1974,18735
6420,"William","Johnson",1997,16149
6421,"Emma","Davis",1982,12244
6422,"Michael","Davis",1977,11173
6423,"John","Johnson",1994,15618
6424,"David","Johnson",1983,11781
6425,"John","Williams",1980,11680
6426,"Emily","Williams",1998,18171
6427,"Emily","Smith",1997,15860
6428,"William","Garcia",1976,19870
6429,"James","Williams",1985,14011
6430,"William","Smith",1988,18696
6431,"Michael","Smith",1978,18479
6432,"John","Martinez",1992,10573
6433,"Olivia","Smith",1990,13085
6434,"Emma","Johnson",1992,11105
6435,"John","Martinez",1987,15715
6436,"Michael","Miller",2000,10122
6437,"Emily","Johnson",1975,18724
6438,"Michael","Williams",1987,11822
6439,"David","Martinez",1979,18721
6440,"Michael","Jones",1996,18740
6441,"David","Smith",1990,15859
6442,"Emily","Miller",1976,19186
6443,"John","Miller",1993,14176
6444,"Emily","Williams",1985,12150
6445,"Michael","Williams",1977,17574
6446,"Sarah","Johnson",1984,15294
6447,"William","Martinez",1980,16872
6448,"William","Garcia",1976,11704
6449,"Emma","Brown",1986,12940
6450,"Jane","Smith",1978,15332
6451,"Olivia","Miller",1995,12455
6452,"Emily","Miller",1999,19378
6453,"David","Rodriguez",1977,16813
6454,"John","Johnson",1989,16901
6455,"Olivia","Rodriguez",1970,17360
6456,"James","Williams",1985,11896
6457,"Jane","Smith",1977,14216
6458,"William","Rodriguez",1976,16665
6459,"Michael","Martinez",1982,16066
6460,"Jane","Brown",1976,11244
6461,"David","Brown",1990,10386
6462,"Olivia","Williams",1981,12898
6463,"William","Garcia",1985,12942
6464,"Emily","Rodriguez",1979,16838
6465,"David","Garcia",1986,19649
6466,"William","Williams",1975,14558
6467,"Michael","Miller",1985,18471
6468,"David","Johnson",1974,12926
6469,"Emily","Brown",1993,19575
6470,"James","Jones",1991,16797
6471,"Emma","Williams",1990,17388
6472,"Emma","Martinez",1992,10164
6473,"Olivia","Johnson",1974,17301
6474,"Michael","Johnson",1975,16761
6475,"Jane","Martinez",2000,11440
6476,"David","Smith",1981,14601
6477,"William","Rodriguez",1974,19621
6478,"Emily","Brown",1983,15523
6479,"Emma","Jones",1977,14548
6480,"James","Garcia",1970,18679
6481,"Michael","Jones",1995,13192
6482,"David","Brown",1986,17152
6483,"Michael","Miller",1984,16859
6484,"Emily","Rodriguez",1987,13884
6485,"Emily","Johnson",1984,16109
6486,"Sarah","Miller",1982,15382
6487,"William","Garcia",1976,15281
6488,"Sarah","Jones",1986,14768
6489,"Sarah","Martinez",1977,12982
6490,"Olivia","Miller",1981,15416
6491,"Jane","Davis",1981,15220
6492,"Olivia","Martinez",1999,16031
6493,"Emily","Martinez",1972,13395
6494,"Emily","Williams",1981,19378
6495,"Olivia","Brown",1980,19274
6496,"William","Jones",1983,16647
6497,"James","Williams",1983,11705
6498,"Michael","Williams",1992,15060
6499,"William","Martinez",1976,14153
6500,"Emily","Johnson",1986,12322
6501,"Emily","Williams",1984,17541
6502,"Emma","Martinez",1992,14490
6503,"William","Jones",1996,14812
6504,"James","Williams",1992,15918
6505,"Jane","Smith",1991,19908
6506,"Olivia","Rodriguez",1996,14916
6507,"William","Smith",1970,10404
6508,"Michael","Jones",1996,17351
6509,"James","Smith",1971,13300
6510,"Emma","Miller",1989,11997
6511,"Olivia","Rodriguez",1993,11082
6512,"Olivia","Davis",1976,18894
6513,"David","Martinez",1991,17765
6514,"James","Garcia",1987,14582
6515,"Olivia","Jones",1988,16274
6516,"Sarah","Miller",1996,14507
6517,"Michael","Brown",1983,11538
6518,"William","Martinez",1988,12027
6519,"James","Jones",1990,16779
6520,"Michael","Rodriguez",1998,13121
6521,"John","Martinez",1983,19728
6522,"Michael","Smith",1983,13695
6523,"Olivia","Davis",1999,10215
6524,"Sarah","Smith",1998,13114
6525,"John","Rodriguez",1980,14912
6526,"Emma","Garcia",1988,11916
6527,"Jane","Johnson",1995,15349
6528,"Michael","Davis",1981,18849
6529,"Emily","Miller",1999,18539
6530,"Emma","Smith",1987,11022
6531,"Sarah","Jones",1970,14419
6532,"William","Smith",1982,17156
6533,"James","Martinez",1976,14587
6534,"Emma","Garcia",1983,19348
6535,"William","Williams",1993,16357
6536,"Sarah","Johnson",1976,19385
6537,"William","Miller",1993,15992
6538,"David","Brown",1971,11746
6539,"Emma","Martinez",1977,13335
6540,"Jane","Miller",1977,13823
6541,"Emily","Williams",1993,12950
6542,"John","Williams",1978,19478
6543,"Jane","Williams",1981,12461
6544,"James","Rodriguez",1987,15743
6545,"David","Jones",1986,13509
6546,"William","Martinez",1978,19635
6547,"Emily","Garcia",1989,18386
6548,"John","Brown",1997,16459
6549,"Emma","Brown",1980,18615
6550,"Sarah","Williams",2000,19473
6551,"Olivia","Brown",1987,17562
6552,"Emily","Brown",1995,11475
6553,"David","Williams",2000,18166
6554,"William","Davis",1991,14278
6555,"John","Miller",1986,18867
6556,"Olivia","Garcia",1970,12487
6557,"Sarah","Williams",1978,12764
6558,"David","Johnson",1978,17765
6559,"Michael","Johnson",1975,13647
6560,"William","Garcia",1985,19535
6561,"David","Williams",1970,17096
6562,"Jane","Miller",1976,19466
6563,"Jane","Rodriguez",1987,12345
6564,"Jane","Garcia",1975,18333
6565,"James","Miller",1983,11632
6566,"John","Smith",1973,12492
6567,"Sarah","Johnson",1971,10172
6568,"Emily","Williams",2000,12667
6569,"Olivia","Jones",1988,11829
6570,"David","Martinez",1975,18149
6571,"William","Johnson",1976,15857
6572,"David","Martinez",1979,14956
6573,"Emily","Garcia",1998,19644
6574,"Olivia","Miller",1991,11770
6575,"David","Garcia",1985,19675
6576,"Olivia","Jones",1991,13975
6577,"Michael","Miller",1988,18347
6578,"Sarah","Johnson",1996,12329
6579,"Sarah","Jones",1986,13230
6580,"Emma","Davis",1982,12798
6581,"John","Johnson",1989,11716
6582,"William","Smith",1984,16326
6583,"John","Smith",1985,16042
6584,"John","Martinez",1995,14403
6585,"John","Miller",1995,16350
6586,"Jane","Davis",2000,13677
6587,"Sarah","Johnson",1977,10662
6588,"Emma","Martinez",1979,10081
6589,"David","Martinez",1983,15295
6590,"William","Davis",1975,12971
6591,"Sarah","Jones",1976,16797
6592,"Michael","Davis",1993,10052
6593,"Jane","Brown",1992,11042
6594,"Emily","Rodriguez",1987,15328
6595,"Sarah","Miller",1971,18253
6596,"Michael","Brown",1998,10811
6597,"John","Garcia",1971,17526
6598,"James","Miller",1977,15235
6599,"Sarah","Williams",1979,17898
6600,"James","Garcia",1987,13157
6601,"David","Brown",1999,16018
6602,"Michael","Davis",1977,14938
6603,"David","Martinez",1977,17024
6604,"Michael","Miller",1975,10991
6605,"John","Garcia",1984,13196
6606,"William","Jones",1989,16019
6607,"Jane","Martinez",1975,14212
6608,"James","Martinez",1971,13890
6609,"Emma","Smith",1982,17820
6610,"Olivia","Smith",1975,10120
6611,"Emily","Miller",1988,16023
6612,"William","Rodriguez",1974,18002
6613,"James","Martinez",1990,19857
6614,"Emily","Garcia",2000,15345
6615,"William","Johnson",1987,11535
6616,"Sarah","Garcia",1988,17180
6617,"James","Williams",1988,16831
6618,"Emily","Jones",1985,10170
6619,"Olivia","Williams",1976,15966
6620,"John","Smith",1978,14088
6621,"William","Johnson",1993,19753
6622,"Sarah","Rodriguez",1989,12961
6623,"James","Rodriguez",1979,18597
6624,"William","Johnson",1973,13979
6625,"John","Williams",1986,13283
6626,"Emily","Rodriguez",1978,18685
6627,"David","Jones",1975,17814
6628,"James","Williams",1987,16326
6629,"John","Martinez",1977,19673
6630,"Jane","Martinez",1988,14238
6631,"Olivia","Rodriguez",1975,12328
6632,"Emily","Miller",1987,10722
6633,"Emma","Jones",1978,19328
6634,"Michael","Davis",1984,15539
6635,"Jane","Davis",1982,13898
6636,"Sarah","Smith",1996,16965
6637,"John","Miller",1995,18377
6638,"Sarah","Garcia",1983,16961
6639,"Jane","Martinez",1995,17001
6640,"James","Garcia",1998,12936
6641,"David","Rodriguez",1985,11253
6642,"William","Smith",1977,15932
6643,"Sarah","Brown",1970,19029
6644,"Emma","Miller",1971,17220
6645,"John","Rodriguez",1976,17335
6646,"Emma","Rodriguez",1992,10341
6647,"Emma","Johnson",1978,16327
6648,"Sarah","Williams",1973,15444
6649,"Jane","Williams",1982,16979
6650,"Michael","Smith",1974,13815
6651,"James","Miller",1984,12704
6652,"Olivia","Martinez",1976,13140
6653,"John","Williams",1991,14121
6654,"James","Jones",1991,16371
6655,"Michael","Miller",1987,17236
6656,"Jane","Johnson",1999,11497
6657,"Emma","Davis",1985,10373
6658,"Jane","Johnson",1980,18870
6659,"Emma","Garcia",1991,16302
6660,"Sarah","Rodriguez",1978,17313
6661,"Emma","Rodriguez",1975,16869
6662,"Olivia","Rodriguez",1985,18019
6663,"Emma","Brown",1979,19512
6664,"David","Miller",1987,14044
6665,"Olivia","Jones",1998,15244
6666,"David","Miller",1987,10321
6667,"Olivia","Martinez",1977,14239
6668,"Emily","Johnson",1972,12282
6669,"Michael","Martinez",1978,11109
6670,"Sarah","Miller",1980,11905
6671,"David","Smith",1973,10619
6672,"Emily","Johnson",1970,15182
6673,"Jane","Brown",1985,11576
6674,"William","Smith",2000,11720
6675,"Michael","Brown",1978,18930
6676,"John","Garcia",1983,13970
6677,"Jane","Smith",1991,12258
6678,"Jane","Garcia",1982,16057
6679,"William","Martinez",1999,19160
6680,"Michael","Miller",1973,17424
6681,"William","Smith",1975,11773
6682,"William","Rodriguez",1993,14805
6683,"Emma","Rodriguez",1971,18001
6684,"John","Johnson",1982,17592
6685,"Jane","Garcia",1973,12779
6686,"John","Davis",1994,17233
6687,"Sarah","Rodriguez",1991,17856
6688,"James","Garcia",1980,12916
6689,"Sarah","Garcia",1991,17274
6690,"Olivia","Smith",1999,12676
6691,"Michael","Rodriguez",1983,12024
6692,"William","Davis",1997,13840
6693,"David","Davis",1983,15543
6694,"Emma","Jones",1988,15592
6695,"Emma","Johnson",1986,17809
6696,"David","Smith",1982,17559
6697,"Sarah","Garcia",1970,19336
6698,"Olivia","Davis",1970,17226
6699,"Emily","Johnson",1994,16797
6700,"James","Martinez",1999,10028
6701,"John","Williams",1976,13585
6702,"John","Rodriguez",1984,19984
6703,"James","Brown",1988,14489
6704,"Olivia","Garcia",1977,19257
6705,"Sarah","Brown",1971,17948
6706,"David","Martinez",1974,10413
6707,"Michael","Smith",1993,12805
6708,"William","Rodriguez",1983,13960
6709,"Olivia","Williams",1978,14093
6710,"William","Davis",1994,11200
6711,"Emily","Jones",1995,18520
6712,"Sarah","Miller",1981,10275
6713,"Emma","Miller",1976,19208
6714,"Emma","Garcia",1994,17896
6715,"John","Jones",1975,18191
6716,"Emily","Rodriguez",1996,10277
6717,"Emily","Martinez",1972,10779
6718,"David","Miller",1980,12476
6719,"Jane","Martinez",1984,10717
6720,"Michael","Rodriguez",1972,12486
6721,"Emma","Rodriguez",1982,13430
6722,"Michael","Jones",1972,16506
6723,"Michael","Johnson",1985,12529
6724,"John","Williams",1973,11853
6725,"Emily","Johnson",1987,18466
6726,"Jane","Smith",1977,19872
6727,"Emma","Williams",1974,12757
6728,"Emily","Miller",1998,10755
6729,"Michael","Miller",1974,16900
6730,"Emily","Miller",1987,17824
6731,"Emma","Jones",1988,15187
6732,"Emily","Martinez",1970,12116
6733,"Michael","Rodriguez",1974,14817
6734,"Emily","Rodriguez",1977,13855
6735,"Jane","Smith",1977,12830
6736,"Sarah","Williams",1990,11194
6737,"John","Brown",1990,12408
6738,"John","Brown",1993,16079
6739,"Olivia","Rodriguez",1997,19531
6740,"David","Davis",1983,15260
6741,"James","Davis",1985,18941
6742,"Jane","Williams",1972,17728
6743,"Michael","Johnson",1984,11971
6744,"David","Davis",1986,12691
6745,"Sarah","Miller",1985,12599
6746,"John","Jones",1971,18087
6747,"Emma","Williams",1999,10097
6748,"Sarah","Smith",1970,16885
6749,"Michael","Miller",1989,14992
6750,"John","Garcia",1978,16624
6751,"Michael","Martinez",1975,16433
6752,"John","Martinez",1979,13733
6753,"Olivia","Garcia",1999,11167
6754,"Jane","Jones",2000,12628
6755,"Emma","Garcia",1989,12053
6756,"John","Rodriguez",1973,11107
6757,"Olivia","Garcia",1987,13439
6758,"David","Smith",1990,18823
6759,"Olivia","Miller",1999,18158
6760,"Olivia","Garcia",1977,17567
6761,"Emma","Rodriguez",1975,15908
6762,"Emma","Miller",1991,15962
6763,"Michael","Martinez",1986,14800
6764,"William","Miller",1996,14714
6765,"Jane","Garcia",1992,19099
6766,"Sarah","Davis",1985,12981
6767,"David","Brown",1978,19301
6768,"Emma","Davis",1975,18010
6769,"Jane","Miller",1973,19005
6770,"Jane","Brown",1990,14539
6771,"William","Rodriguez",1987,17182
6772,"Jane","Brown",1998,11558
6773,"Emily","Jones",1971,11004
6774,"David","Davis",1972,11024
6775,"Emma","Williams",1971,12097
6776,"Sarah","Williams",1980,14037
6777,"James","Williams",1977,15082
6778,"William","Jones",1989,15405
6779,"Jane","Miller",1971,16817
6780,"James","Johnson",1971,17672
6781,"John","Davis",1990,16877
6782,"David","Brown",1978,19183
6783,"Olivia","Johnson",1989,18031
6784,"David","Davis",1985,13387
6785,"John","Johnson",1992,10148
6786,"David","Johnson",1988,12631
6787,"William","Johnson",1978,15668
6788,"David","Johnson",1988,19586
6789,"Olivia","Williams",1970,18504
6790,"David","Smith",1987,15181
6791,"James","Garcia",1998,17780
6792,"David","Rodriguez",1970,19105
6793,"Olivia","Davis",1998,12141
6794,"Jane","Miller",1978,18110
6795,"Michael","Rodriguez",1980,13191
6796,"Michael","Davis",1991,14492
6797,"Olivia","Rodriguez",1998,13557
6798,"Olivia","Jones",1999,14035
6799,"William","Davis",1987,16538
6800,"Sarah","Rodriguez",1973,16334
6801,"James","Miller",1975,18653
6802,"Sarah","Miller",1990,19593
6803,"Jane","Jones",1992,16222
6804,"Sarah","Garcia",1998,13325
6805,"John","Jones",1992,17430
6806,"Michael","Garcia",1997,11350
6807,"William","Jones",1987,18844
6808,"Emily","Johnson",2000,16254
6809,"William","Martinez",1974,13913
6810,"Jane","Miller",1970,14814
6811,"James","Rodriguez",1973,16911
6812,"Olivia","Davis",1984,10694
6813,"John","Johnson",1982,15014
6814,"John","Martinez",1997,19391
6815,"Jane","Johnson",1996,11123
6816,"James","Rodriguez",1971,15737
6817,"Olivia","Smith",1979,13642
6818,"John","Brown",1981,19455
6819,"William","Rodriguez",1988,14458
6820,"Emma","Brown",1981,18728
6821,"William","Jones",1971,15952
6822,"Olivia","Davis",1974,13801
6823,"Emily","Davis",2000,12760
6824,"Emma","Garcia",1983,19610
6825,"John","Martinez",1970,11281
6826,"William","Martinez",1972,13478
6827,"Olivia","Davis",1983,12450
6828,"Jane","Smith",1979,17903
6829,"Michael","Brown",1983,17660
6830,"Sarah","Garcia",1985,15965
6831,"Emma","Miller",1971,19165
6832,"David","Miller",1974,13139
6833,"David","Rodriguez",1988,16513
6834,"Olivia","Jones",1981,15550
6835,"William","Miller",1999,19370
6836,"Olivia","Rodriguez",1971,18893
6837,"Michael","Martinez",1993,16967
6838,"William","Martinez",1998,16185
6839,"Michael","Davis",1979,18497
6840,"Olivia","Brown",1997,11429
6841,"John","Jones",1985,12470
6842,"Sarah","Brown",1977,14717
6843,"Emily","Garcia",1987,13492
6844,"Emma","Smith",1990,18979
6845,"David","Brown",1999,19343
6846,"Jane","Brown",1997,16943
6847,"James","Brown",1994,10711
6848,"John","Johnson",1991,10453
6849,"Sarah","Williams",1981,10457
6850,"Emma","Johnson",1976,12519
6851,"Jane","Garcia",1971,13177
6852,"James","Williams",1985,16173
6853,"James","Miller",1978,14575
6854,"Emily","Brown",1988,10672
6855,"John","Garcia",1971,18610
6856,"Jane","Rodriguez",1993,17024
6857,"Jane","Jones",1999,16325
6858,"Jane","Rodriguez",1974,12326
6859,"Sarah","Rodriguez",1989,19867
6860,"James","Brown",1985,19930
6861,"David","Brown",1988,15838
6862,"James","Brown",1988,17152
6863,"James","Garcia",1986,19995
6864,"David","Miller",1975,19565
6865,"Emma","Brown",1999,10308
6866,"Emily","Rodriguez",1979,18441
6867,"David","Johnson",1984,19170
6868,"Emma","Miller",1983,17411
6869,"Michael","Rodriguez",1988,13550
6870,"Jane","Rodriguez",1994,17365
6871,"Michael","Johnson",1999,11806
6872,"Emily","Brown",1979,15896
6873,"Michael","Johnson",1997,15964
6874,"Olivia","Rodriguez",1985,14819
6875,"John","Garcia",1983,19588
6876,"Sarah","Davis",1996,10241
6877,"William","Brown",1971,15675
6878,"Emily","Johnson",1991,14978
6879,"Michael","Davis",1976,19323
6880,"John","Smith",1980,12359
6881,"Michael","Rodriguez",1989,15710
6882,"Olivia","Smith",2000,16158
6883,"James","Smith",1984,14283
6884,"Emily","Jones",1985,19220
6885,"John","Williams",1982,13626
6886,"Olivia","Miller",1995,10592
6887,"Emma","Rodriguez",1994,10040
6888,"Emma","Johnson",1999,18750
6889,"Michael","Brown",1992,12757
6890,"John","Davis",1999,17625
6891,"Olivia","Martinez",1987,12582
6892,"Sarah","Jones",1997,17001
6893,"David","Johnson",1977,17504
6894,"Olivia","Davis",1976,15371
6895,"Emily","Garcia",1985,11280
6896,"Jane","Miller",1989,14512
6897,"James","Miller",1996,10945
6898,"John","Miller",1975,12461
6899,"Jane","Miller",1999,16050
6900,"Michael","Jones",1971,15609
6901,"James","Johnson",1982,14032
6902,"James","Smith",1989,19946
6903,"John","Williams",1995,17220
6904,"Emma","Garcia",1972,18322
6905,"David","Williams",1988,12495
6906,"John","Miller",1989,16349
6907,"David","Rodriguez",1990,13669
6908,"Emma","Brown",1970,17262
6909,"David","Martinez",1976,10659
6910,"David","Martinez",1973,11826
6911,"William","Williams",1988,11790
6912,"Jane","Williams",1996,19498
6913,"Emily","Davis",1997,14603
6914,"Emily","Rodriguez",1981,16285
6915,"Jane","Miller",1996,18502
6916,"William","Williams",1983,14877
6917,"Jane","Rodriguez",1993,16881
6918,"Michael","Davis",1971,11736
6919,"Emily","Martinez",1983,11802
6920,"John","Rodriguez",1987,13226
6921,"William","Rodriguez",1978,15700
6922,"John","Martinez",1991,16672
6923,"Olivia","Brown",1992,12915
6924,"Michael","Davis",1991,14487
6925,"John","Smith",1995,19016
6926,"John","Davis",1975,14599
6927,"James","Garcia",1978,17423
6928,"Jane","Williams",1972,10836
6929,"Emily","Jones",1988,11350
6930,"William","Jones",1981,13083
6931,"Emily","Smith",1981,11294
6932,"Olivia","Smith",2000,16531
6933,"Emma","Davis",1989,14953
6934,"James","Garcia",1979,10943
6935,"James","Rodriguez",1986,15224
6936,"David","Williams",1974,16614
6937,"James","Williams",1982,16354
6938,"Michael","Smith",1999,15139
6939,"Jane","Miller",1992,18288
6940,"David","Williams",1995,14380
6941,"Emily","Johnson",1993,14065
6942,"Michael","Martinez",1992,13412
6943,"John","Johnson",1996,15390
6944,"Michael","Garcia",1971,17412
6945,"John","Garcia",2000,18840
6946,"Olivia","Rodriguez",1991,15763
6947,"Jane","Johnson",1977,10200
6948,"William","Rodriguez",1992,15188
6949,"James","Jones",1999,16488
6950,"Olivia","Johnson",1999,15902
6951,"Jane","Williams",1975,19058
6952,"David","Miller",1994,15205
6953,"John","Rodriguez",1990,18222
6954,"Jane","Rodriguez",1979,10233
6955,"James","Martinez",1972,13454
6956,"Olivia","Jones",1971,11082
6957,"Emily","Brown",1983,19518
6958,"William","Smith",1973,16912
6959,"William","Garcia",1973,19925
6960,"John","Garcia",1980,11944
6961,"Sarah","Davis",1975,12201
6962,"Emma","Rodriguez",1993,13210
6963,"Emma","Rodriguez",2000,10854
6964,"Olivia","Brown",2000,11674
6965,"Michael","Brown",1990,18024
6966,"Jane","Rodriguez",1977,18190
6967,"Olivia","Brown",1990,18848
6968,"Emily","Smith",1997,17894
6969,"Michael","Brown",1996,15079
6970,"Sarah","Brown",1984,17780
6971,"John","Davis",1994,19213
6972,"James","Williams",1971,13113
6973,"Olivia","Brown",1978,16932
6974,"Jane","Martinez",1998,14600
6975,"Michael","Martinez",1996,14718
6976,"Jane","Brown",1992,15466
6977,"Michael","Smith",1988,11065
6978,"Sarah","Garcia",1993,17843
6979,"James","Martinez",1989,11480
6980,"Sarah","Brown",1981,16253
6981,"Sarah","Davis",1982,15180
6982,"William","Williams",1989,11736
6983,"Jane","Smith",1986,17749
6984,"Olivia","Martinez",1984,14625
6985,"Sarah","Johnson",1990,16728
6986,"Jane","Johnson",1975,18699
6987,"William","Garcia",1977,11271
6988,"Michael","Miller",1984,14309
6989,"Olivia","Rodriguez",1994,14504
6990,"John","Johnson",1997,16653
6991,"Emma","Williams",1985,10023
6992,"Jane","Johnson",1985,18597
6993,"James","Davis",1992,19329
6994,"William","Johnson",1972,10264
6995,"Emma","Johnson",1996,10078
6996,"James","Smith",1985,16323
6997,"Sarah","Williams",1983,12489
6998,"Michael","Martinez",1988,18593
6999,"Sarah","Johnson",1972,14543
7000,"Jane","Garcia",1970,19471
7001,"David","Garcia",1993,18256
7002,"William","Jones",1978,12909
7003,"Jane","Brown",1978,10483
7004,"Olivia","Smith",1971,12473
7005,"James","Jones",1995,11210
7006,"Emma","Martinez",2000,10076
7007,"William","Miller",1989,19762
7008,"David","Brown",1975,10777
7009,"Olivia","Williams",1974,13794
7010,"Emma","Martinez",1986,15927
7011,"John","Davis",1978,18328
7012,"Sarah","Davis",2000,17635
7013,"David","Miller",1975,19432
7014,"Olivia","Brown",1973,14456
7015,"David","Garcia",1982,18741
7016,"William","Garcia",1974,16863
7017,"Sarah","Garcia",1994,13605
7018,"William","Rodriguez",1993,14174
7019,"Olivia","Rodriguez",1989,14606
7020,"John","Martinez",1984,19605
7021,"William","Smith",1995,19238
7022,"Emily","Williams",1985,11987
7023,"William","Jones",1986,11111
7024,"James","Brown",1989,10635
7025,"Emily","Rodriguez",1980,15323
7026,"John","Williams",1971,18496
7027,"Sarah","Williams",1982,19350
7028,"Emma","Davis",1999,11757
7029,"Emily","Miller",1976,18587
7030,"David","Rodriguez",1980,18554
7031,"Emma","Rodriguez",1984,14255
7032,"Olivia","Jones",1993,15705
7033,"James","Jones",1986,15125
7034,"Michael","Garcia",1970,16351
7035,"Sarah","Smith",1975,16494
7036,"William","Brown",1989,11342
7037,"Jane","Smith",1984,10017
7038,"Michael","Rodriguez",1986,10515
7039,"James","Davis",1998,15886
7040,"John","Garcia",1985,10818
7041,"David","Brown",1990,14639
7042,"Emma","Martinez",1992,16705
7043,"Emma","Garcia",1996,16172
7044,"John","Jones",1996,11152
7045,"Michael","Jones",2000,19517
7046,"Jane","Miller",1993,10661
7047,"John","Brown",1999,19948
7048,"James","Johnson",1970,15449
7049,"Emily","Johnson",1978,13197
7050,"Olivia","Brown",1975,12567
7051,"Olivia","Garcia",1983,16128
7052,"James","Jones",1971,15378
7053,"Emma","Johnson",1977,12173
7054,"Emily","Jones",1973,16794
7055,"Michael","Smith",1985,14041
7056,"Michael","Brown",1987,19178
7057,"Michael","Johnson",1976,13937
7058,"William","Williams",1999,12277
7059,"Olivia","Garcia",1981,16061
7060,"Michael","Johnson",1983,18276
7061,"Jane","Davis",1982,16905
7062,"Emma","Garcia",1970,12425
7063,"David","Smith",1985,19499
7064,"John","Garcia",1994,13167
7065,"William","Williams",1981,19609
7066,"Emma","Brown",1979,11698
7067,"Emily","Martinez",1997,17564
7068,"David","Miller",1992,19523
7069,"David","Martinez",1985,10893
7070,"David","Rodriguez",1985,18218
7071,"Jane","Martinez",1974,10190
7072,"Michael","Miller",1978,17272
7073,"William","Jones",1979,16918
7074,"William","Garcia",1981,11302
7075,"Michael","Johnson",1988,11745
7076,"Emma","Jones",1977,12163
7077,"James","Smith",1990,10891
7078,"Michael","Garcia",1971,16618
7079,"Jane","Garcia",1994,16572
7080,"David","Miller",1982,16393
7081,"William","Jones",1997,13119
7082,"Olivia","Martinez",1999,12879
7083,"Michael","Martinez",1991,19547
7084,"Olivia","Martinez",1974,18806
7085,"John","Rodriguez",1993,11810
7086,"Sarah","Martinez",1994,17463
7087,"Sarah","Davis",1990,11075
7088,"David","Martinez",1984,17185
7089,"Emma","Garcia",2000,19952
7090,"Sarah","Miller",2000,14142
7091,"Emma","Davis",1974,11195
7092,"Olivia","Jones",1983,15754
7093,"Olivia","Martinez",1999,17841
7094,"John","Martinez",1988,17270
7095,"Michael","Davis",1992,17055
7096,"Emily","Miller",1974,11079
7097,"Emma","Martinez",1977,15897
7098,"Olivia","Brown",1992,10459
7099,"Olivia","Johnson",1972,16647
7100,"Emma","Johnson",1978,11184
7101,"John","Garcia",2000,17861
7102,"John","Garcia",1998,19342
7103,"Sarah","Garcia",2000,19650
7104,"David","Garcia",1995,10805
7105,"Emma","Rodriguez",1990,11761
7106,"John","Garcia",1974,16425
7107,"Sarah","Johnson",1998,16809
7108,"David","Jones",1987,15866
7109,"Jane","Martinez",1982,11169
7110,"James","Williams",1977,18126
7111,"Olivia","Garcia",1985,16997
7112,"Sarah","Brown",1972,12181
7113,"Olivia","Williams",1995,18054
7114,"William","Johnson",1976,11727
7115,"David","Davis",1980,17096
7116,"John","Rodriguez",1997,11605
7117,"Sarah","Jones",1982,16186
7118,"Olivia","Williams",1975,13884
7119,"Emily","Johnson",1995,12156
7120,"James","Garcia",1979,16117
7121,"Sarah","Martinez",1981,17418
7122,"Sarah","Johnson",1991,18567
7123,"David","Jones",1981,19230
7124,"Olivia","Johnson",1985,12197
7125,"Emily","Rodriguez",1999,17125
7126,"James","Williams",1999,11582
7127,"Olivia","Johnson",2000,16339
7128,"Olivia","Davis",1972,14587
7129,"John","Brown",1985,17773
7130,"Michael","Jones",1971,12708
7131,"Emma","Smith",1977,15006
7132,"Emma","Miller",1992,18167
7133,"Emma","Rodriguez",1976,16077
7134,"William","Williams",1984,13154
7135,"Michael","Smith",1975,12937
7136,"William","Rodriguez",1996,18862
7137,"John","Brown",1971,11297
7138,"Olivia","Smith",1970,18926
7139,"Sarah","Garcia",1979,16769
7140,"Emily","Martinez",1998,11476
7141,"David","Garcia",1983,19338
7142,"Michael","Martinez",1993,18137
7143,"John","Miller",1990,14613
7144,"Sarah","Garcia",1979,15029
7145,"Olivia","Brown",1982,16964
7146,"Jane","Smith",2000,12241
7147,"Emma","Smith",1986,10759
7148,"Michael","Jones",1984,15494
7149,"Michael","Rodriguez",1971,14364
7150,"Sarah","Miller",1980,14213
7151,"Emma","Martinez",1990,15431
7152,"David","Davis",1991,18985
7153,"Michael","Smith",1977,13886
7154,"Jane","Rodriguez",1983,18725
7155,"Olivia","Garcia",1971,17976
7156,"Michael","Miller",1989,19771
7157,"Michael","Johnson",1981,10526
7158,"Jane","Brown",1977,14378
7159,"James","Brown",1998,17902
7160,"Olivia","Rodriguez",1986,15456
7161,"David","Davis",1973,15656
7162,"Olivia","Jones",1976,13193
7163,"Olivia","Smith",1992,19025
7164,"Sarah","Brown",1996,13338
7165,"John","Smith",1990,16613
7166,"John","Garcia",1992,14731
7167,"Emily","Miller",1983,19076
7168,"Olivia","Johnson",1990,16108
7169,"William","Johnson",2000,15853
7170,"Emily","Smith",1986,15280
7171,"David","Brown",1974,14017
7172,"Sarah","Smith",1974,19508
7173,"James","Martinez",1973,15112
7174,"James","Smith",1999,10906
7175,"Jane","Johnson",1978,16594
7176,"Emily","Martinez",1987,12906
7177,"Olivia","Williams",1977,18771
7178,"William","Miller",1988,10381
7179,"Emma","Jones",1994,12016
7180,"Emily","Martinez",1986,17936
7181,"John","Johnson",1981,13888
7182,"Michael","Smith",1971,14524
7183,"Olivia","Johnson",1998,17792
7184,"Emma","Johnson",1972,10587
7185,"William","Brown",1979,18778
7186,"Emma","Davis",1976,14401
7187,"Michael","Davis",1993,19697
7188,"Sarah","Miller",1983,11913
7189,"William","Jones",1999,18700
7190,"James","Garcia",1990,19643
7191,"Jane","Martinez",1977,12667
7192,"Olivia","Miller",1995,11119
7193,"Michael","Jones",1983,16750
7194,"Emma","Garcia",1989,17912
7195,"Emily","Smith",1970,11473
7196,"David","Garcia",1981,12195
7197,"Emily","Miller",1984,14074
7198,"John","Williams",1995,11375
7199,"David","Johnson",1971,19552
7200,"John","Garcia",1993,14850
7201,"Emma","Davis",1977,11135
7202,"John","Davis",1970,16425
7203,"David","Williams",2000,15611
7204,"John","Garcia",1979,12397
7205,"James","Davis",1985,16230
7206,"Emily","Brown",1993,10112
7207,"John","Brown",1990,13604
7208,"David","Johnson",1998,18489
7209,"James","Davis",1996,16193
7210,"Michael","Brown",1975,17053
7211,"Emily","Johnson",1990,10789
7212,"Emily","Davis",1997,18997
7213,"Emily","Martinez",1988,14442
7214,"Olivia","Davis",1988,18801
7215,"Michael","Johnson",1978,14287
7216,"Michael","Martinez",1981,14662
7217,"Olivia","Williams",1980,13085
7218,"James","Jones",1993,19541
7219,"Emily","Brown",1991,10994
7220,"Michael","Smith",1984,13205
7221,"Olivia","Johnson",1981,18875
7222,"Michael","Garcia",1986,14361
7223,"Emily","Martinez",1998,15695
7224,"Jane","Martinez",1988,12917
7225,"John","Garcia",1984,19627
7226,"David","Williams",1988,12031
7227,"Olivia","Jones",1987,12553
7228,"Sarah","Jones",1994,11075
7229,"Sarah","Rodriguez",1988,19347
7230,"David","Smith",1986,11180
7231,"David","Rodriguez",1973,15980
7232,"Jane","Davis",1989,19705
7233,"Emma","Miller",1989,18012
7234,"James","Williams",1984,15539
7235,"James","Davis",1990,12208
7236,"William","Miller",1977,16036
7237,"Emma","Jones",1974,14603
7238,"Emily","Williams",1974,14259
7239,"Emily","Martinez",1976,15504
7240,"Jane","Davis",1987,10990
7241,"James","Rodriguez",1985,10139
7242,"Olivia","Johnson",1975,10793
7243,"Michael","Rodriguez",1991,14479
7244,"Jane","Jones",1979,12315
7245,"James","Miller",1994,19953
7246,"David","Jones",1997,13001
7247,"Olivia","Davis",1977,17368
7248,"Emma","Brown",1989,13871
7249,"Emma","Johnson",1972,11317
7250,"Michael","Rodriguez",1988,13445
7251,"Emily","Brown",1986,14555
7252,"Emma","Garcia",1998,14352
7253,"Jane","Brown",1993,14372
7254,"Michael","Miller",1994,16704
7255,"Sarah","Smith",1992,15228
7256,"Jane","Williams",1976,19377
7257,"John","Garcia",2000,17259
7258,"Olivia","Johnson",2000,13482
7259,"Michael","Smith",1982,16034
7260,"Michael","Williams",1974,18968
7261,"Sarah","Miller",1988,18877
7262,"Emma","Rodriguez",1991,19833
7263,"William","Garcia",1979,15394
7264,"Emma","Garcia",1995,19870
7265,"Emily","Martinez",1988,18975
7266,"Michael","Brown",1995,18997
7267,"Emma","Williams",1983,18555
7268,"Olivia","Martinez",1989,19223
7269,"John","Brown",1973,17418
7270,"James","Williams",1998,18071
7271,"William","Miller",1979,13766
7272,"Emma","Rodriguez",1995,18384
7273,"Sarah","Garcia",1996,18380
7274,"Olivia","Martinez",1984,17825
7275,"William","Garcia",1995,15129
7276,"Sarah","Davis",1994,17254
7277,"Michael","Jones",1988,15549
7278,"William","Davis",1970,10393
7279,"Sarah","Garcia",1979,16315
7280,"John","Williams",1975,11256
7281,"James","Johnson",1996,17476
7282,"Olivia","Miller",1980,12485
7283,"Sarah","Rodriguez",1993,16940
7284,"Emma","Miller",1998,16329
7285,"Michael","Martinez",1981,15870
7286,"Sarah","Jones",1980,11283
7287,"Sarah","Jones",1998,11414
7288,"James","Johnson",1980,10222
7289,"Emma","Williams",1976,17585
7290,"Michael","Rodriguez",1981,13268
7291,"James","Rodriguez",1988,11727
7292,"Olivia","Smith",1974,17885
7293,"John","Smith",1973,12245
7294,"Sarah","Davis",1972,14582
7295,"Jane","Rodriguez",1979,18167
7296,"Michael","Davis",1974,15515
7297,"David","Jones",1983,12236
7298,"James","Miller",1983,14010
7299,"Emily","Davis",1982,13197
7300,"Michael","Garcia",1973,16468
7301,"Jane","Smith",1975,15071
7302,"James","Rodriguez",1994,11537
7303,"Jane","Johnson",1984,14503
7304,"Sarah","Miller",1985,15565
7305,"Emily","Williams",1990,10658
7306,"David","Rodriguez",1997,12448
7307,"Jane","Brown",1985,17761
7308,"Emily","Martinez",1974,13277
7309,"Emma","Davis",1982,17625
7310,"John","Brown",1988,19355
7311,"Olivia","Williams",1982,14043
7312,"Michael","Williams",1978,15810
7313,"Emily","Davis",1975,16359
7314,"Olivia","Rodriguez",1972,15296
7315,"Michael","Williams",1996,16499
7316,"John","Jones",1971,16750
7317,"Michael","Williams",1981,15929
7318,"Sarah","Jones",1972,11406
7319,"Michael","Rodriguez",1997,14204
7320,"Emma","Martinez",1986,14271
7321,"Michael","Johnson",1989,16444
7322,"Emma","Jones",1998,17018
7323,"James","Miller",1982,14618
7324,"Emma","Rodriguez",1987,16450
7325,"John","Davis",1970,18963
7326,"James","Miller",1994,11311
7327,"Emma","Brown",1984,16134
7328,"Olivia","Smith",1998,10973
7329,"David","Martinez",1995,11811
7330,"Olivia","Williams",1993,17879
7331,"David","Williams",1985,16470
7332,"David","Jones",1978,16007
7333,"David","Garcia",1972,18855
7334,"William","Davis",1998,11436
7335,"Sarah","Brown",1976,19475
7336,"Olivia","Smith",1982,14107
7337,"Michael","Williams",1975,11496
7338,"Michael","Smith",1984,19729
7339,"Emily","Johnson",1998,15119
7340,"Olivia","Rodriguez",1979,18684
7341,"Sarah","Smith",1980,11739
7342,"James","Smith",1979,11007
7343,"Sarah","Brown",1977,19792
7344,"William","Jones",1984,10724
7345,"Michael","Williams",1980,19377
7346,"Emma","Davis",1987,14437
7347,"William","Miller",1977,16056
7348,"Jane","Jones",1972,12539
7349,"Emma","Smith",1992,10567
7350,"John","Williams",1978,18037
7351,"Emma","Jones",1990,14013
7352,"Emma","Brown",1991,17215
7353,"John","Johnson",1977,10522
7354,"Sarah","Brown",1987,18085
7355,"James","Johnson",1979,10930
7356,"Emma","Martinez",1996,18629
7357,"David","Williams",1974,13933
7358,"David","Williams",1995,17604
7359,"Sarah","Miller",1997,12335
7360,"William","Rodriguez",1979,16005
7361,"Jane","Jones",1971,13239
7362,"James","Martinez",1982,16044
7363,"David","Martinez",1989,17777
7364,"James","Williams",1981,19843
7365,"Emma","Garcia",1976,12619
7366,"William","Davis",1991,10527
7367,"Sarah","Garcia",1988,16474
7368,"Jane","Davis",1988,18427
7369,"Emma","Johnson",1970,15977
7370,"William","Smith",1995,15336
7371,"James","Davis",1987,11173
7372,"James","Rodriguez",1970,17312
7373,"David","Johnson",1986,14245
7374,"David","Davis",1982,16529
7375,"David","Brown",1975,17157
7376,"John","Rodriguez",1996,13081
7377,"William","Miller",1991,19533
7378,"Emma","Miller",1994,18001
7379,"Olivia","Miller",1970,17630
7380,"Sarah","Rodriguez",1992,15931
7381,"David","Smith",1987,15497
7382,"David","Johnson",1997,11189
7383,"Emily","Rodriguez",1993,16372
7384,"James","Johnson",1975,18058
7385,"James","Davis",1994,12365
7386,"James","Smith",1970,15841
7387,"James","Miller",1986,16753
7388,"Emily","Miller",1981,15656
7389,"Emma","Garcia",1985,13955
7390,"John","Jones",1973,17137
7391,"John","Rodriguez",1970,10656
7392,"Sarah","Martinez",2000,14914
7393,"Olivia","Williams",1973,19995
7394,"James","Johnson",1995,11474
7395,"Emily","Smith",1970,13205
7396,"David","Johnson",1971,13080
7397,"John","Smith",1986,11140
7398,"Jane","Williams",1998,18869
7399,"Sarah","Davis",1979,16371
7400,"Sarah","Garcia",1977,13553
7401,"Michael","Garcia",1998,16249
7402,"Emma","Davis",1973,11290
7403,"Michael","Jones",1972,16388
7404,"William","Davis",1999,11615
7405,"Michael","Garcia",1988,18809
7406,"John","Rodriguez",1977,18932
7407,"Olivia","Martinez",1994,15673
7408,"Emma","Martinez",1989,14575
7409,"Jane","Miller",2000,14684
7410,"Emily","Martinez",1977,17287
7411,"Sarah","Miller",1982,19616
7412,"Sarah","Davis",1994,18672
7413,"David","Williams",1998,19455
7414,"Sarah","Smith",1974,13490
7415,"Sarah","Jones",1990,10829
7416,"Sarah","Miller",1970,11998
7417,"David","Martinez",1979,19997
7418,"Jane","Johnson",1979,15673
7419,"John","Rodriguez",1993,12644
7420,"Emma","Garcia",1972,17524
7421,"John","Rodriguez",1996,14879
7422,"Olivia","Davis",1986,16262
7423,"Emma","Johnson",1980,11404
7424,"Sarah","Jones",1973,13910
7425,"Emma","Brown",2000,17737
7426,"Michael","Martinez",1971,14712
7427,"Olivia","Rodriguez",1992,19404
7428,"William","Johnson",1984,10272
7429,"Sarah","Johnson",1976,10134
7430,"David","Rodriguez",1974,13706
7431,"David","Martinez",1982,16086
7432,"William","Rodriguez",1983,14673
7433,"Jane","Johnson",1985,12252
7434,"Olivia","Rodriguez",1993,17500
7435,"John","Rodriguez",1991,12112
7436,"Emma","Miller",1980,15654
7437,"James","Smith",1975,17768
7438,"John","Rodriguez",2000,15716
7439,"James","Miller",1982,14416
7440,"David","Miller",1990,19414
7441,"James","Johnson",1983,15301
7442,"Emma","Davis",1984,13647
7443,"William","Jones",1981,12497
7444,"Sarah","Rodriguez",1972,11164
7445,"John","Davis",1998,19201
7446,"William","Jones",1981,14350
7447,"William","Rodriguez",1985,11628
7448,"Michael","Williams",1994,13401
7449,"William","Williams",1982,18055
7450,"Olivia","Williams",1982,18226
7451,"Sarah","Davis",1990,17457
7452,"Olivia","Garcia",1973,13657
7453,"Jane","Martinez",1995,12170
7454,"William","Davis",1986,14506
7455,"Michael","Garcia",1982,11384
7456,"William","Rodriguez",1997,17051
7457,"William","Jones",1985,19742
7458,"Sarah","Williams",1989,19055
7459,"David","Johnson",1992,19736
7460,"David","Jones",1975,14397
7461,"James","Miller",1976,17616
7462,"Olivia","Davis",1996,14618
7463,"John","Rodriguez",1970,13510
7464,"Michael","Martinez",1974,18165
7465,"Sarah","Miller",1979,18214
7466,"David","Jones",1981,10493
7467,"Emma","Williams",1989,15087
7468,"Jane","Jones",1992,13106
7469,"John","Brown",1997,19978
7470,"Jane","Jones",1975,17052
7471,"James","Rodriguez",1995,19869
7472,"John","Johnson",2000,18041
7473,"James","Garcia",1984,11622
7474,"James","Jones",1992,17066
7475,"David","Brown",1995,18785
7476,"James","Jones",1992,11221
7477,"Emma","Rodriguez",1987,19001
7478,"James","Jones",1971,17341
7479,"William","Williams",1997,12244
7480,"James","Williams",1989,19408
7481,"John","Davis",1988,10343
7482,"James","Rodriguez",2000,14468
7483,"Olivia","Rodriguez",1986,15586
7484,"Sarah","Brown",1974,11782
7485,"John","Williams",1989,11188
7486,"David","Garcia",1990,10210
7487,"Emma","Williams",1998,12801
7488,"William","Davis",1992,13287
7489,"David","Miller",1991,14890
7490,"John","Miller",1979,10648
7491,"Olivia","Rodriguez",1982,15584
7492,"James","Davis",1996,14687
7493,"Emily","Miller",1993,19831
7494,"Sarah","Williams",1996,12088
7495,"Emily","Garcia",1980,16247
7496,"Olivia","Davis",1983,13214
7497,"Jane","Williams",1980,15548
7498,"Emma","Smith",1977,19795
7499,"David","Jones",1985,12580
7500,"William","Miller",1971,10045
7501,"David","Smith",1983,19970
7502,"Olivia","Jones",1988,11378
7503,"Michael","Johnson",1999,13973
7504,"James","Martinez",1980,15554
7505,"Sarah","Jones",1988,11086
7506,"Michael","Davis",1995,13437
7507,"Jane","Smith",1983,10956
7508,"Sarah","Davis",1986,10570
7509,"John","Williams",1989,11920
7510,"Michael","Miller",1983,12184
7511,"Jane","Jones",1996,11419
7512,"Emily","Johnson",1984,18563
7513,"Olivia","Brown",1975,15771
7514,"James","Smith",1994,15973
7515,"William","Williams",1992,19516
7516,"Emily","Davis",1982,15683
7517,"Olivia","Brown",1982,13796
7518,"William","Williams",1987,15509
7519,"David","Martinez",1970,12532
7520,"James","Martinez",1977,11781
7521,"Emma","Davis",1970,11641
7522,"Sarah","Davis",1991,18606
7523,"William","Williams",1975,15784
7524,"Olivia","Johnson",1982,19576
7525,"Michael","Miller",1982,18616
7526,"James","Williams",1981,18703
7527,"Jane","Williams",1974,10212
7528,"Emily","Rodriguez",1977,10137
7529,"Emma","Rodriguez",1992,19505
7530,"Emma","Williams",1986,19432
7531,"William","Williams",1976,14393
7532,"Jane","Garcia",1977,15355
7533,"Michael","Smith",1992,17028
7534,"Jane","Brown",1986,18989
7535,"Olivia","Brown",1996,14738
7536,"John","Miller",1977,16032
7537,"Olivia","Martinez",1983,17830
7538,"James","Garcia",1978,10443
7539,"John","Jones",1994,14881
7540,"Emma","Brown",1971,18031
7541,"Jane","Williams",1973,13738
7542,"William","Williams",1990,15480
7543,"David","Brown",1993,13526
7544,"David","Jones",1987,17144
7545,"David","Martinez",1988,15161
7546,"James","Williams",1983,12819
7547,"Olivia","Williams",1986,12535
7548,"James","Garcia",1999,18724
7549,"Michael","Martinez",1982,10319
7550,"Jane","Davis",1988,18893
7551,"Michael","Jones",1986,12656
7552,"John","Martinez",1992,13093
7553,"Sarah","Jones",1992,19246
7554,"William","Williams",1992,11776
7555,"Emily","Jones",1975,19640
7556,"John","Johnson",1992,13534
7557,"James","Brown",1975,11815
7558,"James","Garcia",1988,12679
7559,"William","Williams",1972,19970
7560,"Emma","Jones",1979,11265
7561,"Emma","Miller",1998,11591
7562,"William","Miller",1984,10488
7563,"Sarah","Martinez",1978,19556
7564,"James","Rodriguez",1987,12892
7565,"Olivia","Miller",1978,19521
7566,"Sarah","Williams",1977,11051
7567,"Michael","Garcia",1986,10848
7568,"Emily","Williams",1973,17181
7569,"John","Williams",1991,10977
7570,"Emily","Johnson",1987,10041
7571,"James","Brown",1988,11690
7572,"Michael","Martinez",1979,15876
7573,"David","Jones",2000,18095
7574,"Sarah","Williams",1987,16450
7575,"Jane","Brown",1977,16657
7576,"Emily","Garcia",1997,14360
7577,"Olivia","Brown",1988,16351
7578,"Michael","Garcia",2000,11563
7579,"Emily","Martinez",1971,16611
7580,"Olivia","Brown",1988,16456
7581,"David","Davis",1972,19876
7582,"Olivia","Rodriguez",1976,19323
7583,"James","Jones",1980,12600
7584,"Olivia","Williams",1981,17051
7585,"James","Williams",1981,15281
7586,"Emma","Jones",1986,14032
7587,"Emma","Martinez",1981,12706
7588,"William","Jones",1981,17093
7589,"Emily","Garcia",1994,12602
7590,"Sarah","Miller",1990,10042
7591,"Jane","Jones",1987,19777
7592,"Jane","Brown",1979,11339
7593,"Emily","Smith",1984,15615
7594,"Sarah","Brown",1986,10658
7595,"William","Martinez",1988,16289
7596,"Olivia","Rodriguez",1989,13167
7597,"David","Williams",1990,17535
7598,"John","Rodriguez",1979,12645
7599,"Michael","Martinez",1990,19242
7600,"Michael","Smith",1989,13858
7601,"David","Jones",1992,12913
7602,"David","Brown",1996,12187
7603,"David","Rodriguez",1987,11266
7604,"Emma","Miller",2000,10705
7605,"Michael","Garcia",1993,18882
7606,"Emma","Williams",1982,11716
7607,"Olivia","Rodriguez",1989,19652
7608,"Emily","Garcia",1975,17101
7609,"Michael","Rodriguez",1984,11263
7610,"David","Williams",1975,12530
7611,"Emma","Martinez",1999,10789
7612,"John","Smith",1996,11945
7613,"Olivia","Brown",1975,19129
7614,"William","Garcia",1986,18443
7615,"David","Garcia",1992,14893
7616,"James","Williams",1975,12127
7617,"James","Rodriguez",1970,15926
7618,"James","Smith",1992,10262
7619,"Michael","Davis",1995,17680
7620,"Jane","Williams",1998,15517
7621,"John","Davis",1995,10871
7622,"James","Davis",1984,15834
7623,"David","Rodriguez",2000,18204
7624,"Emily","Jones",1987,14895
7625,"Jane","Williams",1993,13123
7626,"John","Williams",1980,15922
7627,"James","Garcia",1980,12215
7628,"James","Williams",1999,13596
7629,"John","Rodriguez",2000,13050
7630,"William","Williams",1996,19464
7631,"David","Davis",1997,12162
7632,"Olivia","Williams",1983,12603
7633,"James","Williams",1993,15526
7634,"David","Jones",1994,12721
7635,"James","Brown",2000,14744
7636,"David","Garcia",1981,13044
7637,"David","Garcia",1971,17604
7638,"Emily","Rodriguez",1973,14042
7639,"William","Williams",1991,12783
7640,"Emily","Williams",1991,18048
7641,"William","Williams",1998,11204
7642,"Sarah","Martinez",1982,12575
7643,"Jane","Williams",1973,14711
7644,"David","Johnson",1996,18340
7645,"Michael","Garcia",1970,19351
7646,"James","Johnson",1982,16099
7647,"Sarah","Jones",1989,16276
7648,"William","Johnson",1970,19498
7649,"Jane","Rodriguez",1984,11233
7650,"Olivia","Martinez",2000,18893
7651,"Emma","Brown",1997,12147
7652,"Olivia","Williams",1973,12344
7653,"Jane","Johnson",1999,14347
7654,"James","Johnson",1988,14266
7655,"Olivia","Williams",1982,11315
7656,"Jane","Miller",1986,12564
7657,"Sarah","Smith",1994,10704
7658,"Jane","Brown",2000,16490
7659,"Emma","Brown",1971,16947
7660,"Michael","Smith",1998,12658
7661,"Michael","Miller",1974,19929
7662,"Jane","Johnson",1988,19808
7663,"James","Rodriguez",1996,14676
7664,"Olivia","Miller",1998,18112
7665,"John","Garcia",1971,18454
7666,"James","Johnson",1984,15726
7667,"Michael","Johnson",1977,11699
7668,"Emma","Williams",1994,12159
7669,"Emma","Garcia",2000,14806
7670,"Emma","Martinez",1988,10289
7671,"Emily","Brown",1973,16609
7672,"Jane","Rodriguez",1974,19331
7673,"Jane","Johnson",1977,10109
7674,"James","Davis",1999,12378
7675,"Emma","Smith",1983,11587
7676,"Olivia","Smith",1996,14481
7677,"John","Garcia",1975,18292
7678,"William","Miller",1978,16050
7679,"Michael","Jones",1973,12346
7680,"John","Johnson",1996,15021
7681,"Olivia","Martinez",1994,10195
7682,"James","Johnson",1989,14028
7683,"Emma","Rodriguez",1989,18449
7684,"John","Davis",1975,12892
7685,"Jane","Johnson",1979,11572
7686,"Jane","Williams",1980,11283
7687,"William","Jones",1992,12231
7688,"Michael","Brown",1971,18826
7689,"Jane","Smith",1981,12364
7690,"William","Davis",1986,18649
7691,"Emma","Brown",1997,18061
7692,"Emily","Rodriguez",1997,14661
7693,"Michael","Miller",1990,16128
7694,"David","Miller",1991,19707
7695,"William","Miller",1991,10456
7696,"Michael","Garcia",1972,16280
7697,"James","Smith",1972,14609
7698,"Jane","Rodriguez",1983,17420
7699,"James","Smith",1987,16497
7700,"David","Martinez",1981,16885
7701,"Olivia","Johnson",1978,12506
7702,"Jane","Garcia",1972,14501
7703,"Sarah","Smith",1976,18687
7704,"Emily","Williams",1998,12396
7705,"James","Davis",1987,12631
7706,"James","Brown",1975,17763
7707,"William","Smith",1978,16687
7708,"Sarah","Williams",1991,12538
7709,"William","Davis",1973,17968
7710,"Emma","Rodriguez",1985,14547
7711,"Sarah","Jones",1985,14344
7712,"Sarah","Smith",1980,13120
7713,"Sarah","Brown",1993,16116
7714,"Michael","Davis",1974,14943
7715,"Emma","Williams",1982,11966
7716,"Emily","Miller",1975,10198
7717,"David","Rodriguez",1972,16250
7718,"Michael","Garcia",1990,16861
7719,"James","Johnson",1972,11531
7720,"William","Jones",1998,19073
7721,"Sarah","Garcia",1990,17410
7722,"Olivia","Garcia",1976,13792
7723,"Emma","Brown",1982,17690
7724,"Emma","Jones",1981,11485
7725,"Sarah","Miller",1992,13306
7726,"John","Brown",1994,10595
7727,"Emily","Jones",1975,19538
7728,"John","Brown",1987,12727
7729,"David","Garcia",1988,12900
7730,"Olivia","Jones",1983,11309
7731,"Olivia","Smith",1986,14648
7732,"Olivia","Miller",1992,18754
7733,"William","Jones",1973,10160
7734,"Emily","Davis",1993,17813
7735,"William","Jones",1985,14666
7736,"David","Davis",1975,12608
7737,"James","Garcia",1997,13954
7738,"James","Johnson",1983,14150
7739,"Emma","Rodriguez",1985,12257
7740,"Olivia","Rodriguez",1984,19612
7741,"Olivia","Davis",1984,12114
7742,"David","Smith",1974,10160
7743,"Sarah","Johnson",1996,19970
7744,"Michael","Rodriguez",1975,18621
7745,"John","Martinez",1985,17458
7746,"Sarah","Miller",1986,12708
7747,"John","Johnson",1975,13984
7748,"Olivia","Jones",1992,19998
7749,"John","Rodriguez",1982,10955
7750,"David","Davis",1979,14501
7751,"Olivia","Martinez",1982,12071
7752,"Emily","Jones",1976,11717
7753,"Sarah","Smith",1996,11062
7754,"Jane","Martinez",1972,18763
7755,"Michael","Davis",1972,18940
7756,"William","Jones",1993,12866
7757,"David","Garcia",1993,15324
7758,"Olivia","Brown",1989,14823
7759,"William","Jones",1998,12170
7760,"Michael","Jones",1977,13996
7761,"Olivia","Davis",1972,17193
7762,"William","Martinez",1995,18550
7763,"Michael","Rodriguez",1982,12365
7764,"Olivia","Miller",1979,11196
7765,"William","Williams",1978,19708
7766,"Jane","Rodriguez",1977,17074
7767,"Jane","Smith",1989,13278
7768,"John","Garcia",1974,11983
7769,"John","Johnson",1999,15111
7770,"Olivia","Brown",1990,19022
7771,"Olivia","Jones",1985,13834
7772,"Michael","Johnson",1970,10145
7773,"Emily","Smith",1987,12814
7774,"William","Martinez",1978,12757
7775,"Jane","Miller",1984,12000
7776,"Michael","Williams",1979,16652
7777,"John","Rodriguez",1999,15406
7778,"Olivia","Johnson",1983,10302
7779,"Sarah","Martinez",1980,16316
7780,"William","Smith",1977,18422
7781,"Michael","Jones",1992,15487
7782,"James","Rodriguez",1980,13260
7783,"Emma","Johnson",2000,14798
7784,"John","Jones",1991,18838
7785,"Emma","Johnson",1981,12474
7786,"Emma","Martinez",1991,10051
7787,"Olivia","Miller",1975,10205
7788,"William","Garcia",1988,16447
7789,"Michael","Rodriguez",1981,12894
7790,"David","Johnson",1974,10055
7791,"Emily","Davis",1978,17401
7792,"Michael","Brown",1991,18883
7793,"William","Davis",1989,19142
7794,"Emily","Jones",1982,14989
7795,"James","Miller",1987,18995
7796,"William","Garcia",1980,18929
7797,"David","Johnson",1979,18394
7798,"Olivia","Davis",1998,16493
7799,"Michael","Rodriguez",1973,12702
7800,"Michael","Williams",1971,11599
7801,"John","Jones",2000,13897
7802,"Olivia","Williams",1998,18651
7803,"John","Smith",1995,18207
7804,"Emma","Garcia",1991,16900
7805,"David","Jones",1997,14824
7806,"William","Williams",1978,11309
7807,"John","Martinez",1973,16579
7808,"James","Jones",1997,18304
7809,"James","Smith",1971,11921
7810,"Michael","Williams",1995,12120
7811,"Emily","Johnson",1970,17996
7812,"William","Brown",1979,19009
7813,"John","Rodriguez",1975,11470
7814,"Jane","Davis",1976,16545
7815,"David","Williams",1971,16225
7816,"Sarah","Johnson",1997,13804
7817,"Olivia","Johnson",1974,13492
7818,"Jane","Rodriguez",1972,12618
7819,"David","Brown",2000,14053
7820,"Olivia","Miller",1998,11601
7821,"John","Johnson",1977,19195
7822,"Sarah","Martinez",1994,17153
7823,"Jane","Miller",1986,16463
7824,"William","Williams",1980,13270
7825,"John","Rodriguez",1996,10916
7826,"Emma","Miller",1989,17928
7827,"John","Williams",1981,12431
7828,"David","Garcia",1997,10682
7829,"James","Rodriguez",1985,10793
7830,"William","Johnson",1990,15697
7831,"William","Smith",1999,15914
7832,"David","Davis",1970,15377
7833,"Jane","Johnson",1980,13316
7834,"Jane","Johnson",1977,17783
7835,"Michael","Martinez",1972,15772
7836,"John","Garcia",1970,17230
7837,"Olivia","Davis",1987,15997
7838,"Emma","Johnson",1982,11017
7839,"David","Miller",1972,13649
7840,"Jane","Garcia",1983,10959
7841,"Emma","Martinez",1977,12258
7842,"David","Brown",1999,13996
7843,"William","Smith",1986,13390
7844,"James","Garcia",1978,11742
7845,"William","Garcia",1999,13039
7846,"Olivia","Smith",1984,12933
7847,"John","Davis",1970,16472
7848,"Sarah","Williams",1983,15357
7849,"David","Jones",1996,18112
7850,"James","Johnson",1993,15438
7851,"Sarah","Brown",1979,12874
7852,"William","Smith",1981,17235
7853,"Emma","Jones",1993,11036
7854,"John","Jones",1992,17730
7855,"Sarah","Brown",1995,16037
7856,"John","Martinez",1979,14366
7857,"John","Rodriguez",1987,10305
7858,"James","Johnson",1991,11263
7859,"Emma","Smith",2000,19656
7860,"David","Brown",1971,19862
7861,"Emma","Brown",1991,12275
7862,"Emma","Miller",1980,13683
7863,"Michael","Martinez",1977,10839
7864,"Emma","Rodriguez",1984,17189
7865,"Jane","Williams",1978,17017
7866,"James","Garcia",1996,12499
7867,"Emily","Williams",1990,10261
7868,"Olivia","Davis",1992,13546
7869,"David","Rodriguez",1994,12495
7870,"Olivia","Martinez",1976,14514
7871,"Emma","Smith",1972,18367
7872,"William","Johnson",1999,13410
7873,"Olivia","Brown",1988,13767
7874,"James","Jones",1987,19707
7875,"William","Smith",1977,13821
7876,"James","Davis",1984,10873
7877,"David","Johnson",1976,18069
7878,"Michael","Rodriguez",1985,14262
7879,"Emma","Jones",1995,12262
7880,"James","Rodriguez",1982,16311
7881,"Olivia","Davis",1974,12027
7882,"Jane","Martinez",1970,19897
7883,"William","Smith",1973,14113
7884,"Olivia","Garcia",1982,11620
7885,"Michael","Rodriguez",1972,19202
7886,"William","Garcia",1996,16832
7887,"William","Williams",1987,15071
7888,"Sarah","Davis",1980,16525
7889,"David","Garcia",1987,16138
7890,"Emily","Smith",2000,10947
7891,"James","Rodriguez",1986,11184
7892,"James","Johnson",1987,18083
7893,"Michael","Rodriguez",1999,14829
7894,"David","Smith",1980,17874
7895,"Olivia","Brown",1975,16709
7896,"Emily","Williams",1998,13906
7897,"Emma","Smith",1972,19836
7898,"Emma","Brown",1992,11722
7899,"William","Davis",1972,16430
7900,"Michael","Miller",1994,12930
7901,"Olivia","Williams",1980,18436
7902,"John","Martinez",1997,10363
7903,"Jane","Miller",1997,11087
7904,"James","Smith",1979,16312
7905,"James","Jones",1980,13256
7906,"David","Johnson",1977,14006
7907,"Michael","Jones",1995,15770
7908,"David","Johnson",1998,14207
7909,"John","Williams",1979,10649
7910,"Olivia","Brown",1978,12633
7911,"Sarah","Jones",1991,15304
7912,"Michael","Garcia",1979,18273
7913,"David","Miller",1988,17350
7914,"John","Davis",1970,12871
7915,"John","Garcia",1985,17609
7916,"John","Williams",1981,19378
7917,"James","Miller",1971,17657
7918,"Olivia","Jones",1995,17896
7919,"Jane","Williams",1986,11859
7920,"Jane","Garcia",1985,16688
7921,"Emma","Garcia",1990,17765
7922,"John","Jones",1974,13949
7923,"Emily","Garcia",1992,14877
7924,"Emma","Martinez",1988,13289
7925,"Michael","Garcia",1990,17408
7926,"Michael","Garcia",1975,15616
7927,"James","Miller",1989,17846
7928,"Jane","Davis",1997,14513
7929,"William","Johnson",1994,12348
7930,"James","Rodriguez",1996,15828
7931,"Jane","Rodriguez",1977,14331
7932,"David","Davis",1977,19434
7933,"John","Smith",1986,14564
7934,"David","Miller",1989,11340
7935,"Emily","Smith",1993,15275
7936,"Sarah","Rodriguez",1994,14748
7937,"Sarah","Jones",1981,17366
7938,"Michael","Smith",1997,16761
7939,"Michael","Brown",1995,17554
7940,"David","Davis",1980,19488
7941,"Michael","Davis",1991,18951
7942,"Michael","Martinez",1986,11441
7943,"Emily","Miller",1991,11103
7944,"Jane","Smith",1990,13825
7945,"Sarah","Johnson",1989,11307
7946,"John","Williams",1983,12955
7947,"John","Davis",1992,12339
7948,"William","Smith",1973,13438
7949,"Sarah","Johnson",1970,19119
7950,"Emma","Garcia",1988,11207
7951,"John","Davis",1977,13178
7952,"John","Jones",1986,17459
7953,"Olivia","Williams",1983,15955
7954,"Emma","Jones",1982,10015
7955,"Jane","Brown",1970,13892
7956,"David","Garcia",1974,13739
7957,"Olivia","Martinez",1978,15850
7958,"James","Johnson",1998,13666
7959,"David","Jones",2000,13370
7960,"Sarah","Jones",2000,13486
7961,"David","Jones",1998,12202
7962,"James","Williams",1993,19050
7963,"Emily","Johnson",1971,12133
7964,"David","Martinez",1991,16962
7965,"Emily","Rodriguez",1999,12230
7966,"Jane","Johnson",1979,19351
7967,"James","Johnson",1997,13132
7968,"Sarah","Smith",1979,17239
7969,"James","Johnson",1973,13124
7970,"James","Brown",1992,12584
7971,"James","Garcia",1994,14544
7972,"William","Davis",1981,11312
7973,"Jane","Martinez",1971,18830
7974,"Michael","Miller",1981,14940
7975,"William","Johnson",1993,18621
7976,"David","Brown",1976,18468
7977,"Olivia","Davis",1989,11007
7978,"Emma","Rodriguez",1978,11764
7979,"David","Johnson",1996,15555
7980,"Emma","Rodriguez",1991,15548
7981,"Sarah","Rodriguez",1997,14607
7982,"Michael","Miller",1972,13425
7983,"Emma","Smith",1998,14785
7984,"James","Miller",1979,13314
7985,"James","Miller",1985,12467
7986,"David","Rodriguez",1994,16957
7987,"John","Smith",1994,16220
7988,"John","Brown",1988,16452
7989,"Michael","Garcia",1977,14396
7990,"James","Martinez",1987,13758
7991,"Jane","Johnson",1993,16035
7992,"Emma","Martinez",1994,12632
7993,"William","Davis",1995,16973
7994,"Olivia","Williams",1990,19622
7995,"Olivia","Johnson",1987,15307
7996,"Michael","Rodriguez",1986,10903
7997,"James","Smith",2000,17405
7998,"James","Smith",1992,17681
7999,"Emily","Johnson",1975,16659
8000,"John","Brown",2000,16546
8001,"James","Johnson",1992,12461
8002,"Michael","Smith",1977,17502
8003,"James","Davis",1980,17032
8004,"Jane","Miller",1979,10704
8005,"James","Martinez",1970,19273
8006,"Olivia","Martinez",1987,14072
8007,"David","Brown",1988,16817
8008,"Michael","Williams",1987,11438
8009,"James","Davis",1997,16813
8010,"Sarah","Johnson",1983,11930
8011,"Sarah","Davis",1984,11872
8012,"David","Smith",1985,19368
8013,"Emily","Davis",1980,18621
8014,"Emma","Brown",1975,12341
8015,"Jane","Davis",1975,18596
8016,"Olivia","Miller",1982,17533
8017,"John","Smith",1990,11156
8018,"David","Garcia",1977,19271
8019,"Olivia","Garcia",1993,19364
8020,"Olivia","Jones",1981,12456
8021,"Olivia","Jones",1987,11148
8022,"Sarah","Jones",1975,12455
8023,"James","Johnson",1981,17226
8024,"Jane","Garcia",1999,19637
8025,"Emily","Johnson",1978,17829
8026,"Emily","Brown",1984,15333
8027,"John","Rodriguez",1997,16978
8028,"Emma","Smith",1970,10936
8029,"Jane","Garcia",1971,13001
8030,"David","Smith",1972,11497
8031,"John","Martinez",1993,12913
8032,"William","Davis",1998,18040
8033,"David","Jones",1996,18484
8034,"John","Brown",1981,14995
8035,"David","Garcia",1988,18918
8036,"William","Rodriguez",1970,18269
8037,"Sarah","Martinez",1996,19253
8038,"David","Rodriguez",1974,16536
8039,"Emma","Jones",1991,10090
8040,"James","Brown",1989,13840
8041,"Michael","Jones",1984,13732
8042,"James","Miller",1971,10989
8043,"John","Jones",1991,16174
8044,"Sarah","Rodriguez",1985,10921
8045,"William","Martinez",1996,11647
8046,"David","Rodriguez",1973,18763
8047,"Jane","Miller",1991,11831
8048,"Sarah","Rodriguez",1987,18313
8049,"James","Brown",1981,15866
8050,"James","Jones",1998,11810
8051,"Emma","Martinez",1999,11527
8052,"Emma","Martinez",1979,17791
8053,"William","Miller",1974,19879
8054,"David","Jones",1983,12503
8055,"Emma","Miller",1996,18082
8056,"John","Davis",1977,17468
8057,"William","Williams",1973,15661
8058,"David","Rodriguez",1991,19198
8059,"William","Rodriguez",1991,18886
8060,"William","Brown",1973,18240
8061,"Michael","Davis",1992,18438
8062,"James","Jones",1990,13671
8063,"David","Smith",1981,11418
8064,"Emma","Miller",2000,11785
8065,"Sarah","Garcia",1997,16371
8066,"John","Brown",1971,15665
8067,"John","Williams",1993,12979
8068,"Olivia","Williams",1995,13024
8069,"Michael","Miller",2000,19066
8070,"Emily","Williams",1984,10414
8071,"Emily","Garcia",1987,16873
8072,"William","Brown",1984,14489
8073,"Olivia","Martinez",1975,11290
8074,"John","Johnson",1987,13665
8075,"James","Johnson",1983,16983
8076,"William","Miller",1997,17773
8077,"Emma","Smith",1993,11616
8078,"William","Rodriguez",1975,13937
8079,"Sarah","Jones",2000,15632
8080,"James","Garcia",1998,17062
8081,"James","Johnson",1982,17927
8082,"William","Martinez",1991,15887
8083,"David","Rodriguez",1984,19165
8084,"David","Johnson",1994,14307
8085,"Emma","Rodriguez",1974,19807
8086,"Olivia","Miller",1970,11321
8087,"Olivia","Jones",1986,11846
8088,"David","Smith",1979,16046
8089,"William","Martinez",1984,11068
8090,"John","Williams",1990,14311
8091,"Sarah","Martinez",1998,14979
8092,"Emily","Johnson",1971,18862
8093,"Michael","Jones",1978,13730
8094,"Olivia","Davis",1995,15533
8095,"Jane","Martinez",1976,11625
8096,"John","Garcia",1986,16927
8097,"Sarah","Johnson",1986,10623
8098,"Emma","Brown",1980,12993
8099,"Jane","Brown",1979,19563
8100,"John","Garcia",1974,19401
8101,"Michael","Smith",1989,19763
8102,"James","Johnson",1992,14296
8103,"Olivia","Jones",1977,16543
8104,"James","Johnson",1975,13573
8105,"John","Brown",1985,18945
8106,"Michael","Rodriguez",1995,10145
8107,"Emily","Davis",1981,14731
8108,"William","Miller",1992,17955
8109,"Jane","Garcia",1979,18210
8110,"Olivia","Garcia",1998,15568
8111,"Emily","Martinez",1992,16464
8112,"Emma","Jones",1983,17675
8113,"James","Brown",1976,12966
8114,"Jane","Williams",1977,13635
8115,"Emily","Garcia",1978,10013
8116,"Sarah","Martinez",1993,17493
8117,"William","Martinez",1978,19113
8118,"William","Johnson",1994,17332
8119,"Michael","Davis",1980,16455
8120,"Olivia","Johnson",1970,15356
8121,"Jane","Miller",1977,11374
8122,"David","Davis",1973,10874
8123,"William","Davis",1977,16708
8124,"William","Brown",1999,17530
8125,"Sarah","Martinez",1974,11985
8126,"Jane","Rodriguez",1991,17507
8127,"William","Davis",1988,11771
8128,"Michael","Martinez",1998,10113
8129,"David","Davis",1974,14486
8130,"Sarah","Martinez",1973,15403
8131,"David","Garcia",1994,17308
8132,"William","Jones",1986,13495
8133,"Olivia","Jones",1990,13336
8134,"Jane","Jones",1989,13109
8135,"William","Johnson",1982,17259
8136,"Emma","Williams",1985,13797
8137,"James","Brown",1994,11389
8138,"Jane","Martinez",1986,13538
8139,"Michael","Jones",1998,15795
8140,"John","Jones",1977,14965
8141,"Sarah","Martinez",1996,13836
8142,"James","Davis",1996,17827
8143,"William","Davis",1980,17676
8144,"Sarah","Miller",1974,14858
8145,"Michael","Davis",1991,10274
8146,"David","Garcia",1999,13381
8147,"Sarah","Miller",1980,11850
8148,"Sarah","Miller",1997,14046
8149,"Emma","Garcia",1971,11487
8150,"David","Miller",1989,12631
8151,"John","Martinez",1976,12196
8152,"Emma","Smith",1977,19715
8153,"Michael","Rodriguez",1989,18765
8154,"John","Rodriguez",1993,14250
8155,"John","Garcia",1976,18725
8156,"David","Smith",1971,17783
8157,"John","Garcia",1988,19884
8158,"Sarah","Garcia",1981,10555
8159,"Olivia","Miller",2000,14185
8160,"James","Smith",1993,15108
8161,"William","Davis",1992,11322
8162,"James","Williams",1976,17667
8163,"Sarah","Garcia",1982,19312
8164,"Olivia","Williams",1974,11465
8165,"Sarah","Miller",1992,14025
8166,"Emily","Brown",1980,15840
8167,"Emma","Smith",1992,16501
8168,"Emily","Davis",1978,15574
8169,"Olivia","Jones",1990,18570
8170,"James","Davis",1993,14516
8171,"Emma","Johnson",1998,19614
8172,"Olivia","Johnson",1988,19158
8173,"Jane","Johnson",1984,13018
8174,"Sarah","Williams",1972,19241
8175,"William","Rodriguez",2000,16086
8176,"Emily","Rodriguez",1999,12745
8177,"Jane","Rodriguez",1983,11256
8178,"Olivia","Williams",1994,18738
8179,"Emma","Martinez",2000,10585
8180,"John","Jones",1974,16929
8181,"Sarah","Miller",1977,18940
8182,"James","Smith",1976,15556
8183,"Sarah","Smith",1982,13229
8184,"John","Smith",1983,14180
8185,"Michael","Williams",1981,13026
8186,"James","Rodriguez",1988,10402
8187,"David","Davis",1991,12876
8188,"Olivia","Johnson",1971,11320
8189,"Olivia","Jones",1980,18498
8190,"Emily","Johnson",1999,19578
8191,"John","Johnson",1994,10775
8192,"Jane","Davis",1971,11750
8193,"Jane","Davis",1977,11130
8194,"Olivia","Miller",1992,14399
8195,"Emma","Davis",1976,10871
8196,"Emma","Davis",1987,12990
8197,"William","Jones",1974,19468
8198,"Michael","Miller",1976,16402
8199,"William","Rodriguez",1985,16682
8200,"Jane","Johnson",1997,15270
8201,"John","Rodriguez",1999,11682
8202,"William","Miller",1996,18746
8203,"Sarah","Davis",1989,19955
8204,"Emma","Brown",1971,19166
8205,"Emily","Williams",1985,12836
8206,"Jane","Miller",1985,14020
8207,"John","Jones",1987,13318
8208,"John","Johnson",1986,16498
8209,"Emily","Rodriguez",1976,12367
8210,"Emma","Brown",1991,12799
8211,"David","Martinez",1996,19095
8212,"William","Smith",1996,19490
8213,"John","Garcia",1990,18444
8214,"Olivia","Williams",1993,16493
8215,"Emma","Jones",1972,11418
8216,"John","Miller",1990,11428
8217,"Jane","Garcia",1970,19942
8218,"William","Brown",1979,12433
8219,"Jane","Rodriguez",1990,18302
8220,"Emily","Smith",1989,14993
8221,"Sarah","Miller",1996,14513
8222,"Emma","Williams",1984,11743
8223,"William","Jones",2000,19119
8224,"Emily","Rodriguez",1980,15707
8225,"Michael","Davis",1983,13874
8226,"Emily","Martinez",1980,16411
8227,"Emily","Jones",1985,15595
8228,"Sarah","Johnson",1983,19826
8229,"David","Brown",1988,15758
8230,"Olivia","Garcia",1995,12997
8231,"John","Jones",1974,10475
8232,"Emily","Davis",1975,17509
8233,"Sarah","Rodriguez",1988,11316
8234,"Michael","Johnson",1992,10429
8235,"William","Jones",1987,17250
8236,"John","Jones",1983,16493
8237,"Jane","Martinez",1970,12282
8238,"Emma","Brown",1983,16158
8239,"John","Johnson",1992,19822
8240,"Michael","Johnson",1996,16021
8241,"John","Davis",1982,12657
8242,"Sarah","Miller",1979,12000
8243,"John","Johnson",1970,11900
8244,"Emily","Martinez",1986,19071
8245,"Michael","Brown",1981,15369
8246,"James","Garcia",1991,11015
8247,"Emma","Martinez",2000,14959
8248,"Sarah","Davis",1976,13913
8249,"William","Johnson",1974,16409
8250,"David","Rodriguez",1999,18132
8251,"William","Martinez",1992,15003
8252,"David","Jones",1997,11020
8253,"John","Smith",1997,10037
8254,"Jane","Davis",1996,13144
8255,"John","Martinez",1981,10769
8256,"James","Johnson",1973,11849
8257,"John","Miller",1992,16022
8258,"James","Rodriguez",1983,11869
8259,"James","Brown",1993,11341
8260,"Jane","Williams",1989,16838
8261,"Emma","Garcia",1998,13885
8262,"Sarah","Johnson",1982,17660
8263,"Emily","Smith",1993,18913
8264,"William","Garcia",1982,17962
8265,"Sarah","Martinez",1986,13165
8266,"Emily","Rodriguez",1980,16845
8267,"Olivia","Johnson",2000,19463
8268,"Michael","Johnson",1993,10209
8269,"Jane","Garcia",1985,11368
8270,"Sarah","Brown",1978,10670
8271,"John","Miller",1993,12587
8272,"Olivia","Martinez",1995,11903
8273,"Michael","Smith",1983,11700
8274,"Emma","Smith",1972,11870
8275,"John","Jones",1984,14749
8276,"David","Williams",1989,11664
8277,"Michael","Brown",1995,11338
8278,"Emma","Miller",1983,18765
8279,"Jane","Jones",1978,11892
8280,"Sarah","Jones",1982,11766
8281,"Emma","Martinez",1976,11632
8282,"David","Brown",1994,17765
8283,"David","Miller",1990,19443
8284,"James","Jones",1996,11188
8285,"William","Johnson",1972,13752
8286,"Olivia","Johnson",1984,19482
8287,"Olivia","Williams",1995,17204
8288,"John","Johnson",1999,18320
8289,"Michael","Johnson",1992,10584
8290,"James","Garcia",1992,13880
8291,"Michael","Williams",1980,17967
8292,"Emily","Rodriguez",1997,19472
8293,"Michael","Davis",1985,10378
8294,"James","Jones",1970,18668
8295,"Emily","Miller",1994,12027
8296,"John","Miller",1980,12116
8297,"Olivia","Brown",2000,13883
8298,"William","Johnson",1990,18557
8299,"Michael","Jones",1982,16616
8300,"John","Brown",1976,13319
8301,"Olivia","Garcia",1984,14651
8302,"Jane","Williams",1974,19526
8303,"Michael","Smith",1976,15373
8304,"Sarah","Garcia",1992,11515
8305,"Emma","Williams",1999,11667
8306,"Michael","Miller",1976,10872
8307,"John","Garcia",1989,18820
8308,"Olivia","Garcia",1977,14580
8309,"Sarah","Jones",1987,14636
8310,"William","Smith",1987,18595
8311,"Jane","Jones",1972,17605
8312,"Jane","Davis",1976,15597
8313,"James","Williams",1998,13277
8314,"Olivia","Smith",1989,13238
8315,"John","Jones",1976,17645
8316,"David","Jones",1989,19464
8317,"Emily","Johnson",1984,15132
8318,"William","Miller",1997,16888
8319,"James","Martinez",1977,15931
8320,"Sarah","Williams",1976,19358
8321,"Emma","Miller",1998,15207
8322,"Jane","Jones",1976,18150
8323,"John","Brown",1994,14262
8324,"Michael","Garcia",1977,15292
8325,"James","Williams",1999,10833
8326,"Sarah","Rodriguez",1978,16360
8327,"Emma","Johnson",1970,15668
8328,"Michael","Williams",1999,11683
8329,"Emily","Rodriguez",1970,16875
8330,"David","Garcia",1987,13059
8331,"Emily","Jones",1972,10292
8332,"Olivia","Jones",1990,12929
8333,"Sarah","Davis",1977,11356
8334,"James","Rodriguez",1971,18615
8335,"Olivia","Jones",1972,15971
8336,"Jane","Miller",1981,19323
8337,"Emma","Miller",1978,15137
8338,"Sarah","Davis",1981,14658
8339,"Sarah","Smith",1992,11729
8340,"David","Williams",1972,11107
8341,"Emma","Miller",1970,15371
8342,"Sarah","Rodriguez",1992,11935
8343,"Emily","Johnson",1984,17430
8344,"Michael","Martinez",1975,17176
8345,"James","Johnson",1984,13218
8346,"Michael","Miller",1992,13874
8347,"John","Smith",1990,11155
8348,"Emma","Brown",1984,13341
8349,"William","Davis",1975,15588
8350,"Jane","Johnson",1978,12865
8351,"John","Garcia",1980,12879
8352,"William","Johnson",1983,11249
8353,"Sarah","Brown",1991,12726
8354,"John","Smith",1985,17358
8355,"William","Martinez",1979,14443
8356,"Jane","Brown",1986,13559
8357,"David","Davis",1994,17008
8358,"James","Brown",1978,10635
8359,"John","Rodriguez",1997,16829
8360,"Emma","Martinez",1997,11236
8361,"John","Brown",1977,16539
8362,"Emma","Jones",1984,18218
8363,"Sarah","Johnson",1993,12389
8364,"James","Martinez",1998,10690
8365,"Emma","Brown",1971,10790
8366,"John","Johnson",1998,18621
8367,"Michael","Garcia",1994,15220
8368,"Jane","Brown",1976,10466
8369,"Emily","Jones",1985,14888
8370,"Emma","Johnson",1977,15823
8371,"Emily","Garcia",1974,11876
8372,"Emma","Rodriguez",1981,19922
8373,"Olivia","Garcia",1982,10544
8374,"James","Johnson",1996,11873
8375,"William","Jones",1986,10708
8376,"Michael","Garcia",1976,14041
8377,"Jane","Brown",1975,14301
8378,"David","Williams",1983,17457
8379,"David","Johnson",1982,13770
8380,"Emily","Johnson",1992,16671
8381,"David","Williams",1990,11249
8382,"Sarah","Davis",1998,16418
8383,"Emily","Martinez",1995,14831
8384,"William","Williams",1981,15421
8385,"Emma","Davis",1979,11755
8386,"John","Rodriguez",1980,16979
8387,"Olivia","Davis",1982,10537
8388,"Emily","Rodriguez",1973,17175
8389,"Sarah","Williams",1971,17710
8390,"William","Davis",1992,14447
8391,"Emma","Davis",1984,15239
8392,"Emma","Martinez",1983,13191
8393,"Jane","Brown",1971,15012
8394,"John","Davis",1996,12318
8395,"Michael","Jones",1976,13039
8396,"Michael","Martinez",1994,11906
8397,"Emma","Brown",1989,18729
8398,"Jane","Davis",1982,13488
8399,"Emma","Williams",1970,13631
8400,"David","Rodriguez",1974,12133
8401,"Sarah","Davis",1991,13338
8402,"Sarah","Jones",1979,19256
8403,"Emma","Johnson",1977,13516
8404,"Sarah","Davis",1974,14665
8405,"James","Martinez",1971,14458
8406,"Olivia","Smith",1987,17046
8407,"James","Brown",1983,16440
8408,"Sarah","Brown",1973,16400
8409,"Olivia","Johnson",1995,17779
8410,"David","Williams",1982,19969
8411,"Emma","Davis",1992,17818
8412,"David","Smith",1978,16870
8413,"Emily","Miller",1987,11163
8414,"Olivia","Williams",1984,17907
8415,"Olivia","Martinez",1989,15205
8416,"John","Smith",1993,17591
8417,"Emma","Davis",1989,11969
8418,"David","Davis",1971,18472
8419,"Michael","Miller",1983,10691
8420,"Emma","Brown",2000,13666
8421,"Sarah","Smith",1987,11058
8422,"Jane","Johnson",1998,12760
8423,"Emily","Brown",1991,10020
8424,"Michael","Miller",1995,13412
8425,"Olivia","Williams",1974,16990
8426,"Emma","Davis",1977,12430
8427,"Sarah","Brown",1977,10936
8428,"Michael","Miller",1971,14659
8429,"Emily","Rodriguez",1976,15595
8430,"William","Williams",1994,18538
8431,"Sarah","Garcia",1996,18450
8432,"William","Jones",1971,14604
8433,"Emma","Smith",1997,11892
8434,"Emily","Garcia",1973,17643
8435,"John","Martinez",1974,14310
8436,"Olivia","Williams",1976,12700
8437,"Olivia","Johnson",1994,12908
8438,"Emma","Miller",1980,10126
8439,"Sarah","Smith",1983,19042
8440,"Emily","Rodriguez",1983,16318
8441,"William","Jones",1992,10804
8442,"Michael","Davis",1998,16795
8443,"Michael","Davis",1995,10931
8444,"William","Williams",1993,11903
8445,"James","Johnson",1975,14993
8446,"David","Williams",1990,15798
8447,"Jane","Williams",1980,15606
8448,"Jane","Garcia",1990,10552
8449,"David","Martinez",1985,10991
8450,"Jane","Garcia",1996,11968
8451,"James","Jones",1983,17227
8452,"Jane","Johnson",1990,15549
8453,"David","Rodriguez",1970,18375
8454,"Jane","Brown",1981,11347
8455,"David","Rodriguez",1989,14238
8456,"Olivia","Martinez",1972,19589
8457,"Michael","Johnson",1981,14313
8458,"Michael","Smith",1972,14405
8459,"Sarah","Brown",1972,13020
8460,"Jane","Brown",1995,17423
8461,"James","Johnson",1992,12407
8462,"Jane","Rodriguez",1996,19019
8463,"David","Garcia",1972,12888
8464,"Emily","Brown",1988,10502
8465,"Olivia","Smith",1986,17883
8466,"David","Martinez",1991,18083
8467,"Jane","Miller",1973,16451
8468,"James","Williams",1996,12834
8469,"Olivia","Martinez",1982,15851
8470,"Michael","Rodriguez",1970,14304
8471,"Sarah","Martinez",1997,17502
8472,"John","Davis",1995,18939
8473,"David","Johnson",1981,11885
8474,"John","Miller",2000,11801
8475,"William","Martinez",1984,14249
8476,"William","Jones",1996,18907
8477,"William","Garcia",1987,13752
8478,"Jane","Brown",1997,15765
8479,"James","Brown",1978,18956
8480,"Emma","Davis",1979,11499
8481,"Jane","Davis",1989,14516
8482,"Olivia","Garcia",1998,18285
8483,"David","Davis",1989,17185
8484,"Olivia","Davis",1997,10680
8485,"Sarah","Smith",1973,16872
8486,"Jane","Smith",1974,19393
8487,"Olivia","Martinez",1977,18023
8488,"David","Johnson",1989,16039
8489,"Sarah","Martinez",1993,10831
8490,"Jane","Brown",1992,19728
8491,"Sarah","Jones",1978,19382
8492,"David","Garcia",1996,11749
8493,"Sarah","Jones",1989,14476
8494,"David","Garcia",1992,18708
8495,"David","Smith",1979,10410
8496,"Jane","Brown",1993,18062
8497,"John","Miller",1989,13134
8498,"Emma","Garcia",2000,17641
8499,"Emily","Smith",1984,18353
8500,"David","Martinez",1970,17286
8501,"William","Garcia",1984,12715
8502,"John","Jones",1989,19260
8503,"David","Martinez",1975,11485
8504,"John","Martinez",1977,19874
8505,"Emma","Davis",1974,13335
8506,"William","Brown",1977,12680
8507,"John","Miller",1998,10527
8508,"John","Jones",1979,13514
8509,"William","Miller",1995,19962
8510,"John","Williams",1994,17866
8511,"Emma","Davis",1980,10367
8512,"Michael","Miller",1971,10589
8513,"William","Garcia",1971,13369
8514,"Michael","Martinez",1984,14806
8515,"Olivia","Rodriguez",1996,11022
8516,"William","Smith",1989,11868
8517,"Olivia","Williams",1992,16163
8518,"James","Miller",1983,16456
8519,"Emily","Brown",1977,11393
8520,"Michael","Martinez",1984,18676
8521,"Emily","Garcia",2000,19506
8522,"Jane","Jones",1986,14294
8523,"Jane","Garcia",1974,17930
8524,"Sarah","Davis",1974,16471
8525,"John","Johnson",1987,14961
8526,"William","Martinez",1992,13840
8527,"Olivia","Davis",1980,18622
8528,"Emily","Martinez",1977,10305
8529,"David","Williams",1980,18443
8530,"David","Johnson",1971,11609
8531,"Emma","Smith",1980,10301
8532,"Emily","Rodriguez",1973,18475
8533,"Emily","Rodriguez",1979,19245
8534,"Sarah","Jones",1977,14838
8535,"Michael","Miller",1993,17448
8536,"Michael","Miller",1996,15731
8537,"William","Williams",1997,13812
8538,"Olivia","Garcia",1983,19923
8539,"Emma","Jones",1971,15244
8540,"Emily","Brown",1990,11023
8541,"Sarah","Jones",1985,14259
8542,"James","Smith",1995,18344
8543,"Olivia","Garcia",1990,10905
8544,"Emma","Garcia",1995,13553
8545,"Jane","Brown",1999,12108
8546,"Olivia","Miller",1973,14434
8547,"Michael","Brown",1986,18145
8548,"Jane","Garcia",1985,17198
8549,"John","Jones",1974,14332
8550,"Olivia","Miller",1976,12163
8551,"James","Johnson",1987,12985
8552,"William","Jones",1988,15809
8553,"James","Davis",1991,10130
8554,"Emma","Smith",1970,13876
8555,"Jane","Martinez",1983,12045
8556,"Michael","Rodriguez",1973,12950
8557,"Emma","Davis",1990,11669
8558,"Michael","Martinez",1996,18883
8559,"Olivia","Williams",1970,18800
8560,"Michael","Martinez",1988,18081
8561,"James","Jones",1986,10355
8562,"John","Jones",1971,15487
8563,"John","Williams",1975,19814
8564,"Michael","Garcia",1985,11663
8565,"Sarah","Williams",1985,17424
8566,"Jane","Garcia",1982,13845
8567,"Emily","Brown",2000,17048
8568,"Sarah","Jones",1980,12138
8569,"Michael","Johnson",1977,12211
8570,"Jane","Miller",1984,17110
8571,"John","Davis",1999,11826
8572,"David","Williams",1970,10265
8573,"William","Jones",1977,13088
8574,"James","Rodriguez",1979,14450
8575,"John","Davis",1975,15376
8576,"Emily","Jones",1983,16385
8577,"John","Johnson",1996,16953
8578,"David","Jones",1987,12575
8579,"Michael","Garcia",1987,10172
8580,"John","Johnson",1974,15342
8581,"Sarah","Martinez",1983,10779
8582,"Emma","Miller",1999,13893
8583,"John","Jones",1982,13568
8584,"Michael","Williams",1981,12791
8585,"Olivia","Garcia",1986,13457
8586,"Michael","Davis",1997,16719
8587,"Sarah","Smith",1995,15944
8588,"Michael","Garcia",1983,18745
8589,"William","Davis",1993,14664
8590,"Jane","Martinez",1992,15700
8591,"Michael","Smith",1970,15151
8592,"Michael","Jones",1981,17604
8593,"Emma","Miller",2000,18475
8594,"Sarah","Davis",1990,17254
8595,"Jane","Brown",1993,15295
8596,"David","Miller",1982,10887
8597,"John","Miller",1972,13565
8598,"David","Smith",1998,13809
8599,"Jane","Brown",1989,14293
8600,"William","Rodriguez",1980,13738
8601,"John","Miller",1987,11148
8602,"John","Williams",1973,15644
8603,"Olivia","Smith",1983,13562
8604,"Jane","Garcia",1992,12548
8605,"Olivia","Rodriguez",1973,14331
8606,"Emma","Davis",1994,13305
8607,"David","Brown",1999,14084
8608,"Emily","Smith",1990,19565
8609,"Emma","Davis",1994,13680
8610,"Emma","Davis",1970,19478
8611,"David","Jones",1977,11346
8612,"Michael","Brown",1974,17926
8613,"Olivia","Williams",1997,12535
8614,"William","Davis",2000,17769
8615,"William","Davis",2000,11373
8616,"William","Johnson",1989,18488
8617,"John","Davis",1974,12067
8618,"John","Williams",1991,17815
8619,"Emma","Brown",1999,11270
8620,"Emily","Garcia",1980,15661
8621,"Michael","Rodriguez",1986,18118
8622,"Olivia","Miller",1992,18451
8623,"Michael","Johnson",1994,10937
8624,"John","Miller",1977,15566
8625,"Emma","Martinez",1973,12244
8626,"Michael","Jones",1970,14140
8627,"James","Martinez",1987,13525
8628,"Michael","Johnson",2000,11341
8629,"David","Davis",1974,17768
8630,"James","Smith",2000,13867
8631,"Michael","Jones",1996,17595
8632,"Emily","Johnson",1981,15019
8633,"Emily","Rodriguez",1993,12102
8634,"Michael","Jones",1978,16639
8635,"David","Rodriguez",1995,10451
8636,"Emily","Williams",1985,17996
8637,"David","Garcia",1986,15332
8638,"John","Martinez",1974,13899
8639,"Emily","Williams",1981,14422
8640,"John","Martinez",1975,15435
8641,"Jane","Rodriguez",1978,19521
8642,"Sarah","Smith",1979,19301
8643,"Emily","Brown",2000,16608
8644,"David","Williams",1976,15074
8645,"Jane","Williams",1979,16007
8646,"James","Jones",2000,13673
8647,"Olivia","Davis",1983,18982
8648,"David","Garcia",1970,16174
8649,"James","Smith",1970,10320
8650,"Emily","Martinez",1992,16279
8651,"John","Jones",1991,11784
8652,"Olivia","Davis",1980,10631
8653,"William","Davis",1996,15345
8654,"John","Brown",1975,13186
8655,"Olivia","Jones",1970,15230
8656,"Jane","Williams",1971,16651
8657,"Jane","Garcia",1995,12509
8658,"Olivia","Garcia",1983,17267
8659,"Michael","Garcia",1988,10364
8660,"Olivia","Jones",1977,15028
8661,"Sarah","Williams",1978,16941
8662,"Sarah","Smith",1999,11069
8663,"Emma","Martinez",1986,14015
8664,"John","Garcia",1987,19882
8665,"John","Miller",1972,10058
8666,"Michael","Smith",1994,16389
8667,"Jane","Johnson",1983,11919
8668,"John","Davis",1975,16026
8669,"Emily","Brown",1982,14528
8670,"David","Jones",2000,12762
8671,"John","Miller",1970,11559
8672,"William","Miller",1999,19728
8673,"Sarah","Garcia",1996,13119
8674,"David","Martinez",1975,15267
8675,"Sarah","Johnson",1977,11612
8676,"Emma","Rodriguez",1976,12094
8677,"Olivia","Rodriguez",1989,19643
8678,"John","Jones",1983,17204
8679,"Emily","Williams",2000,18507
8680,"Michael","Brown",1993,15471
8681,"Emily","Smith",1991,12915
8682,"Jane","Garcia",1987,15665
8683,"Sarah","Davis",1976,18927
8684,"John","Rodriguez",1988,16495
8685,"Michael","Jones",1999,17871
8686,"Emily","Smith",1999,10534
8687,"William","Brown",1972,12938
8688,"David","Jones",1995,17306
8689,"John","Jones",1980,11838
8690,"Olivia","Johnson",1989,10952
8691,"William","Smith",1990,19676
8692,"Jane","Smith",1971,13802
8693,"James","Johnson",1981,11860
8694,"David","Smith",1972,19765
8695,"Michael","Johnson",1986,15304
8696,"James","Jones",1970,17893
8697,"Emma","Martinez",1996,17688
8698,"Sarah","Brown",1993,16573
8699,"Sarah","Johnson",1980,15817
8700,"William","Miller",1986,14661
8701,"Jane","Brown",1993,19085
8702,"David","Johnson",1973,10084
8703,"Michael","Rodriguez",1993,19111
8704,"John","Brown",1985,19781
8705,"James","Martinez",1995,12116
8706,"David","Davis",1992,12958
8707,"Emma","Smith",1990,12577
8708,"John","Garcia",1981,12783
8709,"Olivia","Miller",1970,18951
8710,"James","Brown",1985,17649
8711,"John","Miller",1988,14971
8712,"Sarah","Williams",1986,17508
8713,"Jane","Smith",1993,17686
8714,"Sarah","Rodriguez",1974,17158
8715,"John","Garcia",1971,11632
8716,"David","Rodriguez",1998,12547
8717,"Olivia","Brown",1999,12034
8718,"Michael","Davis",1995,10782
8719,"David","Miller",1973,16258
8720,"Jane","Garcia",1988,15516
8721,"Michael","Williams",1984,13082
8722,"Emma","Jones",1991,14116
8723,"David","Johnson",1976,14089
8724,"David","Davis",1970,11191
8725,"Michael","Martinez",1985,11759
8726,"Jane","Johnson",1998,14041
8727,"Emma","Garcia",1972,18881
8728,"James","Johnson",1982,10380
8729,"Emily","Davis",1974,17479
8730,"James","Brown",1975,12762
8731,"Emma","Miller",1985,17019
8732,"William","Martinez",1990,17922
8733,"Emily","Brown",1983,14641
8734,"Michael","Jones",1991,19718
8735,"Sarah","Williams",1992,10842
8736,"David","Williams",1991,10487
8737,"Emma","Smith",1989,12379
8738,"Sarah","Smith",1993,13620
8739,"Michael","Johnson",1981,16412
8740,"Emma","Rodriguez",1992,17616
8741,"Sarah","Jones",1986,14847
8742,"Sarah","Martinez",1998,15105
8743,"Michael","Jones",1985,12860
8744,"Emily","Brown",2000,18654
8745,"Emma","Williams",2000,19796
8746,"Jane","Brown",1972,17381
8747,"Olivia","Williams",1998,15296
8748,"Michael","Johnson",1990,11158
8749,"Sarah","Brown",1981,13337
8750,"John","Miller",1981,12337
8751,"Emily","Miller",1983,11588
8752,"William","Garcia",1981,14490
8753,"David","Miller",1980,12438
8754,"David","Martinez",1994,11759
8755,"John","Williams",1983,12383
8756,"Michael","Miller",1996,11807
8757,"Sarah","Jones",1970,17605
8758,"Olivia","Martinez",1994,11204
8759,"James","Rodriguez",1994,15987
8760,"Emma","Jones",1972,13947
8761,"David","Smith",1994,13023
8762,"Sarah","Brown",1997,16542
8763,"Michael","Brown",1982,18232
8764,"William","Rodriguez",1980,16872
8765,"David","Davis",1982,15339
8766,"Sarah","Martinez",1980,10182
8767,"Sarah","Smith",2000,13319
8768,"Olivia","Martinez",1985,18666
8769,"Michael","Rodriguez",1980,13227
8770,"David","Rodriguez",1985,15471
8771,"Emily","Martinez",1990,14291
8772,"Sarah","Martinez",1970,13880
8773,"Olivia","Davis",1989,17759
8774,"Olivia","Jones",1993,18189
8775,"Jane","Williams",1981,13619
8776,"Olivia","Johnson",1974,10093
8777,"Olivia","Davis",1978,17108
8778,"Michael","Garcia",1998,12569
8779,"Michael","Smith",1997,18631
8780,"Emma","Martinez",1979,16151
8781,"Olivia","Smith",1975,13803
8782,"Olivia","Jones",1975,16226
8783,"Jane","Martinez",1978,19779
8784,"Emily","Johnson",1976,16886
8785,"Jane","Garcia",1981,16200
8786,"John","Martinez",1997,17023
8787,"James","Brown",1987,15408
8788,"Emily","Davis",1983,16981
8789,"Emma","Garcia",1991,16654
8790,"Olivia","Rodriguez",1976,16653
8791,"Sarah","Miller",1971,10456
8792,"Jane","Jones",1983,13157
8793,"Sarah","Jones",1985,12973
8794,"James","Miller",1989,13697
8795,"Michael","Jones",1970,18309
8796,"James","Martinez",1999,15435
8797,"Michael","Smith",1973,18909
8798,"Sarah","Johnson",1999,17618
8799,"Emma","Brown",1976,15768
8800,"William","Miller",1986,12194
8801,"Jane","Martinez",1992,10356
8802,"Emma","Johnson",1991,14541
8803,"John","Brown",1970,14977
8804,"John","Williams",1970,18889
8805,"Emma","Rodriguez",1994,11548
8806,"Emily","Williams",1984,13649
8807,"James","Garcia",1995,15277
8808,"Sarah","Smith",1990,17786
8809,"John","Jones",2000,15473
8810,"Olivia","Rodriguez",1984,12196
8811,"William","Davis",1999,11242
8812,"Emma","Smith",1997,18528
8813,"Jane","Jones",1996,14663
8814,"Emma","Johnson",1996,14317
8815,"Sarah","Johnson",1988,12566
8816,"Emily","Davis",1973,10238
8817,"Olivia","Martinez",1972,17924
8818,"John","Williams",1974,14960
8819,"Olivia","Brown",1990,18096
8820,"Sarah","Jones",1994,14201
8821,"Olivia","Smith",1991,10912
8822,"John","Williams",1986,19662
8823,"Sarah","Miller",1983,17840
8824,"Emma","Brown",1971,10094
8825,"Jane","Rodriguez",1972,15349
8826,"Sarah","Brown",1972,16300
8827,"Emily","Johnson",1990,13968
8828,"Emma","Garcia",1980,15638
8829,"Sarah","Martinez",1975,14292
8830,"Michael","Rodriguez",1983,14076
8831,"James","Davis",1984,10476
8832,"John","Williams",1970,17562
8833,"James","Johnson",1976,10029
8834,"John","Johnson",1994,19076
8835,"Emily","Williams",1975,18935
8836,"Jane","Johnson",1994,15214
8837,"Sarah","Brown",1994,14870
8838,"James","Brown",1990,16688
8839,"Sarah","Williams",1987,13202
8840,"John","Brown",1987,15795
8841,"James","Williams",1990,11215
8842,"Michael","Johnson",1985,19711
8843,"Emma","Williams",1973,15373
8844,"Sarah","Garcia",1984,13208
8845,"Jane","Williams",1982,11796
8846,"David","Johnson",1999,16532
8847,"John","Miller",1971,16634
8848,"Olivia","Jones",1976,14282
8849,"John","Miller",1976,19024
8850,"Olivia","Jones",1986,14248
8851,"Olivia","Rodriguez",1976,15048
8852,"Sarah","Jones",1980,14174
8853,"William","Garcia",1983,19582
8854,"Emma","Garcia",1991,15955
8855,"John","Garcia",1978,16337
8856,"James","Brown",1980,11355
8857,"Sarah","Miller",1993,15947
8858,"Emma","Martinez",1978,15408
8859,"Sarah","Miller",2000,17102
8860,"Sarah","Davis",1979,19720
8861,"Emma","Brown",1994,10758
8862,"Olivia","Smith",1995,14966
8863,"Michael","Miller",1992,14768
8864,"Sarah","Davis",1987,19658
8865,"David","Garcia",1992,13732
8866,"Michael","Smith",1973,16710
8867,"Emily","Miller",1988,19235
8868,"James","Johnson",1986,19625
8869,"Emily","Johnson",1974,17822
8870,"Michael","Garcia",1976,16844
8871,"Emily","Garcia",1982,17370
8872,"Emily","Martinez",1974,11904
8873,"Michael","Davis",1974,10312
8874,"Sarah","Jones",1989,11324
8875,"Emma","Davis",1998,13253
8876,"William","Miller",1995,11792
8877,"Olivia","Williams",1985,11412
8878,"Olivia","Davis",1982,13559
8879,"William","Davis",1980,14579
8880,"Olivia","Miller",1971,13458
8881,"Jane","Rodriguez",1983,15520
8882,"James","Williams",1976,13094
8883,"Jane","Miller",1986,14590
8884,"William","Martinez",1979,16696
8885,"Sarah","Johnson",1973,18486
8886,"Olivia","Brown",1992,18484
8887,"Emily","Rodriguez",1994,19616
8888,"Sarah","Garcia",1973,11677
8889,"Michael","Johnson",1973,12016
8890,"Olivia","Davis",1973,10905
8891,"James","Garcia",1992,12461
8892,"Emma","Brown",1975,19327
8893,"Emma","Williams",1972,14664
8894,"Emily","Williams",1999,18055
8895,"Michael","Miller",1997,15690
8896,"John","Miller",1995,11381
8897,"Jane","Smith",1985,11405
8898,"William","Jones",1999,10396
8899,"James","Miller",1988,18303
8900,"Sarah","Brown",1982,13116
8901,"John","Jones",1973,13197
8902,"Michael","Johnson",1991,18434
8903,"David","Miller",1971,19089
8904,"William","Johnson",1990,19341
8905,"Emma","Miller",1972,10794
8906,"William","Smith",1984,18067
8907,"Sarah","Jones",1978,11854
8908,"Michael","Miller",1972,17894
8909,"James","Miller",1985,17430
8910,"Emily","Miller",1970,15499
8911,"William","Brown",1987,12252
8912,"Emma","Williams",1990,19118
8913,"Emily","Garcia",1979,14350
8914,"David","Johnson",1972,18839
8915,"Michael","Brown",1979,12680
8916,"Sarah","Martinez",1989,14090
8917,"William","Miller",1989,17267
8918,"James","Smith",1991,10900
8919,"William","Johnson",1980,18373
8920,"John","Martinez",1977,11665
8921,"Emma","Rodriguez",1977,12427
8922,"Emily","Jones",1985,13964
8923,"Jane","Johnson",1988,15862
8924,"Olivia","Smith",1988,12362
8925,"Olivia","Williams",1974,19806
8926,"John","Jones",1996,11160
8927,"William","Rodriguez",1982,18160
8928,"Michael","Jones",1975,14135
8929,"Olivia","Rodriguez",1971,12470
8930,"Olivia","Rodriguez",1996,19048
8931,"John","Davis",1991,12145
8932,"Sarah","Miller",1996,19593
8933,"James","Garcia",1991,19346
8934,"David","Miller",1983,11869
8935,"James","Martinez",1988,17657
8936,"William","Garcia",1988,19345
8937,"Sarah","Garcia",1992,12539
8938,"David","Miller",2000,10134
8939,"Emma","Rodriguez",1992,19194
8940,"Jane","Smith",1982,18662
8941,"Jane","Brown",2000,12653
8942,"David","Davis",1991,18310
8943,"Emily","Brown",2000,18835
8944,"William","Rodriguez",1975,16648
8945,"James","Davis",1983,10400
8946,"Jane","Rodriguez",1995,16694
8947,"Michael","Garcia",1999,17017
8948,"William","Davis",1996,12219
8949,"Jane","Jones",1989,18537
8950,"Emma","Williams",1986,14855
8951,"Emma","Davis",1983,16439
8952,"Jane","Smith",1978,12599
8953,"Olivia","Williams",1990,12747
8954,"Emma","Davis",1991,12349
8955,"David","Davis",1992,14275
8956,"David","Brown",1984,18964
8957,"Sarah","Johnson",1972,18641
8958,"William","Johnson",1994,19557
8959,"Jane","Jones",1995,11997
8960,"David","Davis",1974,10086
8961,"Michael","Williams",1991,12820
8962,"David","Davis",1973,18764
8963,"Sarah","Williams",1981,14281
8964,"Sarah","Davis",1993,19884
8965,"James","Garcia",1997,13926
8966,"John","Garcia",2000,12659
8967,"David","Johnson",1971,15474
8968,"Sarah","Brown",1999,15468
8969,"Sarah","Johnson",1976,15483
8970,"Emma","Johnson",1990,19588
8971,"Emma","Davis",1983,15515
8972,"Jane","Davis",1983,11956
8973,"Emily","Rodriguez",2000,17673
8974,"Emma","Williams",1981,19629
8975,"Michael","Smith",1995,14184
8976,"Olivia","Smith",1978,13702
8977,"Olivia","Garcia",1995,12554
8978,"Emily","Davis",1997,15139
8979,"David","Smith",1976,14047
8980,"Olivia","Williams",1972,18330
8981,"Michael","Davis",1999,13011
8982,"James","Smith",1976,17617
8983,"Michael","Johnson",1986,18395
8984,"John","Rodriguez",1997,14493
8985,"Emily","Jones",1985,11242
8986,"William","Martinez",1996,12458
8987,"James","Martinez",1985,19753
8988,"James","Brown",1995,17858
8989,"Jane","Johnson",1998,11647
8990,"Emma","Jones",1988,10817
8991,"Emma","Garcia",1977,12423
8992,"Michael","Jones",1978,11488
8993,"Sarah","Martinez",1978,19197
8994,"Emma","Williams",1995,16825
8995,"Olivia","Smith",1971,10466
8996,"Michael","Garcia",1974,11952
8997,"Olivia","Jones",1996,19030
8998,"David","Martinez",1979,11918
8999,"David","Miller",1971,16399
9000,"Olivia","Miller",1995,19048
9001,"John","Johnson",1977,13705
9002,"Emma","Martinez",1979,16777
9003,"Olivia","Williams",1977,12410
9004,"Emily","Jones",1987,19774
9005,"Emily","Rodriguez",1973,11043
9006,"Sarah","Miller",1994,17314
9007,"Michael","Jones",1979,15592
9008,"James","Johnson",1996,12734
9009,"Jane","Smith",1979,11140
9010,"Emily","Williams",1970,14535
9011,"Michael","Johnson",1988,13889
9012,"Olivia","Garcia",1976,18023
9013,"Emily","Jones",1987,11639
9014,"Emma","Johnson",1994,17889
9015,"William","Johnson",1985,17796
9016,"James","Rodriguez",1975,12959
9017,"Emily","Rodriguez",1979,12523
9018,"John","Rodriguez",1990,18059
9019,"Olivia","Davis",1975,15610
9020,"David","Garcia",1976,11646
9021,"Emily","Smith",1988,11702
9022,"Emily","Miller",1978,13244
9023,"Sarah","Smith",1983,17889
9024,"Emma","Martinez",1992,18092
9025,"James","Brown",1990,10333
9026,"John","Miller",1997,18228
9027,"Michael","Rodriguez",1976,13269
9028,"Emily","Garcia",1996,13025
9029,"William","Davis",1996,13285
9030,"Michael","Jones",1998,18010
9031,"Michael","Davis",1989,14706
9032,"Michael","Williams",1980,16090
9033,"James","Garcia",1985,14877
9034,"Jane","Martinez",1974,17357
9035,"James","Johnson",1978,12606
9036,"Emily","Rodriguez",2000,17475
9037,"James","Jones",1997,13067
9038,"Emma","Brown",1998,19290
9039,"Emma","Williams",1980,11469
9040,"Michael","Smith",1987,16192
9041,"Michael","Smith",1997,18595
9042,"Olivia","Miller",1973,12385
9043,"James","Johnson",1997,18367
9044,"Emma","Williams",1975,10153
9045,"William","Smith",1980,11255
9046,"Jane","Johnson",1981,19225
9047,"Jane","Williams",1972,14642
9048,"James","Garcia",1994,13728
9049,"John","Martinez",1979,18283
9050,"Olivia","Smith",1984,14689
9051,"Jane","Jones",1973,14861
9052,"Olivia","Johnson",1991,18116
9053,"David","Jones",1996,13675
9054,"Emma","Martinez",1985,16744
9055,"William","Johnson",1970,10635
9056,"William","Martinez",1973,19580
9057,"John","Brown",1980,13747
9058,"Olivia","Johnson",1992,11200
9059,"James","Johnson",1995,16196
9060,"John","Johnson",1976,11703
9061,"Emma","Miller",1974,11446
9062,"James","Rodriguez",1978,12751
9063,"Emma","Jones",1976,16330
9064,"Jane","Jones",1990,14440
9065,"James","Smith",1985,17419
9066,"David","Miller",1992,14852
9067,"Jane","Martinez",1983,19107
9068,"Jane","Davis",1976,11206
9069,"Emma","Johnson",1971,11313
9070,"William","Martinez",1993,17058
9071,"Jane","Williams",1970,18431
9072,"Sarah","Johnson",1982,19308
9073,"Sarah","Rodriguez",1976,17147
9074,"Jane","Johnson",1970,18408
9075,"Olivia","Martinez",1984,17119
9076,"David","Brown",1980,10037
9077,"Olivia","Williams",1977,11124
9078,"Emma","Rodriguez",1984,19650
9079,"Jane","Smith",1981,12972
9080,"Emily","Johnson",1998,12160
9081,"William","Davis",1983,13105
9082,"Jane","Johnson",1999,14267
9083,"James","Garcia",1971,19360
9084,"Jane","Brown",1998,13130
9085,"Olivia","Rodriguez",1974,10869
9086,"James","Miller",1981,19447
9087,"Sarah","Smith",1981,13673
9088,"James","Jones",1971,11583
9089,"Sarah","Jones",1976,11455
9090,"Olivia","Smith",1994,10498
9091,"John","Brown",1986,10512
9092,"Emma","Jones",1984,18151
9093,"Sarah","Jones",1991,16844
9094,"Jane","Johnson",2000,19508
9095,"Michael","Davis",1972,16642
9096,"Sarah","Brown",1973,18368
9097,"James","Davis",1998,16698
9098,"Jane","Williams",1972,11885
9099,"Jane","Jones",1991,12461
9100,"Emma","Martinez",1975,11064
9101,"Michael","Davis",1988,16700
9102,"Emily","Jones",1997,15679
9103,"Jane","Miller",1971,11032
9104,"Olivia","Miller",1991,16133
9105,"Emma","Miller",1979,12338
9106,"Michael","Rodriguez",1998,18440
9107,"Sarah","Garcia",1980,12695
9108,"Emily","Miller",1984,12403
9109,"Emma","Martinez",1978,14524
9110,"Jane","Williams",1987,17787
9111,"David","Miller",1981,10124
9112,"Jane","Martinez",1993,19657
9113,"James","Williams",1972,18811
9114,"Sarah","Brown",1992,15045
9115,"Emma","Brown",1990,12924
9116,"Jane","Garcia",1992,16295
9117,"Olivia","Rodriguez",1977,15937
9118,"William","Brown",1999,12143
9119,"Emily","Garcia",1994,14458
9120,"Emily","Brown",1989,15332
9121,"Emma","Miller",1993,16495
9122,"Emily","Williams",1998,19251
9123,"Sarah","Garcia",1975,16812
9124,"Emily","Williams",1986,12273
9125,"Jane","Smith",1994,15551
9126,"Sarah","Williams",1971,18584
9127,"Sarah","Rodriguez",1985,18776
9128,"James","Williams",1971,16402
9129,"William","Johnson",1998,13591
9130,"Sarah","Garcia",1987,13922
9131,"Michael","Jones",1995,12444
9132,"John","Johnson",1987,13609
9133,"Jane","Jones",1997,19054
9134,"Jane","Martinez",1995,12248
9135,"Jane","Johnson",1981,18428
9136,"Michael","Rodriguez",1982,19985
9137,"Olivia","Miller",1989,11687
9138,"Sarah","Martinez",1981,19383
9139,"John","Williams",1997,11844
9140,"Jane","Williams",1995,12371
9141,"Sarah","Johnson",1986,13808
9142,"Olivia","Brown",1970,17468
9143,"Jane","Johnson",1975,17285
9144,"Jane","Martinez",1984,13437
9145,"Sarah","Williams",1971,12116
9146,"Jane","Williams",1977,15442
9147,"Sarah","Brown",1983,12906
9148,"John","Garcia",1986,11048
9149,"Michael","Miller",1974,17295
9150,"Emma","Rodriguez",1987,18870
9151,"Jane","Johnson",1991,14789
9152,"Olivia","Miller",1984,14848
9153,"Michael","Williams",1984,14436
9154,"William","Rodriguez",1984,14769
9155,"Michael","Miller",1999,11367
9156,"James","Martinez",1998,15268
9157,"David","Garcia",1977,13693
9158,"Emma","Rodriguez",1980,14222
9159,"James","Johnson",1981,12340
9160,"Emma","Rodriguez",1971,12046
9161,"Michael","Garcia",1976,15794
9162,"Jane","Williams",1975,17326
9163,"Emma","Jones",1973,13289
9164,"Olivia","Miller",1981,13083
9165,"John","Jones",1994,13674
9166,"James","Rodriguez",1996,14970
9167,"Michael","Smith",1990,10241
9168,"Sarah","Brown",1998,11745
9169,"Jane","Miller",1975,10731
9170,"James","Jones",1994,10317
9171,"Emma","Davis",1972,16050
9172,"Sarah","Martinez",1973,13064
9173,"Emily","Brown",1976,10505
9174,"William","Smith",1984,11603
9175,"Sarah","Smith",1990,15797
9176,"William","Miller",2000,14689
9177,"David","Rodriguez",1985,15670
9178,"William","Rodriguez",1998,16612
9179,"Emma","Davis",1974,16410
9180,"James","Davis",1986,15024
9181,"John","Brown",1976,15503
9182,"James","Brown",1975,14229
9183,"James","Martinez",1995,17169
9184,"Emily","Miller",1975,16228
9185,"James","Williams",1997,10375
9186,"Michael","Smith",1986,19198
9187,"John","Martinez",1974,14751
9188,"Olivia","Williams",1995,17407
9189,"James","Brown",1974,15130
9190,"Emily","Johnson",1996,11862
9191,"Olivia","Williams",1994,16456
9192,"William","Rodriguez",1991,17275
9193,"David","Jones",1975,16207
9194,"Olivia","Miller",1971,10585
9195,"David","Martinez",2000,19356
9196,"Michael","Jones",1991,16521
9197,"John","Smith",1975,17588
9198,"Olivia","Garcia",1976,16824
9199,"Emma","Garcia",1970,17969
9200,"John","Martinez",1996,10772
9201,"James","Jones",1990,13128
9202,"Sarah","Brown",1993,12066
9203,"James","Brown",1991,11694
9204,"Jane","Martinez",1987,13414
9205,"Emma","Davis",1995,12536
9206,"Emma","Martinez",1987,11067
9207,"David","Williams",1989,16338
9208,"Sarah","Williams",1993,17562
9209,"Olivia","Smith",1973,17936
9210,"Sarah","Johnson",1992,16746
9211,"John","Brown",1988,16172
9212,"David","Martinez",1992,12238
9213,"William","Jones",1993,15186
9214,"William","Johnson",1976,13289
9215,"John","Miller",1993,19337
9216,"David","Williams",1991,14065
9217,"James","Jones",1977,18796
9218,"James","Miller",1991,10678
9219,"David","Garcia",1970,13380
9220,"David","Miller",1992,19263
9221,"Emma","Rodriguez",1995,11016
9222,"Emma","Martinez",1987,18778
9223,"John","Williams",1991,12064
9224,"David","Jones",1982,11474
9225,"Sarah","Williams",1984,16250
9226,"Olivia","Garcia",1993,19912
9227,"Michael","Martinez",1981,13295
9228,"Emma","Miller",1973,13072
9229,"Olivia","Miller",1997,16453
9230,"David","Williams",1971,13583
9231,"John","Davis",1991,19747
9232,"Sarah","Williams",1981,11366
9233,"James","Rodriguez",1997,11268
9234,"Olivia","Johnson",1988,19729
9235,"John","Williams",1991,18961
9236,"Emma","Miller",1978,12686
9237,"James","Brown",1991,19931
9238,"James","Brown",1994,19086
9239,"Sarah","Williams",1997,11347
9240,"Jane","Miller",1981,11043
9241,"Emma","Garcia",1987,12816
9242,"David","Davis",1976,16827
9243,"James","Brown",1991,10871
9244,"William","Brown",1999,15781
9245,"Emily","Davis",1997,13316
9246,"William","Brown",1971,14021
9247,"David","Martinez",1995,11106
9248,"Sarah","Miller",1996,12124
9249,"Sarah","Miller",1972,12725
9250,"David","Davis",1981,16967
9251,"Emma","Garcia",1976,15709
9252,"James","Rodriguez",1995,11714
9253,"Emily","Miller",1994,19288
9254,"David","Rodriguez",1984,17164
9255,"David","Garcia",1991,13484
9256,"Jane","Rodriguez",1987,17739
9257,"Emily","Johnson",1993,11205
9258,"Jane","Johnson",1971,15180
9259,"Michael","Davis",1976,12352
9260,"James","Williams",1987,15475
9261,"Michael","Rodriguez",1978,12815
9262,"William","Johnson",1995,18957
9263,"Michael","Garcia",1989,15780
9264,"David","Brown",1974,19949
9265,"James","Miller",1976,15340
9266,"David","Williams",1985,19378
9267,"Michael","Jones",1981,14526
9268,"Olivia","Martinez",1995,18364
9269,"Sarah","Brown",1991,17356
9270,"James","Jones",1985,14716
9271,"James","Davis",1970,18296
9272,"Emma","Davis",1999,15031
9273,"Michael","Rodriguez",1980,13837
9274,"Michael","Garcia",1985,10690
9275,"Sarah","Johnson",1973,19597
9276,"Emma","Jones",1980,11910
9277,"Sarah","Martinez",1988,14406
9278,"William","Martinez",1983,12623
9279,"Emma","Davis",1992,15079
9280,"Emily","Rodriguez",1985,15750
9281,"Emily","Williams",1987,13957
9282,"John","Smith",1970,13101
9283,"Jane","Johnson",1986,18116
9284,"Sarah","Williams",1995,19333
9285,"Sarah","Rodriguez",1975,16354
9286,"Jane","Miller",1981,17316
9287,"Jane","Smith",1994,18671
9288,"David","Davis",1983,12483
9289,"Olivia","Jones",1990,19675
9290,"Emma","Martinez",1996,13047
9291,"Emma","Davis",1986,15416
9292,"Emily","Garcia",1988,17047
9293,"Olivia","Brown",1993,16097
9294,"Olivia","Johnson",1993,12874
9295,"William","Smith",1977,19846
9296,"James","Brown",1970,19731
9297,"William","Rodriguez",1981,14318
9298,"Jane","Garcia",1985,18078
9299,"Emily","Brown",1980,15732
9300,"James","Johnson",1993,10791
9301,"Jane","Brown",1997,18363
9302,"William","Rodriguez",1977,18820
9303,"John","Brown",1973,12622
9304,"Emily","Williams",1978,13258
9305,"Jane","Miller",1992,10657
9306,"Emma","Garcia",1974,14724
9307,"Emily","Jones",1983,13192
9308,"Emily","Martinez",1996,13141
9309,"James","Garcia",2000,10143
9310,"Emily","Martinez",1975,16986
9311,"John","Smith",1972,18994
9312,"Michael","Johnson",1995,19760
9313,"James","Brown",1994,15698
9314,"William","Martinez",1993,15896
9315,"William","Smith",1980,18182
9316,"James","Martinez",1996,12772
9317,"Olivia","Rodriguez",1990,12565
9318,"David","Garcia",1978,19422
9319,"Jane","Rodriguez",1985,13368
9320,"Emily","Garcia",1982,14556
9321,"John","Jones",1995,18552
9322,"David","Garcia",1979,12981
9323,"John","Davis",1975,16037
9324,"Olivia","Davis",1986,11107
9325,"Sarah","Davis",1973,12023
9326,"Michael","Johnson",1977,12265
9327,"John","Garcia",1992,13730
9328,"Emma","Martinez",1990,12041
9329,"Emily","Smith",1990,15916
9330,"Michael","Jones",1985,19520
9331,"John","Martinez",1993,12253
9332,"John","Garcia",1980,13462
9333,"David","Williams",1999,18676
9334,"Emma","Smith",1974,10262
9335,"John","Williams",1970,16037
9336,"Olivia","Jones",1972,15318
9337,"John","Martinez",1977,14145
9338,"William","Rodriguez",1999,10579
9339,"Emily","Johnson",1979,16162
9340,"William","Brown",1988,17312
9341,"John","Martinez",1983,17473
9342,"Olivia","Jones",1980,16930
9343,"Jane","Davis",1998,14136
9344,"Michael","Miller",1973,12126
9345,"John","Miller",1989,12683
9346,"Michael","Johnson",1997,19874
9347,"Olivia","Brown",1999,12292
9348,"Olivia","Rodriguez",2000,18662
9349,"Michael","Garcia",1996,19939
9350,"Sarah","Williams",1984,13403
9351,"Jane","Garcia",1972,16858
9352,"David","Johnson",1980,16500
9353,"James","Rodriguez",1981,13122
9354,"Jane","Williams",1979,19361
9355,"Olivia","Williams",1979,15732
9356,"Michael","Martinez",1983,11358
9357,"Emma","Johnson",1988,12683
9358,"Emma","Martinez",1973,15688
9359,"Emma","Martinez",1995,10748
9360,"Emily","Smith",1974,12204
9361,"Olivia","Johnson",1988,11322
9362,"Emily","Davis",1970,14548
9363,"Olivia","Miller",1982,11796
9364,"Olivia","Davis",1974,17204
9365,"David","Brown",1989,17902
9366,"John","Garcia",1984,17204
9367,"William","Garcia",1977,19821
9368,"John","Brown",1981,17803
9369,"James","Williams",1983,12315
9370,"Olivia","Davis",2000,18828
9371,"Emily","Davis",1985,12633
9372,"William","Martinez",1991,11737
9373,"Emily","Johnson",1990,13563
9374,"Sarah","Davis",1972,17366
9375,"Emma","Rodriguez",1995,19995
9376,"Olivia","Smith",1977,18014
9377,"John","Johnson",1997,18433
9378,"James","Brown",1973,14617
9379,"Olivia","Martinez",1987,19033
9380,"Michael","Brown",1999,13000
9381,"William","Williams",1983,10391
9382,"David","Smith",1990,13222
9383,"Olivia","Williams",1994,11732
9384,"Michael","Miller",1989,18887
9385,"James","Smith",1970,14929
9386,"John","Miller",1971,11039
9387,"Olivia","Rodriguez",1997,15184
9388,"John","Williams",1996,10920
9389,"David","Davis",1996,18932
9390,"Michael","Jones",1991,18965
9391,"David","Rodriguez",1984,12030
9392,"William","Davis",1985,10529
9393,"Emma","Jones",1976,13080
9394,"William","Smith",1976,18469
9395,"Emma","Brown",1993,10020
9396,"Emily","Garcia",1987,16677
9397,"Sarah","Williams",1991,12407
9398,"Michael","Miller",1998,14488
9399,"Emily","Jones",1990,15894
9400,"James","Jones",1973,19787
9401,"James","Miller",1977,15683
9402,"Emily","Williams",1984,13487
9403,"Sarah","Davis",1994,11257
9404,"Olivia","Davis",1987,19196
9405,"Jane","Brown",1995,16802
9406,"Sarah","Rodriguez",1974,19511
9407,"James","Jones",1982,16164
9408,"David","Jones",1978,16410
9409,"Sarah","Martinez",1971,13675
9410,"James","Davis",1980,17629
9411,"Sarah","Johnson",1970,14296
9412,"William","Williams",1971,18683
9413,"Emily","Rodriguez",1978,19055
9414,"David","Johnson",1991,12337
9415,"Emily","Williams",1983,11095
9416,"John","Rodriguez",1996,14890
9417,"Emma","Garcia",1976,13422
9418,"David","Brown",1989,12122
9419,"James","Garcia",1994,12252
9420,"Sarah","Garcia",1988,10310
9421,"James","Rodriguez",1989,14334
9422,"James","Garcia",1975,11354
9423,"Olivia","Martinez",1976,10050
9424,"Emily","Martinez",1976,12134
9425,"Sarah","Rodriguez",1999,19531
9426,"David","Williams",1990,11625
9427,"David","Williams",1974,11565
9428,"Emily","Johnson",1987,11644
9429,"David","Miller",1993,15430
9430,"Emily","Martinez",2000,18998
9431,"Olivia","Smith",1982,10709
9432,"Emily","Garcia",1980,14532
9433,"Michael","Johnson",1971,14943
9434,"John","Martinez",1990,14069
9435,"William","Davis",1990,10804
9436,"Emma","Brown",1974,14857
9437,"Emily","Brown",1990,11453
9438,"John","Rodriguez",1973,15739
9439,"James","Smith",1999,19852
9440,"Olivia","Garcia",1979,15516
9441,"Emma","Martinez",1996,12102
9442,"Emily","Miller",1997,13031
9443,"Olivia","Smith",1981,15141
9444,"David","Johnson",1979,16793
9445,"William","Rodriguez",1974,18458
9446,"Emma","Martinez",1995,18211
9447,"William","Johnson",1985,12062
9448,"David","Jones",1995,16887
9449,"Jane","Brown",1986,19408
9450,"James","Miller",1981,17249
9451,"Emily","Brown",2000,10115
9452,"William","Garcia",1992,10615
9453,"David","Garcia",1983,15236
9454,"Michael","Davis",1995,19998
9455,"William","Johnson",1985,17800
9456,"Jane","Jones",1987,13798
9457,"Olivia","Rodriguez",1990,13772
9458,"James","Garcia",1977,12355
9459,"Emily","Davis",1981,12109
9460,"Sarah","Brown",1976,10057
9461,"Jane","Rodriguez",1973,12539
9462,"James","Johnson",1973,15676
9463,"Emma","Johnson",1991,13085
9464,"Michael","Williams",1992,10375
9465,"Michael","Williams",1978,12561
9466,"Emily","Miller",1981,13011
9467,"Olivia","Martinez",1986,10021
9468,"James","Johnson",1987,17117
9469,"Michael","Garcia",1996,19432
9470,"Sarah","Davis",1985,10984
9471,"Michael","Martinez",1971,14603
9472,"Jane","Smith",1996,15318
9473,"Emma","Johnson",1980,16592
9474,"Jane","Johnson",1990,19331
9475,"John","Jones",1979,18741
9476,"Emma","Jones",1970,14187
9477,"Jane","Williams",1994,10826
9478,"Emily","Brown",1977,10823
9479,"Sarah","Jones",1999,19353
9480,"David","Williams",1977,15989
9481,"Emma","Williams",1977,14929
9482,"James","Johnson",1993,15311
9483,"Emily","Williams",1985,19101
9484,"William","Johnson",1972,15988
9485,"Emma","Martinez",1994,14859
9486,"Sarah","Rodriguez",1974,12892
9487,"Olivia","Smith",1986,11792
9488,"Jane","Williams",1985,18913
9489,"Emma","Davis",1976,12718
9490,"David","Davis",1970,12603
9491,"Olivia","Garcia",1976,19549
9492,"Michael","Martinez",1975,10536
9493,"Jane","Davis",1982,13992
9494,"Michael","Smith",1978,15171
9495,"James","Rodriguez",1979,10524
9496,"John","Miller",1999,16934
9497,"John","Johnson",1985,13524
9498,"James","Smith",1970,13296
9499,"Olivia","Rodriguez",1973,10014
9500,"Michael","Rodriguez",1979,19382
9501,"Emily","Brown",1982,18493
9502,"James","Williams",1982,13987
9503,"Sarah","Smith",1974,10447
9504,"David","Garcia",1978,16035
9505,"William","Rodriguez",1990,12540
9506,"James","Martinez",1987,16828
9507,"Emily","Brown",1999,15890
9508,"Jane","Miller",1996,12927
9509,"Jane","Johnson",1985,19883
9510,"David","Davis",1979,17977
9511,"David","Smith",1992,19035
9512,"William","Garcia",1998,14793
9513,"David","Martinez",1977,16837
9514,"Olivia","Rodriguez",1986,11231
9515,"David","Jones",1974,10496
9516,"Emily","Rodriguez",1980,11440
9517,"Sarah","Miller",1995,10764
9518,"William","Brown",1973,15401
9519,"John","Williams",1971,18467
9520,"Emma","Jones",1996,18073
9521,"Emily","Garcia",1992,12613
9522,"Emma","Smith",1979,19183
9523,"David","Miller",1988,17564
9524,"Emily","Johnson",1978,19723
9525,"Jane","Johnson",1982,12132
9526,"James","Johnson",1993,14683
9527,"David","Martinez",1982,19045
9528,"Sarah","Martinez",1997,15302
9529,"Michael","Smith",1981,12982
9530,"Emma","Smith",1978,10364
9531,"Jane","Miller",1993,18361
9532,"David","Brown",1990,10422
9533,"Emily","Brown",1991,18404
9534,"James","Davis",1972,19310
9535,"David","Rodriguez",1993,13166
9536,"Jane","Smith",1977,11345
9537,"Jane","Davis",1975,13317
9538,"Jane","Davis",1996,18149
9539,"Michael","Miller",1983,14555
9540,"Sarah","Martinez",1973,16477
9541,"Sarah","Martinez",1982,13735
9542,"Michael","Johnson",1990,10601
9543,"David","Williams",1983,17580
9544,"David","Martinez",1979,19793
9545,"Emma","Johnson",1979,16817
9546,"John","Williams",2000,19829
9547,"Michael","Jones",1985,19013
9548,"Michael","Garcia",1971,15815
9549,"James","Garcia",1978,11504
9550,"James","Martinez",1998,12743
9551,"William","Smith",1994,14128
9552,"Sarah","Martinez",1993,18432
9553,"Sarah","Johnson",1978,10843
9554,"John","Smith",1986,10695
9555,"Olivia","Miller",1996,16955
9556,"Michael","Rodriguez",1997,18507
9557,"John","Miller",1999,19465
9558,"David","Martinez",1992,11690
9559,"David","Davis",1981,17795
9560,"Sarah","Garcia",1999,14220
9561,"William","Smith",1990,15220
9562,"William","Davis",1972,13648
9563,"David","Garcia",1987,17344
9564,"James","Rodriguez",1995,17345
9565,"Olivia","Davis",1970,19351
9566,"Jane","Williams",1973,17922
9567,"David","Johnson",1978,11918
9568,"Emma","Williams",1983,14024
9569,"Michael","Williams",1998,18408
9570,"Olivia","Martinez",1998,19236
9571,"Emily","Miller",1997,16681
9572,"Sarah","Jones",1988,17837
9573,"Emma","Miller",1992,16106
9574,"David","Smith",1988,11497
9575,"Jane","Martinez",1971,11273
9576,"Emily","Johnson",1979,15708
9577,"Sarah","Miller",1984,16246
9578,"Jane","Rodriguez",1996,15379
9579,"Emily","Brown",1994,15238
9580,"Sarah","Davis",1991,19354
9581,"Michael","Rodriguez",1998,14999
9582,"William","Johnson",1971,10778
9583,"Sarah","Smith",1999,19443
9584,"James","Martinez",1971,12800
9585,"John","Rodriguez",1977,15129
9586,"Emily","Brown",1993,14702
9587,"Emily","Johnson",1996,16887
9588,"Emily","Rodriguez",1982,13013
9589,"Jane","Brown",1971,13342
9590,"Michael","Martinez",1975,10076
9591,"Michael","Garcia",1973,10150
9592,"John","Williams",2000,13780
9593,"James","Smith",1997,12836
9594,"Olivia","Martinez",1991,12531
9595,"David","Brown",1990,17625
9596,"John","Johnson",1982,18493
9597,"James","Miller",1996,16485
9598,"Emma","Smith",1979,12140
9599,"James","Miller",1996,14982
9600,"David","Martinez",1999,12253
9601,"Olivia","Martinez",1971,12659
9602,"Emily","Smith",1980,11583
9603,"Sarah","Martinez",1973,19652
9604,"William","Smith",1976,16460
9605,"James","Johnson",1995,18767
9606,"Jane","Williams",1998,11124
9607,"Michael","Williams",1971,14875
9608,"Jane","Miller",1998,17638
9609,"Sarah","Brown",1971,11724
9610,"David","Davis",1992,19556
9611,"Michael","Davis",1988,13425
9612,"Jane","Martinez",1978,12309
9613,"James","Rodriguez",1997,18979
9614,"John","Martinez",1993,18621
9615,"John","Johnson",1976,13073
9616,"William","Smith",1995,14196
9617,"James","Smith",1993,14265
9618,"John","Rodriguez",1999,13685
9619,"James","Rodriguez",1989,19281
9620,"Jane","Martinez",1987,16634
9621,"Emma","Smith",1978,11702
9622,"Emma","Garcia",1971,18511
9623,"Michael","Martinez",1979,12341
9624,"John","Martinez",1985,16417
9625,"Olivia","Jones",1998,10287
9626,"Jane","Rodriguez",1972,14502
9627,"James","Johnson",1979,15220
9628,"James","Jones",1995,15435
9629,"James","Brown",1990,18787
9630,"Olivia","Smith",1972,12940
9631,"Olivia","Johnson",2000,12656
9632,"Jane","Davis",1984,15797
9633,"Michael","Brown",1981,18284
9634,"Emma","Miller",1974,17944
9635,"William","Garcia",1989,19050
9636,"Olivia","Smith",1993,16800
9637,"John","Johnson",1997,12989
9638,"James","Garcia",1972,18142
9639,"David","Miller",1991,16503
9640,"David","Miller",1987,19823
9641,"David","Smith",1995,11624
9642,"James","Jones",1981,11557
9643,"Michael","Martinez",1985,19625
9644,"Sarah","Brown",1986,10015
9645,"Olivia","Rodriguez",1984,19168
9646,"David","Johnson",2000,11189
9647,"Sarah","Johnson",1991,18739
9648,"Michael","Johnson",1984,10743
9649,"William","Smith",1983,10476
9650,"Michael","Garcia",1972,15166
9651,"Emily","Rodriguez",1996,12873
9652,"James","Davis",1985,19564
9653,"Sarah","Williams",1988,14334
9654,"Olivia","Jones",1978,19782
9655,"Sarah","Garcia",1975,12622
9656,"Jane","Davis",1996,10289
9657,"John","Jones",1989,13399
9658,"William","Davis",1985,17923
9659,"James","Martinez",1971,19861
9660,"William","Miller",1981,18494
9661,"Olivia","Williams",1973,11145
9662,"Emma","Smith",1995,10208
9663,"Michael","Brown",1997,16124
9664,"William","Williams",1976,12528
9665,"Emma","Miller",1996,17902
9666,"William","Johnson",1982,15573
9667,"James","Martinez",1981,15178
9668,"John","Martinez",1997,12280
9669,"John","Jones",1979,19862
9670,"James","Jones",1986,12946
9671,"Jane","Martinez",1974,17422
9672,"Emily","Jones",1982,16205
9673,"Emily","Williams",1974,19555
9674,"Michael","Jones",1999,15003
9675,"James","Johnson",1993,17849
9676,"Jane","Brown",1986,16978
9677,"Michael","Jones",1975,17102
9678,"Emily","Martinez",1978,18561
9679,"Jane","Miller",1992,17107
9680,"David","Martinez",1979,12168
9681,"Michael","Garcia",1988,14600
9682,"William","Jones",2000,16549
9683,"James","Brown",1991,15619
9684,"David","Davis",1976,19899
9685,"James","Smith",2000,17953
9686,"Emma","Martinez",1986,10940
9687,"Emily","Miller",1998,18481
9688,"William","Johnson",1989,15962
9689,"Emma","Johnson",1982,15631
9690,"David","Davis",1990,10671
9691,"Jane","Jones",1984,16237
9692,"Emily","Brown",1988,12670
9693,"John","Rodriguez",1999,10367
9694,"Jane","Martinez",1984,11570
9695,"Emily","Garcia",1995,16178
9696,"Emily","Jones",1974,12087
9697,"Michael","Williams",1973,16335
9698,"John","Garcia",1993,13426
9699,"William","Williams",1979,10024
9700,"Olivia","Jones",1988,15628
9701,"John","Williams",1990,14299
9702,"John","Johnson",1974,14545
9703,"Sarah","Rodriguez",1983,16604
9704,"James","Smith",1988,14491
9705,"Emma","Garcia",1981,15769
9706,"Emma","Johnson",1971,17946
9707,"Michael","Davis",1981,17195
9708,"John","Williams",1977,19025
9709,"Jane","Rodriguez",1997,14208
9710,"Sarah","Johnson",1978,19230
9711,"Jane","Miller",1973,15233
9712,"William","Jones",1996,10178
9713,"David","Williams",1992,13080
9714,"James","Martinez",1977,12182
9715,"Emily","Smith",1971,16819
9716,"James","Williams",1984,17148
9717,"Jane","Johnson",1999,11998
9718,"Emma","Williams",1982,13718
9719,"Jane","Smith",1972,17664
9720,"David","Rodriguez",1982,18722
9721,"William","Brown",2000,17116
9722,"Jane","Smith",1972,10443
9723,"Jane","Johnson",1988,16979
9724,"Michael","Garcia",1992,17686
9725,"Emma","Martinez",1982,12986
9726,"Emma","Martinez",1989,19299
9727,"David","Smith",1971,18769
9728,"Emily","Smith",2000,16389
9729,"David","Brown",1996,10467
9730,"James","Williams",1982,11052
9731,"Sarah","Davis",1971,19365
9732,"William","Davis",1984,17003
9733,"James","Jones",1984,15831
9734,"David","Garcia",1981,13975
9735,"Sarah","Miller",1984,11670
9736,"Sarah","Brown",1994,13056
9737,"William","Brown",2000,15463
9738,"Olivia","Johnson",1993,18468
9739,"Emma","Brown",1999,17529
9740,"Michael","Johnson",1996,19830
9741,"Olivia","Rodriguez",1972,12022
9742,"David","Miller",1989,18526
9743,"James","Smith",1996,14869
9744,"James","Martinez",1998,12485
9745,"James","Jones",1988,16289
9746,"Michael","Miller",1977,16430
9747,"Sarah","Miller",1991,11195
9748,"Sarah","Williams",1975,17640
9749,"James","Jones",1994,13141
9750,"James","Davis",1991,17161
9751,"John","Rodriguez",1971,11782
9752,"William","Rodriguez",1974,17634
9753,"Michael","Garcia",1983,12127
9754,"Michael","Smith",1973,15794
9755,"Olivia","Miller",1985,19330
9756,"Sarah","Miller",1979,19190
9757,"Emma","Jones",1976,11440
9758,"David","Miller",1977,19591
9759,"Emily","Garcia",1996,13304
9760,"James","Garcia",1989,18615
9761,"David","Smith",1981,14811
9762,"James","Jones",1970,10774
9763,"Olivia","Martinez",1987,14649
9764,"Emily","Johnson",1972,14272
9765,"John","Johnson",1986,17714
9766,"Michael","Martinez",1984,17041
9767,"Jane","Rodriguez",1993,19374
9768,"James","Rodriguez",1977,13810
9769,"David","Williams",1974,17546
9770,"John","Davis",1982,11837
9771,"Emma","Davis",1991,11070
9772,"William","Rodriguez",1990,15805
9773,"Olivia","Brown",1989,12746
9774,"Jane","Garcia",1980,10116
9775,"William","Garcia",2000,16742
9776,"William","Brown",1977,16105
9777,"Emma","Miller",1992,16817
9778,"William","Rodriguez",1996,10709
9779,"Michael","Smith",1990,10959
9780,"Emily","Rodriguez",1990,13659
9781,"Emma","Jones",1973,19713
9782,"Emma","Martinez",1981,18790
9783,"Emma","Johnson",1993,16102
9784,"John","Smith",1998,16345
9785,"John","Brown",1979,19016
9786,"Michael","Miller",1981,18643
9787,"William","Johnson",1984,13508
9788,"David","Martinez",1978,16697
9789,"Michael","Miller",1972,11179
9790,"Sarah","Williams",1995,17431
9791,"James","Brown",1995,13583
9792,"James","Jones",1981,18622
9793,"Michael","Garcia",1970,11597
9794,"Sarah","Johnson",1984,15880
9795,"Jane","Smith",1975,11564
9796,"Emma","Smith",1984,12572
9797,"Olivia","Brown",2000,10501
9798,"Sarah","Garcia",1989,16693
9799,"Emma","Rodriguez",1988,10951
9800,"Michael","Miller",1987,16412
9801,"Emma","Miller",1994,15702
9802,"David","Garcia",1970,13147
9803,"John","Davis",1977,13748
9804,"Olivia","Smith",1974,15913
9805,"David","Smith",1980,12982
9806,"Jane","Johnson",1990,16770
9807,"Sarah","Rodriguez",1974,13136
9808,"Olivia","Williams",1980,14077
9809,"Jane","Brown",1979,11147
9810,"Emily","Miller",1995,11837
9811,"Olivia","Davis",1992,14996
9812,"James","Miller",1990,11469
9813,"Michael","Martinez",1991,12600
9814,"Emily","Smith",1987,12237
9815,"William","Williams",1995,15887
9816,"John","Davis",1990,12229
9817,"David","Jones",1971,17495
9818,"Michael","Rodriguez",1987,17810
9819,"John","Rodriguez",1989,10638
9820,"Jane","Williams",1997,17232
9821,"David","Rodriguez",1970,12845
9822,"William","Martinez",1992,10302
9823,"David","Williams",1987,14063
9824,"Olivia","Johnson",1971,11347
9825,"Emma","Miller",1972,18975
9826,"Sarah","Davis",1996,11729
9827,"Emma","Brown",1982,15480
9828,"Emma","Johnson",1980,13550
9829,"David","Garcia",1978,12430
9830,"Emma","Smith",1977,18739
9831,"Sarah","Brown",1990,18566
9832,"Emma","Jones",1995,18532
9833,"William","Smith",1971,17890
9834,"Sarah","Jones",1980,16660
9835,"Olivia","Garcia",1994,17461
9836,"Michael","Williams",1986,14475
9837,"Olivia","Williams",1972,17458
9838,"Sarah","Garcia",1996,11626
9839,"John","Jones",2000,15142
9840,"John","Miller",1970,19559
9841,"James","Jones",1979,18699
9842,"Emily","Miller",1981,18790
9843,"David","Smith",2000,17666
9844,"Emma","Johnson",1996,14336
9845,"Sarah","Davis",1984,11170
9846,"William","Johnson",1996,10048
9847,"James","Williams",1970,18889
9848,"David","Rodriguez",1973,17282
9849,"Michael","Brown",1971,13870
9850,"John","Smith",1990,16724
9851,"Emily","Smith",1984,14920
9852,"Sarah","Williams",1993,10907
9853,"James","Miller",1980,12756
9854,"Olivia","Garcia",1987,12684
9855,"Emily","Brown",1998,18169
9856,"John","Jones",1985,19121
9857,"Sarah","Rodriguez",1992,11791
9858,"Jane","Martinez",1996,14644
9859,"William","Rodriguez",1999,12116
9860,"Jane","Johnson",1972,11837
9861,"James","Smith",1994,16060
9862,"William","Williams",1977,10183
9863,"David","Rodriguez",1997,14206
9864,"David","Martinez",1990,13967
9865,"Michael","Smith",1982,13833
9866,"Jane","Martinez",1970,19557
9867,"John","Brown",1983,11390
9868,"John","Williams",1974,13726
9869,"John","Brown",1993,19164
9870,"James","Brown",1999,18155
9871,"John","Martinez",1996,19750
9872,"Olivia","Brown",1981,16520
9873,"Jane","Rodriguez",1970,17483
9874,"Jane","Davis",1971,11866
9875,"Emily","Johnson",2000,14335
9876,"John","Jones",1999,14741
9877,"Sarah","Williams",1975,15051
9878,"James","Brown",1996,16388
9879,"William","Brown",1993,19093
9880,"Olivia","Davis",1997,19555
9881,"Emily","Miller",1972,16894
9882,"William","Davis",1987,12814
9883,"Emily","Johnson",1993,17636
9884,"Jane","Garcia",1971,15515
9885,"David","Davis",1972,15727
9886,"Sarah","Jones",1997,13193
9887,"William","Miller",1979,15482
9888,"Olivia","Miller",1975,13829
9889,"James","Davis",1974,11470
9890,"Sarah","Davis",1992,13687
9891,"James","Davis",1981,13811
9892,"John","Miller",1982,14185
9893,"Emma","Garcia",1978,18763
9894,"James","Williams",1991,10529
9895,"Emily","Garcia",1983,15727
9896,"David","Davis",1979,16713
9897,"James","Davis",1971,12716
9898,"James","Jones",1972,17496
9899,"David","Jones",1978,10399
9900,"Emma","Davis",1989,11118
9901,"Emma","Miller",1979,18427
9902,"Emma","Miller",1990,15276
9903,"Emma","Davis",1978,10694
9904,"John","Martinez",1997,11460
9905,"Emily","Miller",1997,13632
9906,"Sarah","Jones",1982,17801
9907,"Olivia","Davis",1989,11433
9908,"Sarah","Davis",1985,16526
9909,"Emma","Williams",1991,17456
9910,"William","Johnson",1997,15260
9911,"David","Johnson",1983,10632
9912,"Jane","Miller",1988,15542
9913,"John","Miller",1987,18519
9914,"John","Davis",1995,14566
9915,"Jane","Davis",1978,15264
9916,"David","Davis",1990,13546
9917,"James","Smith",1993,17699
9918,"Olivia","Smith",1997,13183
9919,"Michael","Williams",1973,17739
9920,"Sarah","Brown",1973,13035
9921,"Sarah","Smith",1977,13053
9922,"John","Rodriguez",1975,10609
9923,"Jane","Jones",1985,11475
9924,"Sarah","Martinez",1997,12077
9925,"William","Miller",1976,19576
9926,"Emily","Martinez",1999,13858
9927,"Olivia","Davis",1976,18098
9928,"James","Jones",1986,15005
9929,"Jane","Johnson",1984,17878
9930,"Sarah","Johnson",1975,18344
9931,"Emily","Garcia",1991,19206
9932,"Michael","Jones",1985,19629
9933,"Emma","Rodriguez",1979,19326
9934,"Olivia","Davis",1977,18213
9935,"David","Johnson",1992,13846
9936,"John","Davis",1992,13843
9937,"Emily","Garcia",1993,17953
9938,"Michael","Johnson",1987,19655
9939,"Sarah","Johnson",1993,15454
9940,"David","Garcia",2000,19935
9941,"Olivia","Johnson",1998,12310
9942,"Jane","Rodriguez",1993,17295
9943,"Emily","Miller",1993,17137
9944,"Sarah","Rodriguez",1996,13781
9945,"John","Miller",1997,12974
9946,"Sarah","Rodriguez",1994,14244
9947,"Jane","Martinez",1998,10238
9948,"William","Williams",1982,16859
9949,"Emma","Miller",1989,17830
9950,"William","Rodriguez",1987,17282
9951,"Olivia","Williams",1981,16626
9952,"Sarah","Miller",1998,15919
9953,"Jane","Smith",1974,17679
9954,"William","Jones",1977,17314
9955,"David","Johnson",1993,11477
9956,"Sarah","Williams",1991,12940
9957,"Emma","Garcia",1993,10879
9958,"James","Davis",1982,14885
9959,"Jane","Jones",1998,12968
9960,"John","Garcia",1984,14006
9961,"Emma","Brown",1981,10790
9962,"John","Brown",1982,19967
9963,"Sarah","Smith",1991,15309
9964,"Olivia","Brown",1988,19840
9965,"Michael","Brown",1990,16153
9966,"Michael","Miller",1973,10384
9967,"Emily","Johnson",1973,17820
9968,"John","Miller",1975,17625
9969,"John","Williams",1995,10548
9970,"William","Rodriguez",1981,11674
9971,"Olivia","Martinez",1970,17404
9972,"Michael","Brown",1982,18933
9973,"Michael","Rodriguez",1987,11142
9974,"Emma","Brown",1987,17325
9975,"John","Smith",1990,18905
9976,"James","Williams",1995,14413
9977,"David","Brown",1992,15822
9978,"Jane","Miller",1994,14184
9979,"John","Jones",1981,14861
9980,"William","Johnson",1971,16582
9981,"Emma","Garcia",1989,15363
9982,"Jane","Davis",1995,14212
9983,"John","Rodriguez",1993,10165
9984,"Emma","Johnson",1989,12440
9985,"Jane","Martinez",1984,17538
9986,"Michael","Rodriguez",1998,18809
9987,"Jane","Rodriguez",1985,19117
9988,"John","Rodriguez",1981,12100
9989,"James","Miller",1994,17159
9990,"Emma","Smith",1979,13908
9991,"James","Smith",1971,17686
9992,"Sarah","Brown",1997,13845
9993,"Sarah","Martinez",1988,15235
9994,"John","Martinez",1976,16153
9995,"Emily","Williams",1993,12915
9996,"Olivia","Smith",1997,14999
9997,"Emily","Miller",1987,13533
9998,"Emma","Brown",1995,19156
9999,"Olivia","Davis",1978,11261
10000,"John","Jones",1987,13468
