"firstname","lastname","birthyear","zipcode","id.a","id.b"
"David","Brown",1970,10505,272,272
"David","Brown",1971,11746,6538,6538
"David","Brown",1971,19664,2372,2372
"David","Brown",1973,14634,1871,1871
"David","Brown",1974,14017,7171,7171
"David","Brown",1975,10777,7008,7008
"David","Brown",1975,16265,1344,1344
"David","Brown",1975,18685,3332,3332
"David","Brown",1976,11221,4374,4374
"David","Brown",1976,15831,1772,1772
"David","Brown",1976,18468,7976,7976
"David","Brown",1977,10352,4237,4237
"David","Brown",1978,17237,5611,5611
"David","Brown",1978,19183,6782,6782
"David","Brown",1978,19301,6767,6767
"David","Brown",1979,15864,905,905
"David","Brown",1980,10037,9076,9076
"David","Brown",1980,12873,1640,1640
"David","Brown",1981,12291,268,268
"David","Brown",1981,12702,2267,2267
"David","Brown",1984,11357,6269,6269
"David","Brown",1984,18964,8956,8956
"David","Brown",1985,14623,3925,3925
"David","Brown",1985,17720,5814,5814
"David","Brown",1986,11148,2940,2940
"David","Brown",1986,17152,6482,6482
"David","Brown",1986,18610,5341,5341
"David","Brown",1987,13144,4819,4819
"David","Brown",1988,12948,4283,4283
"David","Brown",1988,15765,2910,2910
"David","Brown",1988,15838,6861,6861
"David","Brown",1989,12122,9418,9418
"David","Brown",1989,12779,4292,4292
"David","Brown",1989,17902,9365,9365
"David","Brown",1989,19605,4738,4738
"David","Brown",1990,10422,9532,9532
"David","Brown",1993,13526,7543,7543
"David","Brown",1994,16713,3691,3691
"David","Brown",1994,17765,8282,8282
"David","Brown",1995,18785,7475,7475
"David","Brown",1996,11877,2394,2394
"David","Brown",1996,16288,4977,4977
"David","Brown",1996,17234,1412,1412
"David","Brown",1999,12271,5152,5152
"David","Brown",1999,13996,7842,7842
"David","Brown",1999,17833,6074,6074
"David","Brown",2000,11783,2164,2164
"David","Brown",2000,14053,7819,7819
"David","Davis",1970,11191,8724,8724
"David","Davis",1971,18472,8418,8418
"David","Davis",1972,11024,6774,6774
"David","Davis",1972,14191,4136,4136
"David","Davis",1972,15727,9885,9885
"David","Davis",1972,19876,7581,7581
"David","Davis",1973,14778,244,244
"David","Davis",1973,15656,7161,7161
"David","Davis",1973,18764,8962,8962
"David","Davis",1974,14486,8129,8129
"David","Davis",1974,17759,5989,5989
"David","Davis",1974,18258,1185,1185
"David","Davis",1975,18751,2341,2341
"David","Davis",1976,16827,9242,9242
"David","Davis",1976,19037,6173,6173
"David","Davis",1977,12210,1758,1758
"David","Davis",1977,19434,7932,7932
"David","Davis",1978,15898,1903,1903
"David","Davis",1979,14501,7750,7750
"David","Davis",1980,17096,7115,7115
"David","Davis",1982,15339,8765,8765
"David","Davis",1982,16529,7374,7374
"David","Davis",1982,16674,1869,1869
"David","Davis",1982,19268,4372,4372
"David","Davis",1983,10461,1218,1218
"David","Davis",1983,12483,9288,9288
"David","Davis",1983,13383,675,675
"David","Davis",1983,13385,4310,4310
"David","Davis",1983,15260,6740,6740
"David","Davis",1983,15543,6693,6693
"David","Davis",1984,13217,35,35
"David","Davis",1986,16918,4356,4356
"David","Davis",1987,15663,3842,3842
"David","Davis",1989,15319,5221,5221
"David","Davis",1990,17086,4330,4330
"David","Davis",1991,12876,8187,8187
"David","Davis",1992,14275,8955,8955
"David","Davis",1992,19556,9610,9610
"David","Davis",1993,11155,369,369
"David","Davis",1994,13495,3328,3328
"David","Davis",1994,14920,4325,4325
"David","Davis",1994,16991,4338,4338
"David","Davis",1994,17008,8357,8357
"David","Davis",1995,13685,1807,1807
"David","Davis",1996,11089,1163,1163
"David","Davis",1996,13321,4419,4419
"David","Davis",1996,14761,2405,2405
"David","Davis",1996,19799,5603,5603
"David","Davis",1998,17144,1788,1788
"David","Davis",1999,18102,948,948
"David","Davis",2000,13538,6388,6388
"David","Garcia",1970,16174,8648,8648
"David","Garcia",1970,17253,4463,4463
"David","Garcia",1970,18341,5565,5565
"David","Garcia",1971,17604,7637,7637
"David","Garcia",1971,19989,1714,1714
"David","Garcia",1972,12888,8463,8463
"David","Garcia",1972,18855,7333,7333
"David","Garcia",1973,16844,1413,1413
"David","Garcia",1976,10261,3927,3927
"David","Garcia",1977,11134,4864,4864
"David","Garcia",1977,13693,9157,9157
"David","Garcia",1977,15536,3951,3951
"David","Garcia",1978,17233,1305,1305
"David","Garcia",1978,17606,3465,3465
"David","Garcia",1978,19422,9318,9318
"David","Garcia",1979,10250,412,412
"David","Garcia",1979,12981,9322,9322
"David","Garcia",1979,13860,1532,1532
"David","Garcia",1980,15066,1654,1654
"David","Garcia",1980,18652,4473,4473
"David","Garcia",1981,11819,6148,6148
"David","Garcia",1981,12195,7196,7196
"David","Garcia",1981,18217,1965,1965
"David","Garcia",1982,10097,4275,4275
"David","Garcia",1982,10894,5887,5887
"David","Garcia",1982,18741,7015,7015
"David","Garcia",1985,15964,880,880
"David","Garcia",1986,16430,2570,2570
"David","Garcia",1986,19649,6465,6465
"David","Garcia",1987,16138,7889,7889
"David","Garcia",1987,16865,3041,3041
"David","Garcia",1988,12900,7729,7729
"David","Garcia",1988,18918,8035,8035
"David","Garcia",1992,14893,7615,7615
"David","Garcia",1993,15324,7757,7757
"David","Garcia",1993,18256,7001,7001
"David","Garcia",1995,14098,2495,2495
"David","Garcia",1996,13019,1541,1541
"David","Garcia",1996,14184,1576,1576
"David","Garcia",1997,10682,7828,7828
"David","Garcia",1997,15560,3297,3297
"David","Garcia",1997,19491,767,767
"David","Garcia",1998,17789,6058,6058
"David","Garcia",1999,13381,8146,8146
"David","Garcia",2000,18067,3920,3920
"David","Johnson",1970,16061,566,566
"David","Johnson",1971,11715,580,580
"David","Johnson",1971,13080,7396,7396
"David","Johnson",1971,15474,8967,8967
"David","Johnson",1971,17052,1238,1238
"David","Johnson",1971,19552,7199,7199
"David","Johnson",1972,15020,1584,1584
"David","Johnson",1972,19902,4666,4666
"David","Johnson",1973,10084,8702,8702
"David","Johnson",1974,12926,6468,6468
"David","Johnson",1974,13761,5584,5584
"David","Johnson",1974,17555,6050,6050
"David","Johnson",1974,19510,4584,4584
"David","Johnson",1975,12389,5270,5270
"David","Johnson",1977,14006,7906,7906
"David","Johnson",1978,17488,2166,2166
"David","Johnson",1979,12953,3540,3540
"David","Johnson",1979,12953,2441,3540
"David","Johnson",1979,16793,9444,9444
"David","Johnson",1979,17812,1740,1740
"David","Johnson",1980,13101,1687,1687
"David","Johnson",1982,13770,8379,8379
"David","Johnson",1982,15242,2291,2291
"David","Johnson",1982,15675,3349,3349
"David","Johnson",1983,10632,9911,9911
"David","Johnson",1983,17297,5417,5417
"David","Johnson",1984,10823,2773,2773
"David","Johnson",1984,19170,6867,6867
"David","Johnson",1985,16919,2628,2628
"David","Johnson",1985,17154,4147,4147
"David","Johnson",1985,18420,6348,6348
"David","Johnson",1986,13579,3736,3736
"David","Johnson",1986,14245,7373,7373
"David","Johnson",1986,17868,1879,1879
"David","Johnson",1988,12631,6786,6786
"David","Johnson",1988,15964,1598,1598
"David","Johnson",1988,18123,3469,3469
"David","Johnson",1989,11590,4421,4421
"David","Johnson",1989,18633,4520,4520
"David","Johnson",1989,18748,6392,6392
"David","Johnson",1989,19484,1018,1018
"David","Johnson",1992,19736,7459,7459
"David","Johnson",1994,14307,8084,8084
"David","Johnson",1996,15807,1783,1783
"David","Johnson",1996,18340,7644,7644
"David","Johnson",1997,15333,860,860
"David","Johnson",1998,12219,2088,2088
"David","Johnson",1998,14207,7908,7908
"David","Johnson",1999,15851,4583,4583
"David","Johnson",1999,16532,8846,8846
"David","Jones",1970,11012,3662,3662
"David","Jones",1970,19536,2091,2091
"David","Jones",1971,17495,9817,9817
"David","Jones",1972,13942,141,141
"David","Jones",1972,16142,5045,5045
"David","Jones",1974,12173,2453,2453
"David","Jones",1974,18852,5475,5475
"David","Jones",1975,16204,1171,1171
"David","Jones",1975,16207,9193,9193
"David","Jones",1975,17814,6627,6627
"David","Jones",1977,11346,8611,8611
"David","Jones",1978,10399,9899,9899
"David","Jones",1978,13045,4453,4453
"David","Jones",1978,16007,7332,7332
"David","Jones",1978,16410,9408,9408
"David","Jones",1978,18949,2414,2414
"David","Jones",1979,11201,2741,2741
"David","Jones",1981,19230,7123,7123
"David","Jones",1982,11474,9224,9224
"David","Jones",1983,12236,7297,7297
"David","Jones",1985,12580,7499,7499
"David","Jones",1985,17416,1202,1202
"David","Jones",1986,11069,338,338
"David","Jones",1986,11394,11,11
"David","Jones",1987,12575,8578,8578
"David","Jones",1988,11988,1950,1950
"David","Jones",1989,13199,5797,5797
"David","Jones",1989,19464,8316,8316
"David","Jones",1992,12913,7601,7601
"David","Jones",1994,12721,7634,7634
"David","Jones",1995,11458,61,61
"David","Jones",1995,17207,3307,3307
"David","Jones",1995,17306,8688,8688
"David","Jones",1995,19344,5178,5178
"David","Jones",1996,12263,2520,2520
"David","Jones",1996,13675,9053,9053
"David","Jones",1996,18112,7849,7849
"David","Jones",1996,18484,8033,8033
"David","Jones",1997,11020,8252,8252
"David","Jones",1997,14824,7805,7805
"David","Jones",1998,10609,308,308
"David","Jones",1998,12202,7961,7961
"David","Jones",1999,11625,5598,5598
"David","Jones",1999,15007,1384,1384
"David","Jones",1999,15057,1047,1047
"David","Jones",2000,11372,4890,4890
"David","Jones",2000,18095,7573,7573
"David","Martinez",1970,10893,1813,1813
"David","Martinez",1970,16624,1883,1883
"David","Martinez",1970,16632,3334,3334
"David","Martinez",1971,14818,2410,2410
"David","Martinez",1971,17495,195,195
"David","Martinez",1973,11826,6910,6910
"David","Martinez",1973,15479,423,423
"David","Martinez",1974,10413,6706,6706
"David","Martinez",1975,17996,6384,6384
"David","Martinez",1976,16381,933,933
"David","Martinez",1977,15732,4746,4746
"David","Martinez",1977,17024,6603,6603
"David","Martinez",1979,11918,8998,8998
"David","Martinez",1979,16550,4993,4993
"David","Martinez",1979,19997,7417,7417
"David","Martinez",1980,10315,5646,5646
"David","Martinez",1980,16325,4120,4120
"David","Martinez",1981,18215,4808,4808
"David","Martinez",1982,10723,3136,3136
"David","Martinez",1982,19045,9527,9527
"David","Martinez",1983,13946,6098,6098
"David","Martinez",1983,15937,4344,4344
"David","Martinez",1984,17185,7088,7088
"David","Martinez",1985,10893,7069,7069
"David","Martinez",1985,10991,8449,8449
"David","Martinez",1987,13675,1264,1264
"David","Martinez",1987,16852,3653,3653
"David","Martinez",1988,15161,7545,7545
"David","Martinez",1988,18784,1856,1856
"David","Martinez",1988,18876,3822,3822
"David","Martinez",1989,10140,2563,2563
"David","Martinez",1989,19850,1374,1374
"David","Martinez",1990,16785,5313,5313
"David","Martinez",1991,17765,6513,6513
"David","Martinez",1992,11690,9558,9558
"David","Martinez",1993,14551,1724,1724
"David","Martinez",1994,11514,3383,3383
"David","Martinez",1994,11759,8754,8754
"David","Martinez",1995,11811,7329,7329
"David","Martinez",1996,19095,8211,8211
"David","Martinez",1998,13584,2580,2580
"David","Martinez",1999,15994,5016,5016
"David","Martinez",2000,13635,1126,1126
"David","Martinez",2000,19356,9195,9195
"David","Martinez",2000,19488,4695,4695
"David","Miller",1970,17829,547,547
"David","Miller",1971,11423,2328,2328
"David","Miller",1971,16399,8999,8999
"David","Miller",1971,18079,2104,2104
"David","Miller",1971,19089,8903,8903
"David","Miller",1972,10107,4730,4730
"David","Miller",1972,13649,7839,7839
"David","Miller",1973,12614,5407,5407
"David","Miller",1973,16258,8719,8719
"David","Miller",1973,17980,228,228
"David","Miller",1974,10715,5562,5562
"David","Miller",1975,10474,3632,3632
"David","Miller",1975,17132,962,962
"David","Miller",1975,19432,7013,7013
"David","Miller",1975,19565,6864,6864
"David","Miller",1976,10146,4909,4909
"David","Miller",1977,10480,695,695
"David","Miller",1977,12371,3590,3590
"David","Miller",1980,16628,4661,4661
"David","Miller",1980,19755,733,733
"David","Miller",1981,10124,9111,9111
"David","Miller",1982,16153,4446,4446
"David","Miller",1982,16393,7080,7080
"David","Miller",1983,10956,5006,5006
"David","Miller",1983,11869,8934,8934
"David","Miller",1983,12883,4603,4603
"David","Miller",1983,12941,5137,5137
"David","Miller",1985,12747,4135,4135
"David","Miller",1986,12748,6300,6300
"David","Miller",1987,10321,6666,6666
"David","Miller",1987,17035,2103,2103
"David","Miller",1988,17564,9523,9523
"David","Miller",1989,13244,5209,5209
"David","Miller",1989,15021,5404,5404
"David","Miller",1990,11912,781,781
"David","Miller",1991,11243,3963,3963
"David","Miller",1991,13214,1150,1150
"David","Miller",1991,16503,9639,9639
"David","Miller",1991,19707,7694,7694
"David","Miller",1992,15143,6175,6175
"David","Miller",1992,19263,9220,9220
"David","Miller",1993,10111,3671,3671
"David","Miller",1993,19573,458,458
"David","Miller",1993,19977,553,553
"David","Miller",1994,15205,6952,6952
"David","Miller",1995,15310,787,787
"David","Miller",1997,12541,2310,2310
"David","Miller",1998,11042,1901,1901
"David","Miller",1998,14892,5723,5723
"David","Miller",1998,17081,3949,3949
"David","Miller",1998,19581,696,696
"David","Miller",1999,18752,1304,1304
"David","Miller",2000,12041,2907,2907
"David","Miller",2000,18909,2856,2856
"David","Rodriguez",1970,10552,2526,2526
"David","Rodriguez",1970,18375,8453,8453
"David","Rodriguez",1970,18680,1366,1366
"David","Rodriguez",1970,19105,6792,6792
"David","Rodriguez",1971,12166,373,373
"David","Rodriguez",1972,14230,2371,2371
"David","Rodriguez",1972,18748,2252,2252
"David","Rodriguez",1973,18763,8046,8046
"David","Rodriguez",1974,12133,8400,8400
"David","Rodriguez",1974,13706,7430,7430
"David","Rodriguez",1974,16536,8038,8038
"David","Rodriguez",1974,18789,2979,2979
"David","Rodriguez",1976,10110,1336,1336
"David","Rodriguez",1976,15334,1380,1380
"David","Rodriguez",1977,12135,1892,1892
"David","Rodriguez",1977,17290,104,104
"David","Rodriguez",1978,19553,533,533
"David","Rodriguez",1979,19321,5520,5520
"David","Rodriguez",1980,11811,3389,3389
"David","Rodriguez",1980,18554,7030,7030
"David","Rodriguez",1981,15024,1690,1690
"David","Rodriguez",1981,17194,5651,5651
"David","Rodriguez",1981,18066,864,864
"David","Rodriguez",1982,18722,9720,9720
"David","Rodriguez",1983,11727,5200,5200
"David","Rodriguez",1984,15892,1342,1342
"David","Rodriguez",1984,17164,9254,9254
"David","Rodriguez",1985,11253,6641,6641
"David","Rodriguez",1985,15670,9177,9177
"David","Rodriguez",1987,11266,7603,7603
"David","Rodriguez",1988,13039,5189,5189
"David","Rodriguez",1988,16513,6833,6833
"David","Rodriguez",1989,10995,6037,6037
"David","Rodriguez",1989,16694,2477,2477
"David","Rodriguez",1991,16348,914,914
"David","Rodriguez",1991,19198,8058,8058
"David","Rodriguez",1991,19308,829,829
"David","Rodriguez",1992,14638,5859,5859
"David","Rodriguez",1992,17076,5471,5471
"David","Rodriguez",1993,11467,5282,5282
"David","Rodriguez",1994,12495,7869,7869
"David","Rodriguez",1997,10065,5315,5315
"David","Rodriguez",1997,12570,4398,4398
"David","Rodriguez",1998,12547,8716,8716
"David","Rodriguez",1999,10747,1760,1760
"David","Rodriguez",1999,14674,2621,2621
"David","Smith",1971,12111,1158,1158
"David","Smith",1971,17783,8156,8156
"David","Smith",1971,18769,9727,9727
"David","Smith",1972,14579,5588,5588
"David","Smith",1972,19765,8694,8694
"David","Smith",1974,10160,7742,7742
"David","Smith",1974,10366,1770,1770
"David","Smith",1974,15591,5269,5269
"David","Smith",1974,18171,5191,5191
"David","Smith",1976,14047,8979,8979
"David","Smith",1978,16384,2803,2803
"David","Smith",1978,16870,8412,8412
"David","Smith",1979,16046,8088,8088
"David","Smith",1979,17730,6202,6202
"David","Smith",1980,12982,9805,9805
"David","Smith",1980,18954,4361,4361
"David","Smith",1982,12068,2437,2437
"David","Smith",1982,17559,6696,6696
"David","Smith",1983,15970,2216,2216
"David","Smith",1983,19970,7501,7501
"David","Smith",1985,19499,7063,7063
"David","Smith",1986,10088,2073,2073
"David","Smith",1986,11180,7230,7230
"David","Smith",1986,11249,5022,5022
"David","Smith",1987,15181,6790,6790
"David","Smith",1989,14544,2068,2068
"David","Smith",1990,15859,6441,6441
"David","Smith",1991,10743,980,980
"David","Smith",1992,12049,3378,3378
"David","Smith",1992,12534,4480,4480
"David","Smith",1992,18172,3135,3135
"David","Smith",1992,19035,9511,9511
"David","Smith",1992,19398,2609,2609
"David","Smith",1994,13023,8761,8761
"David","Smith",1994,14151,4740,4740
"David","Smith",1994,17533,4896,4896
"David","Smith",1995,11624,9641,9641
"David","Smith",1996,11093,2692,2692
"David","Smith",1997,14934,1976,1976
"David","Smith",1998,14964,4917,4917
"David","Smith",1998,18554,148,148
"David","Smith",1999,14583,6178,6178
"David","Smith",1999,14969,2813,2813
"David","Smith",1999,18712,401,401
"David","Smith",2000,17666,9843,9843
"David","Williams",1970,10265,8572,8572
"David","Williams",1970,17096,6561,6561
"David","Williams",1971,13583,9230,9230
"David","Williams",1971,13887,2165,2165
"David","Williams",1971,16225,7815,7815
"David","Williams",1971,17404,2604,2604
"David","Williams",1972,11107,8340,8340
"David","Williams",1972,14789,1466,1466
"David","Williams",1974,11565,9427,9427
"David","Williams",1974,11825,1923,1923
"David","Williams",1974,13933,7357,7357
"David","Williams",1974,16614,6936,6936
"David","Williams",1974,17546,9769,9769
"David","Williams",1975,12530,7610,7610
"David","Williams",1977,11281,5647,5647
"David","Williams",1977,16029,3543,3543
"David","Williams",1979,14829,1800,1800
"David","Williams",1980,15017,6385,6385
"David","Williams",1980,17309,79,79
"David","Williams",1980,18443,8529,8529
"David","Williams",1981,18618,1003,1003
"David","Williams",1982,18733,2846,2846
"David","Williams",1983,17457,8378,8378
"David","Williams",1983,17580,9543,9543
"David","Williams",1985,14948,2921,2921
"David","Williams",1985,19378,9266,9266
"David","Williams",1986,11206,3767,3767
"David","Williams",1986,11365,3953,3953
"David","Williams",1986,12099,5901,5901
"David","Williams",1988,12031,7226,7226
"David","Williams",1988,12677,4578,4578
"David","Williams",1988,18332,1157,1157
"David","Williams",1989,11664,8276,8276
"David","Williams",1989,12564,3607,3607
"David","Williams",1990,11249,8381,8381
"David","Williams",1990,11625,9426,9426
"David","Williams",1990,17062,3658,3658
"David","Williams",1991,14065,9216,9216
"David","Williams",1992,18515,3600,3600
"David","Williams",1992,19105,579,579
"David","Williams",1993,11535,1256,1256
"David","Williams",1994,13563,46,46
"David","Williams",1999,16628,4980,4980
"David","Williams",1999,18676,9333,9333
"David","Williams",2000,10241,5212,5212
"David","Williams",2000,17839,3097,3097
"David","Williams",2000,18166,6553,6553
"David","Williams",2000,18720,1958,1958
"Emily","Brown",1970,14974,718,718
"Emily","Brown",1971,16238,678,678
"Emily","Brown",1973,16609,7671,7671
"Emily","Brown",1975,11246,5241,5241
"Emily","Brown",1976,13190,835,835
"Emily","Brown",1976,18029,5554,5554
"Emily","Brown",1977,11676,5912,5912
"Emily","Brown",1977,17472,6078,6078
"Emily","Brown",1978,12558,2288,2288
"Emily","Brown",1979,18861,890,890
"Emily","Brown",1980,15840,8166,8166
"Emily","Brown",1980,18633,2471,2471
"Emily","Brown",1981,10305,1703,1703
"Emily","Brown",1981,18910,23,23
"Emily","Brown",1982,10113,3385,3385
"Emily","Brown",1982,18493,9501,9501
"Emily","Brown",1984,12167,4411,4411
"Emily","Brown",1984,16573,3952,3952
"Emily","Brown",1984,19490,4828,4828
"Emily","Brown",1986,14016,2687,2687
"Emily","Brown",1987,10544,5188,5188
"Emily","Brown",1987,10971,3107,3107
"Emily","Brown",1987,14521,2988,2988
"Emily","Brown",1987,19474,2737,2737
"Emily","Brown",1988,10672,6854,6854
"Emily","Brown",1989,17740,1641,1641
"Emily","Brown",1990,11023,8540,8540
"Emily","Brown",1990,11453,9437,9437
"Emily","Brown",1990,11663,3311,3311
"Emily","Brown",1991,10020,8423,8423
"Emily","Brown",1991,10994,7219,7219
"Emily","Brown",1991,18404,9533,9533
"Emily","Brown",1993,10960,422,422
"Emily","Brown",1993,12305,6052,6052
"Emily","Brown",1993,17630,2895,2895
"Emily","Brown",1993,17719,4370,4370
"Emily","Brown",1993,19575,6469,6469
"Emily","Brown",1994,10955,3571,3571
"Emily","Brown",1994,16417,559,559
"Emily","Brown",1995,11475,6552,6552
"Emily","Brown",1995,12773,2052,2052
"Emily","Brown",1998,18998,3287,3287
"Emily","Brown",1999,15890,9507,9507
"Emily","Brown",1999,17592,5311,5311
"Emily","Brown",1999,18934,2991,2991
"Emily","Brown",2000,16608,8643,8643
"Emily","Brown",2000,16938,2142,2142
"Emily","Brown",2000,17948,2865,2865
"Emily","Davis",1970,14548,9362,9362
"Emily","Davis",1970,14953,720,720
"Emily","Davis",1970,15646,6069,6069
"Emily","Davis",1970,16678,200,200
"Emily","Davis",1970,18635,2020,2020
"Emily","Davis",1970,19601,1233,1233
"Emily","Davis",1971,10723,3015,3015
"Emily","Davis",1971,14017,6126,6126
"Emily","Davis",1972,10224,2690,2690
"Emily","Davis",1972,16188,4236,4236
"Emily","Davis",1972,16972,406,406
"Emily","Davis",1973,19355,2343,2343
"Emily","Davis",1975,16359,7313,7313
"Emily","Davis",1976,16150,1045,1045
"Emily","Davis",1978,15574,8168,8168
"Emily","Davis",1980,14379,4929,4929
"Emily","Davis",1980,15266,1971,1971
"Emily","Davis",1980,18621,8013,8013
"Emily","Davis",1982,12634,4219,4219
"Emily","Davis",1982,13197,7299,7299
"Emily","Davis",1984,16336,4138,4138
"Emily","Davis",1984,16568,2792,2792
"Emily","Davis",1984,18232,5451,5451
"Emily","Davis",1985,17449,6013,6013
"Emily","Davis",1986,10842,3275,3275
"Emily","Davis",1986,14017,2314,2314
"Emily","Davis",1987,12280,6334,6334
"Emily","Davis",1987,16785,844,844
"Emily","Davis",1988,13851,1260,1260
"Emily","Davis",1989,19258,444,444
"Emily","Davis",1992,10919,6212,6212
"Emily","Davis",1993,17813,7734,7734
"Emily","Davis",1994,11301,3455,3455
"Emily","Davis",1994,15213,3209,3209
"Emily","Davis",1995,10010,1626,1626
"Emily","Davis",1995,10725,5491,5491
"Emily","Davis",1995,16726,354,354
"Emily","Davis",1997,11582,4830,4830
"Emily","Davis",1997,13995,3773,3773
"Emily","Davis",1997,18997,7212,7212
"Emily","Davis",1998,14228,3820,3820
"Emily","Davis",1999,18574,5790,5790
"Emily","Garcia",1970,11108,2775,2775
"Emily","Garcia",1972,11969,3271,3271
"Emily","Garcia",1972,17579,2096,2096
"Emily","Garcia",1972,17887,4548,4548
"Emily","Garcia",1973,17643,8434,8434
"Emily","Garcia",1974,17143,4269,4269
"Emily","Garcia",1975,16996,4592,4592
"Emily","Garcia",1976,17561,677,677
"Emily","Garcia",1976,18599,4878,4878
"Emily","Garcia",1977,14707,2825,2825
"Emily","Garcia",1980,10315,2417,2417
"Emily","Garcia",1980,12465,3809,3809
"Emily","Garcia",1980,14532,9432,9432
"Emily","Garcia",1980,15661,8620,8620
"Emily","Garcia",1981,14146,3358,3358
"Emily","Garcia",1982,14556,9320,9320
"Emily","Garcia",1983,15727,9895,9895
"Emily","Garcia",1984,11647,3529,3529
"Emily","Garcia",1984,18445,1859,1859
"Emily","Garcia",1986,10810,2950,2950
"Emily","Garcia",1986,15632,5038,5038
"Emily","Garcia",1986,16945,1529,1529
"Emily","Garcia",1987,13862,5255,5255
"Emily","Garcia",1987,13975,3988,3988
"Emily","Garcia",1987,16677,9396,9396
"Emily","Garcia",1987,19257,5991,5991
"Emily","Garcia",1989,13077,5861,5861
"Emily","Garcia",1989,13274,2688,2688
"Emily","Garcia",1989,14354,5628,5628
"Emily","Garcia",1990,16646,2985,2985
"Emily","Garcia",1991,10006,2932,2932
"Emily","Garcia",1993,17953,9937,9937
"Emily","Garcia",1994,11801,252,252
"Emily","Garcia",1994,14458,9119,9119
"Emily","Garcia",1994,16402,3026,3026
"Emily","Garcia",1996,16314,6280,6280
"Emily","Garcia",1996,18591,428,428
"Emily","Garcia",1997,13369,4853,4853
"Emily","Garcia",1997,14360,7576,7576
"Emily","Garcia",1998,19644,6573,6573
"Emily","Garcia",1999,17560,5455,5455
"Emily","Garcia",2000,12075,3603,3603
"Emily","Garcia",2000,15345,6614,6614
"Emily","Garcia",2000,19506,8521,8521
"Emily","Johnson",1971,18862,8092,8092
"Emily","Johnson",1974,12339,2610,2610
"Emily","Johnson",1974,16627,349,349
"Emily","Johnson",1976,12855,5729,5729
"Emily","Johnson",1976,13043,2392,2392
"Emily","Johnson",1976,16886,8784,8784
"Emily","Johnson",1977,10482,4985,4985
"Emily","Johnson",1977,15059,6176,6176
"Emily","Johnson",1977,15178,2564,2564
"Emily","Johnson",1978,13197,7049,7049
"Emily","Johnson",1978,16213,4846,4846
"Emily","Johnson",1978,17829,8025,8025
"Emily","Johnson",1978,18845,3622,3622
"Emily","Johnson",1979,15708,9576,9576
"Emily","Johnson",1981,12003,3047,3047
"Emily","Johnson",1982,14187,1851,1851
"Emily","Johnson",1982,18110,2360,2360
"Emily","Johnson",1982,19416,2254,2254
"Emily","Johnson",1984,15132,8317,8317
"Emily","Johnson",1984,16109,6485,6485
"Emily","Johnson",1984,17475,6079,6079
"Emily","Johnson",1984,18563,7512,7512
"Emily","Johnson",1985,16506,2634,2634
"Emily","Johnson",1985,16973,4363,4363
"Emily","Johnson",1985,17624,4997,4997
"Emily","Johnson",1986,18798,129,129
"Emily","Johnson",1986,18806,3464,3464
"Emily","Johnson",1987,10041,7570,7570
"Emily","Johnson",1987,11804,2367,2367
"Emily","Johnson",1987,16054,3737,3737
"Emily","Johnson",1987,18466,6725,6725
"Emily","Johnson",1988,10113,4793,4793
"Emily","Johnson",1989,18423,6060,6060
"Emily","Johnson",1990,13563,9373,9373
"Emily","Johnson",1990,13968,8827,8827
"Emily","Johnson",1990,18446,6349,6349
"Emily","Johnson",1992,16199,1055,1055
"Emily","Johnson",1993,11205,9257,9257
"Emily","Johnson",1993,14578,3269,3269
"Emily","Johnson",1993,15662,2883,2883
"Emily","Johnson",1993,17636,9883,9883
"Emily","Johnson",1994,16797,6699,6699
"Emily","Johnson",1994,17987,5705,5705
"Emily","Johnson",1996,11862,9190,9190
"Emily","Johnson",1996,16887,9587,9587
"Emily","Johnson",1998,12160,9080,9080
"Emily","Johnson",1999,19578,8190,8190
"Emily","Johnson",2000,14335,9875,9875
"Emily","Jones",1971,11004,6773,6773
"Emily","Jones",1971,15898,1164,1164
"Emily","Jones",1971,17765,2000,2000
"Emily","Jones",1972,10292,8331,8331
"Emily","Jones",1974,12087,9696,9696
"Emily","Jones",1974,14457,5921,5921
"Emily","Jones",1974,16826,4498,4498
"Emily","Jones",1975,18997,2350,2350
"Emily","Jones",1979,17572,5387,5387
"Emily","Jones",1980,12819,4883,4883
"Emily","Jones",1980,17680,5903,5903
"Emily","Jones",1981,13043,4885,4885
"Emily","Jones",1981,19844,6415,6415
"Emily","Jones",1982,14989,7794,7794
"Emily","Jones",1983,13192,9307,9307
"Emily","Jones",1983,16255,4208,4208
"Emily","Jones",1983,16385,8576,8576
"Emily","Jones",1984,14746,6045,6045
"Emily","Jones",1985,15595,8227,8227
"Emily","Jones",1986,19453,4913,4913
"Emily","Jones",1987,19774,9004,9004
"Emily","Jones",1988,11350,6929,6929
"Emily","Jones",1988,12009,1803,1803
"Emily","Jones",1988,12663,4088,4088
"Emily","Jones",1989,17182,3549,3549
"Emily","Jones",1989,19232,1477,1477
"Emily","Jones",1990,14091,4353,4353
"Emily","Jones",1990,15894,9399,9399
"Emily","Jones",1992,10415,6292,6292
"Emily","Jones",1992,14232,5552,5552
"Emily","Jones",1993,12361,3519,3519
"Emily","Jones",1993,17455,4991,4991
"Emily","Jones",1994,10155,1404,1404
"Emily","Jones",1994,19717,1292,1292
"Emily","Jones",1996,17176,1966,1966
"Emily","Jones",1996,18104,4547,4547
"Emily","Jones",1998,10595,5237,5237
"Emily","Jones",1999,12384,6255,6255
"Emily","Jones",2000,11818,5444,5444
"Emily","Martinez",1970,17139,4468,4468
"Emily","Martinez",1972,10779,6717,6717
"Emily","Martinez",1972,11913,2115,2115
"Emily","Martinez",1973,17691,4054,4054
"Emily","Martinez",1974,11254,1968,1968
"Emily","Martinez",1976,15504,7239,7239
"Emily","Martinez",1976,17647,4349,4349
"Emily","Martinez",1976,17979,946,946
"Emily","Martinez",1976,19477,4204,4204
"Emily","Martinez",1977,10305,8528,8528
"Emily","Martinez",1977,17287,7410,7410
"Emily","Martinez",1978,11202,5807,5807
"Emily","Martinez",1978,18634,1376,1376
"Emily","Martinez",1980,15793,503,503
"Emily","Martinez",1980,16411,8226,8226
"Emily","Martinez",1981,11101,3037,3037
"Emily","Martinez",1981,12610,953,953
"Emily","Martinez",1983,11802,6919,6919
"Emily","Martinez",1983,16472,542,542
"Emily","Martinez",1983,16635,3618,3618
"Emily","Martinez",1986,13732,2059,2059
"Emily","Martinez",1986,17936,7180,7180
"Emily","Martinez",1986,19978,4007,4007
"Emily","Martinez",1987,12906,7176,7176
"Emily","Martinez",1987,17314,3278,3278
"Emily","Martinez",1988,13317,3825,3825
"Emily","Martinez",1988,14442,7213,7213
"Emily","Martinez",1989,12252,4907,4907
"Emily","Martinez",1989,12393,5143,5143
"Emily","Martinez",1990,11778,1991,1991
"Emily","Martinez",1990,16203,2747,2747
"Emily","Martinez",1991,17539,3140,3140
"Emily","Martinez",1992,16279,8650,8650
"Emily","Martinez",1994,14372,137,137
"Emily","Martinez",1995,14831,8383,8383
"Emily","Martinez",1995,16342,1375,1375
"Emily","Martinez",1995,19364,6407,6407
"Emily","Martinez",1998,16851,2724,2724
"Emily","Martinez",1999,11921,5992,5992
"Emily","Martinez",1999,13024,2151,2151
"Emily","Martinez",1999,13858,9926,9926
"Emily","Martinez",2000,10962,5363,5363
"Emily","Miller",1970,13880,5224,5224
"Emily","Miller",1970,15499,8910,8910
"Emily","Miller",1972,16894,9881,9881
"Emily","Miller",1973,17206,5683,5683
"Emily","Miller",1974,17500,6103,6103
"Emily","Miller",1975,16228,9184,9184
"Emily","Miller",1975,16476,1802,1802
"Emily","Miller",1976,18587,7029,7029
"Emily","Miller",1976,19186,6442,6442
"Emily","Miller",1977,16415,4106,4106
"Emily","Miller",1978,15424,665,665
"Emily","Miller",1979,17597,1161,1161
"Emily","Miller",1979,18007,4137,4137
"Emily","Miller",1979,19168,109,109
"Emily","Miller",1980,12111,5000,5000
"Emily","Miller",1980,13450,4039,4039
"Emily","Miller",1981,11056,6226,6226
"Emily","Miller",1981,13011,9466,9466
"Emily","Miller",1981,15656,7388,7388
"Emily","Miller",1981,18790,9842,9842
"Emily","Miller",1982,11003,2022,2022
"Emily","Miller",1982,17617,5456,5456
"Emily","Miller",1983,11588,8751,8751
"Emily","Miller",1984,10811,5831,5831
"Emily","Miller",1984,14074,7197,7197
"Emily","Miller",1985,10450,2789,2789
"Emily","Miller",1985,13117,5839,5839
"Emily","Miller",1987,14656,65,65
"Emily","Miller",1988,19992,576,576
"Emily","Miller",1990,15199,4728,4728
"Emily","Miller",1990,15714,5680,5680
"Emily","Miller",1991,11103,7943,7943
"Emily","Miller",1991,14225,5830,5830
"Emily","Miller",1991,16637,4217,4217
"Emily","Miller",1992,13004,3124,3124
"Emily","Miller",1992,16207,2466,2466
"Emily","Miller",1993,10802,5877,5877
"Emily","Miller",1993,12099,5822,5822
"Emily","Miller",1993,19831,7493,7493
"Emily","Miller",1995,11837,9810,9810
"Emily","Miller",1995,14448,2614,2614
"Emily","Miller",1997,13031,9442,9442
"Emily","Miller",1997,13632,9905,9905
"Emily","Miller",1998,10755,6728,6728
"Emily","Miller",1999,15740,5496,5496
"Emily","Miller",1999,19378,6452,6452
"Emily","Miller",2000,16997,4036,4036
"Emily","Rodriguez",1970,12595,1913,1913
"Emily","Rodriguez",1970,17974,4249,4249
"Emily","Rodriguez",1971,12143,2094,2094
"Emily","Rodriguez",1973,10883,211,211
"Emily","Rodriguez",1973,11043,9005,9005
"Emily","Rodriguez",1973,11382,1672,1672
"Emily","Rodriguez",1973,12056,467,467
"Emily","Rodriguez",1973,17175,8388,8388
"Emily","Rodriguez",1973,17852,89,89
"Emily","Rodriguez",1973,18475,8532,8532
"Emily","Rodriguez",1976,16478,358,358
"Emily","Rodriguez",1976,17478,2117,2117
"Emily","Rodriguez",1978,13911,2666,2666
"Emily","Rodriguez",1978,19055,9413,9413
"Emily","Rodriguez",1979,16838,6464,6464
"Emily","Rodriguez",1980,15323,7025,7025
"Emily","Rodriguez",1980,16845,8266,8266
"Emily","Rodriguez",1981,17659,3157,3157
"Emily","Rodriguez",1983,16318,8440,8440
"Emily","Rodriguez",1986,12849,262,262
"Emily","Rodriguez",1987,11156,5388,5388
"Emily","Rodriguez",1987,14765,291,291
"Emily","Rodriguez",1987,16316,2222,2222
"Emily","Rodriguez",1988,17432,1880,1880
"Emily","Rodriguez",1990,13659,9780,9780
"Emily","Rodriguez",1991,15681,2884,2884
"Emily","Rodriguez",1992,19883,5667,5667
"Emily","Rodriguez",1993,16372,7383,7383
"Emily","Rodriguez",1996,10277,6716,6716
"Emily","Rodriguez",1996,12873,9651,9651
"Emily","Rodriguez",1997,10356,5004,5004
"Emily","Rodriguez",1997,13739,5829,5829
"Emily","Rodriguez",1997,14661,7692,7692
"Emily","Rodriguez",1999,10424,852,852
"Emily","Rodriguez",1999,12230,7965,7965
"Emily","Rodriguez",1999,17926,6316,6316
"Emily","Rodriguez",1999,19603,2205,2205
"Emily","Rodriguez",2000,12694,2588,2588
"Emily","Rodriguez",2000,17456,2179,2179
"Emily","Smith",1970,10165,3489,3489
"Emily","Smith",1970,11473,7195,7195
"Emily","Smith",1970,13205,7395,7395
"Emily","Smith",1970,14370,2839,2839
"Emily","Smith",1971,14598,3487,3487
"Emily","Smith",1972,10171,4477,4477
"Emily","Smith",1973,12318,4970,4970
"Emily","Smith",1974,11361,5400,5400
"Emily","Smith",1974,13961,6191,6191
"Emily","Smith",1974,18157,4875,4875
"Emily","Smith",1977,17022,2995,2995
"Emily","Smith",1979,12175,6084,6084
"Emily","Smith",1980,11583,9602,9602
"Emily","Smith",1980,13914,776,776
"Emily","Smith",1980,18992,1179,1179
"Emily","Smith",1981,11294,6931,6931
"Emily","Smith",1982,19289,5745,5745
"Emily","Smith",1984,15615,7593,7593
"Emily","Smith",1986,16508,2463,2463
"Emily","Smith",1987,11321,4894,4894
"Emily","Smith",1987,12237,9814,9814
"Emily","Smith",1987,12814,7773,7773
"Emily","Smith",1988,11702,9021,9021
"Emily","Smith",1990,13356,4410,4410
"Emily","Smith",1990,19265,3290,3290
"Emily","Smith",1990,19565,8608,8608
"Emily","Smith",1991,12915,8681,8681
"Emily","Smith",1991,15464,4837,4837
"Emily","Smith",1991,17501,3596,3596
"Emily","Smith",1992,16285,3756,3756
"Emily","Smith",1993,15071,2726,2726
"Emily","Smith",1995,12435,5907,5907
"Emily","Smith",1995,14804,363,363
"Emily","Smith",1995,16419,3401,3401
"Emily","Smith",1996,15704,7,7
"Emily","Smith",1997,17894,6968,6968
"Emily","Smith",1999,15755,6271,6271
"Emily","Smith",1999,16136,4017,4017
"Emily","Smith",2000,14835,4739,4739
"Emily","Smith",2000,16389,9728,9728
"Emily","Williams",1970,14535,9010,9010
"Emily","Williams",1970,17885,4754,4754
"Emily","Williams",1971,16355,3843,3843
"Emily","Williams",1971,17111,180,180
"Emily","Williams",1971,18351,1001,1001
"Emily","Williams",1973,17181,7568,7568
"Emily","Williams",1974,15344,4694,4694
"Emily","Williams",1974,19555,9673,9673
"Emily","Williams",1975,18935,8835,8835
"Emily","Williams",1975,19177,5771,5771
"Emily","Williams",1975,19768,5466,5466
"Emily","Williams",1976,12810,3342,3342
"Emily","Williams",1978,13258,9304,9304
"Emily","Williams",1980,12372,2554,2554
"Emily","Williams",1980,16144,1896,1896
"Emily","Williams",1981,16003,505,505
"Emily","Williams",1981,17147,752,752
"Emily","Williams",1981,19378,6494,6494
"Emily","Williams",1982,18509,6235,6235
"Emily","Williams",1983,16638,3828,3828
"Emily","Williams",1984,10647,5171,5171
"Emily","Williams",1984,13649,8806,8806
"Emily","Williams",1985,12223,1112,1112
"Emily","Williams",1985,17996,8636,8636
"Emily","Williams",1985,18180,2853,2853
"Emily","Williams",1985,19101,9483,9483
"Emily","Williams",1986,12273,9124,9124
"Emily","Williams",1986,15522,5447,5447
"Emily","Williams",1986,17405,3830,3830
"Emily","Williams",1988,11976,2822,2822
"Emily","Williams",1990,10261,7867,7867
"Emily","Williams",1990,10658,7305,7305
"Emily","Williams",1990,17816,3025,3025
"Emily","Williams",1991,18048,7640,7640
"Emily","Williams",1992,19702,6257,6257
"Emily","Williams",1993,16231,1186,1186
"Emily","Williams",1994,14730,1993,1993
"Emily","Williams",1994,14805,1329,1329
"Emily","Williams",1995,14663,388,388
"Emily","Williams",1995,17995,2429,2429
"Emily","Williams",1996,16633,2479,2479
"Emily","Williams",1997,13284,1954,1954
"Emily","Williams",1998,12396,7704,7704
"Emily","Williams",1998,13906,7896,7896
"Emily","Williams",1998,18171,6426,6426
"Emily","Williams",2000,18004,5674,5674
"Emily","Williams",2000,18507,8679,8679
"Emma","Brown",1970,17262,6908,6908
"Emma","Brown",1971,10790,8365,8365
"Emma","Brown",1972,12345,5337,5337
"Emma","Brown",1973,16214,1894,1894
"Emma","Brown",1975,10743,5795,5795
"Emma","Brown",1975,11613,2698,2698
"Emma","Brown",1975,13763,5335,5335
"Emma","Brown",1975,18124,4932,4932
"Emma","Brown",1975,19327,8892,8892
"Emma","Brown",1976,19384,5050,5050
"Emma","Brown",1977,18610,2899,2899
"Emma","Brown",1978,14729,3570,3570
"Emma","Brown",1979,11698,7066,7066
"Emma","Brown",1979,13226,352,352
"Emma","Brown",1979,19512,6663,6663
"Emma","Brown",1980,18079,1826,1826
"Emma","Brown",1981,10790,9961,9961
"Emma","Brown",1981,11429,5957,5957
"Emma","Brown",1981,14816,5259,5259
"Emma","Brown",1984,16134,7327,7327
"Emma","Brown",1985,14068,376,376
"Emma","Brown",1986,18500,5845,5845
"Emma","Brown",1988,14180,1069,1069
"Emma","Brown",1989,18729,8397,8397
"Emma","Brown",1990,12924,9115,9115
"Emma","Brown",1991,12799,8210,8210
"Emma","Brown",1992,10790,5536,5536
"Emma","Brown",1992,11653,5798,5798
"Emma","Brown",1994,10758,8861,8861
"Emma","Brown",1995,11897,3036,3036
"Emma","Brown",1995,19156,9998,9998
"Emma","Brown",1996,14246,2262,2262
"Emma","Brown",1998,19290,9038,9038
"Emma","Davis",1970,11641,7521,7521
"Emma","Davis",1971,16402,3220,3220
"Emma","Davis",1971,16548,1561,1561
"Emma","Davis",1971,16874,4652,4652
"Emma","Davis",1974,11195,7091,7091
"Emma","Davis",1974,16410,9179,9179
"Emma","Davis",1975,18010,6768,6768
"Emma","Davis",1975,19770,960,960
"Emma","Davis",1976,10656,1980,1980
"Emma","Davis",1976,12718,9489,9489
"Emma","Davis",1976,14401,7186,7186
"Emma","Davis",1977,12430,8426,8426
"Emma","Davis",1977,14508,2760,2760
"Emma","Davis",1977,16339,4502,4502
"Emma","Davis",1978,13707,4328,4328
"Emma","Davis",1979,11499,8480,8480
"Emma","Davis",1979,16705,3947,3947
"Emma","Davis",1979,18075,1241,1241
"Emma","Davis",1979,18665,5470,5470
"Emma","Davis",1980,14131,4546,4546
"Emma","Davis",1981,16562,6309,6309
"Emma","Davis",1982,12798,6580,6580
"Emma","Davis",1982,17180,2274,2274
"Emma","Davis",1982,17625,7309,7309
"Emma","Davis",1984,13647,7442,7442
"Emma","Davis",1984,15672,1450,1450
"Emma","Davis",1986,15416,9291,9291
"Emma","Davis",1987,12990,8196,8196
"Emma","Davis",1987,14437,7346,7346
"Emma","Davis",1989,11118,9900,9900
"Emma","Davis",1989,17460,4844,4844
"Emma","Davis",1990,18082,4841,4841
"Emma","Davis",1991,11070,9771,9771
"Emma","Davis",1992,11851,1447,1447
"Emma","Davis",1992,19383,565,565
"Emma","Davis",1993,14050,1795,1795
"Emma","Davis",1993,19816,4067,4067
"Emma","Davis",1994,13305,8606,8606
"Emma","Davis",1996,13104,6389,6389
"Emma","Davis",1996,14475,357,357
"Emma","Davis",1996,15862,4782,4782
"Emma","Davis",1996,18999,2067,2067
"Emma","Davis",1997,16038,5906,5906
"Emma","Davis",1998,10094,6284,6284
"Emma","Davis",1999,13348,1833,1833
"Emma","Davis",1999,13698,4527,4527
"Emma","Davis",1999,15031,9272,9272
"Emma","Davis",2000,14179,4785,4785
"Emma","Garcia",1971,11487,8149,8149
"Emma","Garcia",1972,18322,6904,6904
"Emma","Garcia",1973,16074,610,610
"Emma","Garcia",1974,13663,1557,1557
"Emma","Garcia",1974,14724,9306,9306
"Emma","Garcia",1975,19264,6162,6162
"Emma","Garcia",1977,12528,1142,1142
"Emma","Garcia",1978,15369,1669,1669
"Emma","Garcia",1978,18763,9893,9893
"Emma","Garcia",1979,15356,5547,5547
"Emma","Garcia",1979,19180,1565,1565
"Emma","Garcia",1980,14322,6027,6027
"Emma","Garcia",1980,15836,2278,2278
"Emma","Garcia",1981,10042,4358,4358
"Emma","Garcia",1981,11413,1296,1296
"Emma","Garcia",1981,15769,9705,9705
"Emma","Garcia",1981,19766,4742,4742
"Emma","Garcia",1983,17173,4631,4631
"Emma","Garcia",1983,19610,6824,6824
"Emma","Garcia",1987,11193,2057,2057
"Emma","Garcia",1987,17562,5925,5925
"Emma","Garcia",1988,11916,6526,6526
"Emma","Garcia",1988,16163,3694,3694
"Emma","Garcia",1988,18815,3863,3863
"Emma","Garcia",1989,12053,6755,6755
"Emma","Garcia",1989,14666,6146,6146
"Emma","Garcia",1989,18045,3048,3048
"Emma","Garcia",1989,19782,3987,3987
"Emma","Garcia",1990,17765,7921,7921
"Emma","Garcia",1991,16302,6659,6659
"Emma","Garcia",1991,16900,7804,7804
"Emma","Garcia",1994,18258,3685,3685
"Emma","Garcia",1995,16993,719,719
"Emma","Garcia",1995,19870,7264,7264
"Emma","Garcia",1996,16886,1392,1392
"Emma","Garcia",1998,13885,8261,8261
"Emma","Garcia",2000,10034,3841,3841
"Emma","Garcia",2000,13776,2703,2703
"Emma","Garcia",2000,15833,4632,4632
"Emma","Garcia",2000,17641,8498,8498
"Emma","Garcia",2000,19952,7089,7089
"Emma","Johnson",1970,15977,7369,7369
"Emma","Johnson",1971,11313,9069,9069
"Emma","Johnson",1972,13856,4831,4831
"Emma","Johnson",1972,16912,4220,4220
"Emma","Johnson",1972,17853,909,909
"Emma","Johnson",1974,13729,4684,4684
"Emma","Johnson",1976,12519,6850,6850
"Emma","Johnson",1977,13516,8403,8403
"Emma","Johnson",1977,15823,8370,8370
"Emma","Johnson",1977,18078,6047,6047
"Emma","Johnson",1978,11184,7100,7100
"Emma","Johnson",1978,13237,336,336
"Emma","Johnson",1978,15926,1248,1248
"Emma","Johnson",1978,19486,4299,4299
"Emma","Johnson",1979,10105,5857,5857
"Emma","Johnson",1980,13550,9828,9828
"Emma","Johnson",1980,16592,9473,9473
"Emma","Johnson",1982,11017,7838,7838
"Emma","Johnson",1982,19071,5979,5979
"Emma","Johnson",1984,12473,5012,5012
"Emma","Johnson",1984,18344,4834,4834
"Emma","Johnson",1985,15687,2675,2675
"Emma","Johnson",1985,16375,4152,4152
"Emma","Johnson",1987,14586,651,651
"Emma","Johnson",1988,12683,9357,9357
"Emma","Johnson",1988,15695,5345,5345
"Emma","Johnson",1989,12856,2544,2544
"Emma","Johnson",1990,18440,5805,5805
"Emma","Johnson",1990,19558,4177,4177
"Emma","Johnson",1991,11422,5157,5157
"Emma","Johnson",1991,13085,9463,9463
"Emma","Johnson",1991,14598,6345,6345
"Emma","Johnson",1994,10447,4899,4899
"Emma","Johnson",1994,14314,3402,3402
"Emma","Johnson",1994,17889,9014,9014
"Emma","Johnson",1996,14317,8814,8814
"Emma","Johnson",1997,11009,915,915
"Emma","Johnson",1998,16051,487,487
"Emma","Johnson",1999,19141,2191,2191
"Emma","Jones",1971,13311,947,947
"Emma","Jones",1972,11418,8215,8215
"Emma","Jones",1972,14910,5714,5714
"Emma","Jones",1972,17840,6085,6085
"Emma","Jones",1974,14603,7237,7237
"Emma","Jones",1974,15416,6109,6109
"Emma","Jones",1975,19594,1649,1649
"Emma","Jones",1976,11440,9757,9757
"Emma","Jones",1976,13080,9393,9393
"Emma","Jones",1976,16330,9063,9063
"Emma","Jones",1978,19328,6633,6633
"Emma","Jones",1979,17156,1691,1691
"Emma","Jones",1980,15036,4151,4151
"Emma","Jones",1981,11485,7724,7724
"Emma","Jones",1981,16053,1717,1717
"Emma","Jones",1982,10015,7954,7954
"Emma","Jones",1982,19913,4962,4962
"Emma","Jones",1983,19078,4474,4474
"Emma","Jones",1984,18151,9092,9092
"Emma","Jones",1988,12989,1845,1845
"Emma","Jones",1988,14384,5747,5747
"Emma","Jones",1988,15187,6731,6731
"Emma","Jones",1988,15592,6694,6694
"Emma","Jones",1989,19894,4709,4709
"Emma","Jones",1990,12824,2702,2702
"Emma","Jones",1991,14116,8722,8722
"Emma","Jones",1991,15485,4214,4214
"Emma","Jones",1992,10869,1328,1328
"Emma","Jones",1992,13433,5563,5563
"Emma","Jones",1993,11036,7853,7853
"Emma","Jones",1993,12314,4148,4148
"Emma","Jones",1993,13114,4142,4142
"Emma","Jones",1994,19708,4320,4320
"Emma","Jones",1995,12262,7879,7879
"Emma","Jones",1995,14382,1277,1277
"Emma","Jones",1995,15889,4650,4650
"Emma","Jones",1998,10949,760,760
"Emma","Jones",1999,13207,4352,4352
"Emma","Jones",2000,12228,1566,1566
"Emma","Jones",2000,14217,4223,4223
"Emma","Jones",2000,16804,1745,1745
"Emma","Martinez",1973,13302,1421,1421
"Emma","Martinez",1973,16189,692,692
"Emma","Martinez",1976,10857,2302,2302
"Emma","Martinez",1976,11632,8281,8281
"Emma","Martinez",1977,13335,6539,6539
"Emma","Martinez",1977,15897,7097,7097
"Emma","Martinez",1979,10081,6588,6588
"Emma","Martinez",1980,16340,822,822
"Emma","Martinez",1981,18790,9782,9782
"Emma","Martinez",1982,16464,3857,3857
"Emma","Martinez",1982,17564,6318,6318
"Emma","Martinez",1983,13336,3007,3007
"Emma","Martinez",1985,13813,4931,4931
"Emma","Martinez",1985,16744,9054,9054
"Emma","Martinez",1986,10940,9686,9686
"Emma","Martinez",1986,11642,1767,1767
"Emma","Martinez",1986,12166,941,941
"Emma","Martinez",1986,16928,1648,1648
"Emma","Martinez",1987,18778,9222,9222
"Emma","Martinez",1987,19527,2128,2128
"Emma","Martinez",1987,19695,1888,1888
"Emma","Martinez",1987,20000,5293,5293
"Emma","Martinez",1988,13289,7924,7924
"Emma","Martinez",1988,18718,2834,2834
"Emma","Martinez",1988,19960,2081,2081
"Emma","Martinez",1989,12598,4336,4336
"Emma","Martinez",1989,14575,7408,7408
"Emma","Martinez",1989,19299,9726,9726
"Emma","Martinez",1990,12041,9328,9328
"Emma","Martinez",1991,11539,3593,3593
"Emma","Martinez",1992,10164,6472,6472
"Emma","Martinez",1994,10538,854,854
"Emma","Martinez",1994,11475,3787,3787
"Emma","Martinez",1994,14859,9485,9485
"Emma","Martinez",1994,18145,5739,5739
"Emma","Martinez",1995,15302,4595,4595
"Emma","Martinez",1996,12102,9441,9441
"Emma","Martinez",1996,18629,7356,7356
"Emma","Martinez",1997,11236,8360,8360
"Emma","Martinez",1998,11999,1608,1608
"Emma","Martinez",1998,15586,1495,1495
"Emma","Martinez",1999,10789,7611,7611
"Emma","Martinez",2000,13865,5820,5820
"Emma","Miller",1970,15371,8341,8341
"Emma","Miller",1970,18190,6382,6382
"Emma","Miller",1971,11949,1139,1139
"Emma","Miller",1971,15749,3463,3463
"Emma","Miller",1971,17220,6644,6644
"Emma","Miller",1971,19165,6831,6831
"Emma","Miller",1973,11801,4588,4588
"Emma","Miller",1973,13072,9228,9228
"Emma","Miller",1973,16639,3534,3534
"Emma","Miller",1975,18542,6410,6410
"Emma","Miller",1975,19873,1952,1952
"Emma","Miller",1976,19045,2522,2522
"Emma","Miller",1978,10903,3416,3416
"Emma","Miller",1978,12686,9236,9236
"Emma","Miller",1978,15993,1460,1460
"Emma","Miller",1978,16942,969,969
"Emma","Miller",1979,12338,9105,9105
"Emma","Miller",1980,10126,8438,8438
"Emma","Miller",1980,15654,7436,7436
"Emma","Miller",1980,19564,944,944
"Emma","Miller",1982,17254,5874,5874
"Emma","Miller",1984,17352,3714,3714
"Emma","Miller",1985,11571,3318,3318
"Emma","Miller",1986,18380,508,508
"Emma","Miller",1989,16051,1431,1431
"Emma","Miller",1989,17928,7826,7826
"Emma","Miller",1990,15276,9902,9902
"Emma","Miller",1990,19012,5497,5497
"Emma","Miller",1992,12393,3461,3461
"Emma","Miller",1993,16495,9121,9121
"Emma","Miller",1994,15702,9801,9801
"Emma","Miller",1994,18001,7378,7378
"Emma","Miller",1994,19793,4332,4332
"Emma","Miller",1995,15936,619,619
"Emma","Miller",1996,15666,1614,1614
"Emma","Miller",1996,17902,9665,9665
"Emma","Miller",1997,10951,2877,2877
"Emma","Miller",1997,19312,3226,3226
"Emma","Miller",1998,15207,8321,8321
"Emma","Miller",1999,16315,5609,5609
"Emma","Miller",2000,10705,7604,7604
"Emma","Miller",2000,12675,2112,2112
"Emma","Miller",2000,14595,3355,3355
"Emma","Miller",2000,18475,8593,8593
"Emma","Rodriguez",1970,18398,4335,4335
"Emma","Rodriguez",1971,12046,9160,9160
"Emma","Rodriguez",1971,17883,3690,3690
"Emma","Rodriguez",1971,18001,6683,6683
"Emma","Rodriguez",1972,19186,2203,2203
"Emma","Rodriguez",1972,19417,2357,2357
"Emma","Rodriguez",1974,11728,2814,2814
"Emma","Rodriguez",1974,16249,1430,1430
"Emma","Rodriguez",1974,17443,5655,5655
"Emma","Rodriguez",1974,19807,8085,8085
"Emma","Rodriguez",1975,13063,3876,3876
"Emma","Rodriguez",1975,16365,5040,5040
"Emma","Rodriguez",1976,11213,371,371
"Emma","Rodriguez",1977,12427,8921,8921
"Emma","Rodriguez",1977,13967,2386,2386
"Emma","Rodriguez",1977,14387,6221,6221
"Emma","Rodriguez",1978,11764,7978,7978
"Emma","Rodriguez",1978,15916,3081,3081
"Emma","Rodriguez",1980,17652,5785,5785
"Emma","Rodriguez",1981,14040,456,456
"Emma","Rodriguez",1981,16378,2730,2730
"Emma","Rodriguez",1981,19922,8372,8372
"Emma","Rodriguez",1984,17099,1132,1132
"Emma","Rodriguez",1984,17189,7864,7864
"Emma","Rodriguez",1984,18392,1828,1828
"Emma","Rodriguez",1985,18471,2753,2753
"Emma","Rodriguez",1985,19863,5778,5778
"Emma","Rodriguez",1986,10374,1370,1370
"Emma","Rodriguez",1986,13420,5909,5909
"Emma","Rodriguez",1987,16450,7324,7324
"Emma","Rodriguez",1987,16718,1764,1764
"Emma","Rodriguez",1989,13801,2971,2971
"Emma","Rodriguez",1989,17513,4130,4130
"Emma","Rodriguez",1990,11761,7105,7105
"Emma","Rodriguez",1990,17624,6406,6406
"Emma","Rodriguez",1991,19833,7262,7262
"Emma","Rodriguez",1992,15187,2002,2002
"Emma","Rodriguez",1992,19194,8939,8939
"Emma","Rodriguez",1992,19505,7529,7529
"Emma","Rodriguez",1993,11903,588,588
"Emma","Rodriguez",1993,13210,6962,6962
"Emma","Rodriguez",1993,14797,6016,6016
"Emma","Rodriguez",1994,19453,455,455
"Emma","Rodriguez",1995,11016,9221,9221
"Emma","Rodriguez",1995,13996,2378,2378
"Emma","Rodriguez",1995,18287,911,911
"Emma","Rodriguez",1995,18384,7272,7272
"Emma","Rodriguez",1995,19718,5935,5935
"Emma","Rodriguez",1995,19995,9375,9375
"Emma","Rodriguez",1996,10198,3755,3755
"Emma","Rodriguez",1996,11749,2654,2654
"Emma","Rodriguez",1996,16054,644,644
"Emma","Rodriguez",1997,12825,4437,4437
"Emma","Rodriguez",1997,19766,2389,2389
"Emma","Rodriguez",2000,11111,1504,1504
"Emma","Smith",1970,10721,6035,6035
"Emma","Smith",1970,11378,4813,4813
"Emma","Smith",1972,18367,7871,7871
"Emma","Smith",1974,11929,5618,5618
"Emma","Smith",1975,13624,1771,1771
"Emma","Smith",1975,15435,2931,2931
"Emma","Smith",1977,18092,1261,1261
"Emma","Smith",1978,11702,9621,9621
"Emma","Smith",1978,15554,5581,5581
"Emma","Smith",1978,17694,51,51
"Emma","Smith",1978,19142,3887,3887
"Emma","Smith",1979,13908,9990,9990
"Emma","Smith",1979,16791,3608,3608
"Emma","Smith",1979,19183,9522,9522
"Emma","Smith",1980,15647,130,130
"Emma","Smith",1980,18954,181,181
"Emma","Smith",1983,11587,7675,7675
"Emma","Smith",1984,12572,9796,9796
"Emma","Smith",1984,18386,3032,3032
"Emma","Smith",1984,19448,5566,5566
"Emma","Smith",1986,10759,7147,7147
"Emma","Smith",1987,13805,4312,4312
"Emma","Smith",1987,13865,2843,2843
"Emma","Smith",1989,12379,8737,8737
"Emma","Smith",1990,14217,4941,4941
"Emma","Smith",1990,14252,3801,3801
"Emma","Smith",1992,10567,7349,7349
"Emma","Smith",1992,14756,581,581
"Emma","Smith",1993,10350,4074,4074
"Emma","Smith",1994,10843,1252,1252
"Emma","Smith",1994,19041,3264,3264
"Emma","Smith",1995,19532,2280,2280
"Emma","Smith",1996,14553,5201,5201
"Emma","Smith",1996,18891,1876,1876
"Emma","Smith",1996,19530,4843,4843
"Emma","Smith",1997,11892,8433,8433
"Emma","Smith",1997,11979,1838,1838
"Emma","Smith",1998,12918,4252,4252
"Emma","Smith",1999,15443,3851,3851
"Emma","Williams",1970,13502,1422,1422
"Emma","Williams",1970,13631,8399,8399
"Emma","Williams",1970,15109,3120,3120
"Emma","Williams",1970,15937,3272,3272
"Emma","Williams",1971,12097,6775,6775
"Emma","Williams",1971,12393,1753,1753
"Emma","Williams",1971,13691,399,399
"Emma","Williams",1971,18110,2439,2439
"Emma","Williams",1972,14664,8893,8893
"Emma","Williams",1972,15543,140,140
"Emma","Williams",1973,13010,451,451
"Emma","Williams",1974,11199,659,659
"Emma","Williams",1974,12757,6727,6727
"Emma","Williams",1974,13713,4698,4698
"Emma","Williams",1975,10372,932,932
"Emma","Williams",1976,13341,217,217
"Emma","Williams",1976,17585,7289,7289
"Emma","Williams",1977,12735,17,17
"Emma","Williams",1977,14929,9481,9481
"Emma","Williams",1978,17510,5960,5960
"Emma","Williams",1979,14360,1012,1012
"Emma","Williams",1980,11819,5898,5898
"Emma","Williams",1981,14862,1970,1970
"Emma","Williams",1982,11966,7715,7715
"Emma","Williams",1982,13718,9718,9718
"Emma","Williams",1982,15970,563,563
"Emma","Williams",1983,11065,3088,3088
"Emma","Williams",1983,15137,1276,1276
"Emma","Williams",1984,11743,8222,8222
"Emma","Williams",1985,13797,8136,8136
"Emma","Williams",1985,17441,5507,5507
"Emma","Williams",1986,14332,5356,5356
"Emma","Williams",1987,14102,1602,1602
"Emma","Williams",1987,16141,3514,3514
"Emma","Williams",1988,13784,2534,2534
"Emma","Williams",1988,16120,3369,3369
"Emma","Williams",1989,14462,3331,3331
"Emma","Williams",1989,19119,6015,6015
"Emma","Williams",1990,19118,8912,8912
"Emma","Williams",1991,11888,489,489
"Emma","Williams",1993,13939,5386,5386
"Emma","Williams",1993,18647,2606,2606
"Emma","Williams",1994,12159,7668,7668
"Emma","Williams",1994,12462,712,712
"Emma","Williams",1994,13156,5870,5870
"Emma","Williams",1994,14277,5624,5624
"Emma","Williams",1994,17907,3134,3134
"Emma","Williams",1995,16825,8994,8994
"Emma","Williams",1996,10693,2664,2664
"Emma","Williams",1997,18804,435,435
"Emma","Williams",1998,11687,1481,1481
"Emma","Williams",1998,12094,6117,6117
"Emma","Williams",1998,12801,7487,7487
"James","Brown",1970,15762,2152,2152
"James","Brown",1970,19731,9296,9296
"James","Brown",1971,14156,1195,1195
"James","Brown",1973,14147,1005,1005
"James","Brown",1975,11815,7557,7557
"James","Brown",1975,12762,8730,8730
"James","Brown",1975,13628,2864,2864
"James","Brown",1975,14229,9182,9182
"James","Brown",1977,16967,1573,1573
"James","Brown",1977,18551,3119,3119
"James","Brown",1977,19190,1364,1364
"James","Brown",1978,10635,8358,8358
"James","Brown",1978,18956,8479,8479
"James","Brown",1980,11355,8856,8856
"James","Brown",1981,15866,8049,8049
"James","Brown",1982,10610,4916,4916
"James","Brown",1982,11684,5370,5370
"James","Brown",1983,14675,1022,1022
"James","Brown",1983,15279,4625,4625
"James","Brown",1983,17084,6063,6063
"James","Brown",1983,18424,2451,2451
"James","Brown",1985,13446,2826,2826
"James","Brown",1985,16035,6142,6142
"James","Brown",1985,19930,6860,6860
"James","Brown",1986,10036,6317,6317
"James","Brown",1986,19296,855,855
"James","Brown",1987,10803,4693,4693
"James","Brown",1987,13007,3421,3421
"James","Brown",1987,13579,1824,1824
"James","Brown",1987,15137,3900,3900
"James","Brown",1987,18652,904,904
"James","Brown",1988,14638,199,199
"James","Brown",1989,13840,8040,8040
"James","Brown",1989,13894,3477,3477
"James","Brown",1990,11376,2913,2913
"James","Brown",1990,15770,903,903
"James","Brown",1990,16170,800,800
"James","Brown",1990,16688,8838,8838
"James","Brown",1991,10871,9243,9243
"James","Brown",1991,11884,480,480
"James","Brown",1991,13881,4094,4094
"James","Brown",1991,15619,9683,9683
"James","Brown",1992,10455,1053,1053
"James","Brown",1992,10740,5413,5413
"James","Brown",1992,18492,4663,4663
"James","Brown",1992,18861,3795,3795
"James","Brown",1993,18675,2738,2738
"James","Brown",1994,11389,8137,8137
"James","Brown",1994,12931,6188,6188
"James","Brown",1994,15698,9313,9313
"James","Brown",1994,19086,9238,9238
"James","Brown",1995,11274,3716,3716
"James","Brown",1995,13583,9791,9791
"James","Brown",1995,13769,2989,2989
"James","Brown",1995,17858,8988,8988
"James","Brown",1996,10949,6219,6219
"James","Brown",1996,18695,2348,2348
"James","Brown",1997,15600,1678,1678
"James","Brown",1998,11202,3867,3867
"James","Brown",1998,17902,7159,7159
"James","Brown",1999,18755,801,801
"James","Davis",1971,12716,9897,9897
"James","Davis",1971,17122,4873,4873
"James","Davis",1972,14777,4776,4776
"James","Davis",1973,10055,1741,1741
"James","Davis",1973,10803,6408,6408
"James","Davis",1975,14404,1217,1217
"James","Davis",1976,17077,5837,5837
"James","Davis",1976,17786,1250,1250
"James","Davis",1978,15237,3805,3805
"James","Davis",1979,11586,1781,1781
"James","Davis",1979,13511,5701,5701
"James","Davis",1979,14116,1032,1032
"James","Davis",1980,15451,14,14
"James","Davis",1980,16525,814,814
"James","Davis",1980,17629,9410,9410
"James","Davis",1982,10133,2980,2980
"James","Davis",1982,14885,9958,9958
"James","Davis",1983,10400,8945,8945
"James","Davis",1984,18365,3715,3715
"James","Davis",1985,12215,869,869
"James","Davis",1985,18941,6741,6741
"James","Davis",1987,11173,7371,7371
"James","Davis",1990,12208,7235,7235
"James","Davis",1990,19024,3343,3343
"James","Davis",1991,17161,9750,9750
"James","Davis",1992,19329,6993,6993
"James","Davis",1992,19407,2704,2704
"James","Davis",1992,19929,2953,2953
"James","Davis",1993,10980,2744,2744
"James","Davis",1994,19607,280,280
"James","Davis",1995,10767,5833,5833
"James","Davis",1996,14833,5457,5457
"James","Davis",1996,17827,8142,8142
"James","Davis",1996,18110,2487,2487
"James","Davis",1997,15865,13,13
"James","Davis",1997,16813,8009,8009
"James","Davis",1998,16698,9097,9097
"James","Davis",2000,14265,2404,2404
"James","Davis",2000,19694,2238,2238
"James","Garcia",1970,15276,2396,2396
"James","Garcia",1970,18679,6480,6480
"James","Garcia",1973,13407,2037,2037
"James","Garcia",1974,12510,3129,3129
"James","Garcia",1974,19982,4735,4735
"James","Garcia",1975,14642,615,615
"James","Garcia",1977,15391,4759,4759
"James","Garcia",1977,19991,1666,1666
"James","Garcia",1978,11504,9549,9549
"James","Garcia",1978,17423,6927,6927
"James","Garcia",1978,18963,5208,5208
"James","Garcia",1979,10646,1975,1975
"James","Garcia",1979,16117,7120,7120
"James","Garcia",1980,11886,3739,3739
"James","Garcia",1982,14831,5150,5150
"James","Garcia",1982,15621,1885,1885
"James","Garcia",1983,12490,2829,2829
"James","Garcia",1984,11622,7473,7473
"James","Garcia",1987,13157,6600,6600
"James","Garcia",1987,14582,6514,6514
"James","Garcia",1988,12679,7558,7558
"James","Garcia",1989,14497,2667,2667
"James","Garcia",1989,19763,6265,6265
"James","Garcia",1990,11900,4701,4701
"James","Garcia",1990,19643,7190,7190
"James","Garcia",1992,12461,8891,8891
"James","Garcia",1992,13880,8290,8290
"James","Garcia",1993,18509,3442,3442
"James","Garcia",1994,10045,2952,2952
"James","Garcia",1994,13835,3167,3167
"James","Garcia",1994,14544,7971,7971
"James","Garcia",1994,16275,3931,3931
"James","Garcia",1995,15277,8807,8807
"James","Garcia",1996,16953,1715,1715
"James","Garcia",1997,13926,8965,8965
"James","Garcia",1997,13954,7737,7737
"James","Garcia",1997,15872,1521,1521
"James","Garcia",1998,14203,1799,1799
"James","Garcia",1998,16846,1594,1594
"James","Garcia",1998,17062,8080,8080
"James","Garcia",1998,17780,6791,6791
"James","Garcia",1999,18724,7548,7548
"James","Garcia",2000,12797,1941,1941
"James","Garcia",2000,14047,2243,2243
"James","Johnson",1972,11531,7719,7719
"James","Johnson",1972,17565,623,623
"James","Johnson",1973,11849,8256,8256
"James","Johnson",1973,11992,2496,2496
"James","Johnson",1973,13124,7969,7969
"James","Johnson",1973,15676,9462,9462
"James","Johnson",1973,16865,2823,2823
"James","Johnson",1974,10212,2138,2138
"James","Johnson",1975,13573,8104,8104
"James","Johnson",1976,11268,4362,4362
"James","Johnson",1977,19351,4322,4322
"James","Johnson",1978,10847,1531,1531
"James","Johnson",1979,10930,7355,7355
"James","Johnson",1979,11625,4314,4314
"James","Johnson",1979,12344,6042,6042
"James","Johnson",1979,15220,9627,9627
"James","Johnson",1980,10222,7288,7288
"James","Johnson",1981,10236,6179,6179
"James","Johnson",1981,12340,9159,9159
"James","Johnson",1982,10380,8728,8728
"James","Johnson",1982,10560,1002,1002
"James","Johnson",1982,14032,6901,6901
"James","Johnson",1982,16099,7646,7646
"James","Johnson",1983,14150,7738,7738
"James","Johnson",1983,15301,7441,7441
"James","Johnson",1983,16983,8075,8075
"James","Johnson",1983,17596,275,275
"James","Johnson",1984,10912,734,734
"James","Johnson",1984,17475,4111,4111
"James","Johnson",1985,18904,177,177
"James","Johnson",1985,19755,15,15
"James","Johnson",1986,15230,1363,1363
"James","Johnson",1987,11200,158,158
"James","Johnson",1987,11533,9,9
"James","Johnson",1987,11801,3928,3928
"James","Johnson",1987,18083,7892,7892
"James","Johnson",1988,11341,5314,5314
"James","Johnson",1988,14266,7654,7654
"James","Johnson",1988,16331,5541,5541
"James","Johnson",1989,14028,7682,7682
"James","Johnson",1990,10295,43,43
"James","Johnson",1990,18260,6048,6048
"James","Johnson",1991,11263,7858,7858
"James","Johnson",1992,12407,8461,8461
"James","Johnson",1993,14683,9526,9526
"James","Johnson",1993,15311,9482,9482
"James","Johnson",1993,16935,3551,3551
"James","Johnson",1993,17849,9675,9675
"James","Johnson",1994,19506,6010,6010
"James","Johnson",1995,11348,3092,3092
"James","Johnson",1995,15179,72,72
"James","Johnson",1995,16196,9059,9059
"James","Johnson",1996,17017,4124,4124
"James","Johnson",1997,13132,7967,7967
"James","Johnson",1997,14228,5172,5172
"James","Johnson",1998,13422,6195,6195
"James","Johnson",1998,13666,7958,7958
"James","Johnson",1998,19872,4553,4553
"James","Johnson",1999,13378,1652,1652
"James","Johnson",1999,19334,4619,4619
"James","Jones",1970,10774,9762,9762
"James","Jones",1970,12405,3110,3110
"James","Jones",1970,17893,8696,8696
"James","Jones",1971,10155,5260,5260
"James","Jones",1971,11583,9088,9088
"James","Jones",1971,15378,7052,7052
"James","Jones",1973,19787,9400,9400
"James","Jones",1974,15069,5014,5014
"James","Jones",1975,15075,4432,4432
"James","Jones",1975,15656,5764,5764
"James","Jones",1976,18992,5312,5312
"James","Jones",1977,12054,6164,6164
"James","Jones",1977,13837,5351,5351
"James","Jones",1977,15953,395,395
"James","Jones",1977,17893,4800,4800
"James","Jones",1977,17954,4788,4788
"James","Jones",1977,18796,9217,9217
"James","Jones",1978,10125,4591,4591
"James","Jones",1978,14079,1708,1708
"James","Jones",1979,18699,9841,9841
"James","Jones",1980,12600,7583,7583
"James","Jones",1980,13256,7905,7905
"James","Jones",1981,11256,5268,5268
"James","Jones",1981,11557,9642,9642
"James","Jones",1981,18622,9792,9792
"James","Jones",1982,16215,818,818
"James","Jones",1982,18307,1840,1840
"James","Jones",1983,17227,8451,8451
"James","Jones",1984,12530,5410,5410
"James","Jones",1984,14740,3163,3163
"James","Jones",1984,15831,9733,9733
"James","Jones",1985,14716,9270,9270
"James","Jones",1987,19707,7874,7874
"James","Jones",1988,10067,6080,6080
"James","Jones",1988,16289,9745,9745
"James","Jones",1989,12701,5053,5053
"James","Jones",1990,13128,9201,9201
"James","Jones",1990,13671,8062,8062
"James","Jones",1990,17555,778,778
"James","Jones",1991,16371,6654,6654
"James","Jones",1991,17541,5028,5028
"James","Jones",1991,19966,4660,4660
"James","Jones",1994,13141,9749,9749
"James","Jones",1994,18101,4069,4069
"James","Jones",1995,11087,819,819
"James","Jones",1995,11210,7005,7005
"James","Jones",1995,13546,37,37
"James","Jones",1997,10107,3875,3875
"James","Jones",1997,10799,3794,3794
"James","Jones",1997,12247,3506,3506
"James","Jones",1997,15566,1925,1925
"James","Jones",1998,16576,5917,5917
"James","Jones",1998,19725,5866,5866
"James","Jones",1999,11228,5035,5035
"James","Jones",1999,16488,6949,6949
"James","Martinez",1970,12976,4360,4360
"James","Martinez",1971,13890,6608,6608
"James","Martinez",1971,18398,2416,2416
"James","Martinez",1976,14345,5761,5761
"James","Martinez",1977,12125,225,225
"James","Martinez",1977,15931,8319,8319
"James","Martinez",1978,19550,4195,4195
"James","Martinez",1979,10978,1316,1316
"James","Martinez",1981,17753,4959,4959
"James","Martinez",1982,16044,7362,7362
"James","Martinez",1985,16938,572,572
"James","Martinez",1985,19753,8987,8987
"James","Martinez",1987,12554,4333,4333
"James","Martinez",1987,13525,8627,8627
"James","Martinez",1987,16828,9506,9506
"James","Martinez",1987,18024,4228,4228
"James","Martinez",1988,17657,8935,8935
"James","Martinez",1991,12282,549,549
"James","Martinez",1991,13689,1574,1574
"James","Martinez",1992,10093,4172,4172
"James","Martinez",1992,17214,4174,4174
"James","Martinez",1993,14335,4276,4276
"James","Martinez",1994,15846,1156,1156
"James","Martinez",1995,12116,8705,8705
"James","Martinez",1995,12487,1052,1052
"James","Martinez",1995,19356,245,245
"James","Martinez",1996,12677,4233,4233
"James","Martinez",1996,13280,1350,1350
"James","Martinez",1997,15600,1905,1905
"James","Martinez",1997,17534,857,857
"James","Martinez",1998,12485,9744,9744
"James","Martinez",1998,12743,9550,9550
"James","Martinez",1998,12993,2472,2472
"James","Martinez",1998,15268,9156,9156
"James","Martinez",1998,19693,6347,6347
"James","Miller",1971,17657,7917,7917
"James","Miller",1971,18153,1589,1589
"James","Miller",1972,14978,3206,3206
"James","Miller",1972,16699,3253,3253
"James","Miller",1973,11363,4065,4065
"James","Miller",1973,12620,4183,4183
"James","Miller",1975,18653,6801,6801
"James","Miller",1976,15340,9265,9265
"James","Miller",1976,15541,5007,5007
"James","Miller",1977,10123,3763,3763
"James","Miller",1978,14575,6853,6853
"James","Miller",1979,13314,7984,7984
"James","Miller",1979,18775,1064,1064
"James","Miller",1981,15620,343,343
"James","Miller",1981,16436,1834,1834
"James","Miller",1981,16652,4642,4642
"James","Miller",1981,19447,9086,9086
"James","Miller",1982,14416,7439,7439
"James","Miller",1982,15978,2552,2552
"James","Miller",1983,16456,8518,8518
"James","Miller",1984,14339,1754,1754
"James","Miller",1985,12467,7985,7985
"James","Miller",1985,16106,3228,3228
"James","Miller",1985,17430,8909,8909
"James","Miller",1986,14356,3376,3376
"James","Miller",1986,17384,2565,2565
"James","Miller",1987,13212,4073,4073
"James","Miller",1987,15776,589,589
"James","Miller",1987,18995,7795,7795
"James","Miller",1988,18303,8899,8899
"James","Miller",1989,13697,8794,8794
"James","Miller",1990,11469,9812,9812
"James","Miller",1991,10678,9218,9218
"James","Miller",1991,10789,2847,2847
"James","Miller",1991,16500,5153,5153
"James","Miller",1992,15579,3244,3244
"James","Miller",1994,11311,7326,7326
"James","Miller",1994,17159,9989,9989
"James","Miller",1994,19953,7245,7245
"James","Miller",1995,17203,3460,3460
"James","Miller",1995,18999,1775,1775
"James","Miller",1996,14406,2134,2134
"James","Miller",1996,16485,9597,9597
"James","Miller",1997,14684,5177,5177
"James","Miller",1998,10887,5030,5030
"James","Miller",1998,12204,5620,5620
"James","Miller",1999,11392,6387,6387
"James","Miller",1999,11960,3595,3595
"James","Miller",2000,13228,2077,2077
"James","Miller",2000,13864,3786,3786
"James","Rodriguez",1970,17312,7372,7372
"James","Rodriguez",1971,16331,4452,4452
"James","Rodriguez",1973,10657,2284,2284
"James","Rodriguez",1973,11631,334,334
"James","Rodriguez",1973,13445,3747,3747
"James","Rodriguez",1973,13780,2677,2677
"James","Rodriguez",1975,10399,1027,1027
"James","Rodriguez",1975,14203,716,716
"James","Rodriguez",1975,15981,1470,1470
"James","Rodriguez",1976,10653,6361,6361
"James","Rodriguez",1976,12650,5071,5071
"James","Rodriguez",1976,17911,1515,1515
"James","Rodriguez",1977,13715,4287,4287
"James","Rodriguez",1977,13810,9768,9768
"James","Rodriguez",1978,17729,510,510
"James","Rodriguez",1979,10524,9495,9495
"James","Rodriguez",1979,14450,8574,8574
"James","Rodriguez",1979,16922,5617,5617
"James","Rodriguez",1979,18597,6623,6623
"James","Rodriguez",1980,13260,7782,7782
"James","Rodriguez",1980,19605,5339,5339
"James","Rodriguez",1982,16311,7880,7880
"James","Rodriguez",1982,16673,68,68
"James","Rodriguez",1983,11869,8258,8258
"James","Rodriguez",1983,17713,626,626
"James","Rodriguez",1985,11606,5101,5101
"James","Rodriguez",1986,11184,7891,7891
"James","Rodriguez",1987,10461,6043,6043
"James","Rodriguez",1987,12892,7564,7564
"James","Rodriguez",1987,15743,6544,6544
"James","Rodriguez",1988,10402,8186,8186
"James","Rodriguez",1989,15296,3131,3131
"James","Rodriguez",1990,10113,4198,4198
"James","Rodriguez",1992,15433,3598,3598
"James","Rodriguez",1993,13917,6386,6386
"James","Rodriguez",1993,16327,5856,5856
"James","Rodriguez",1994,11412,1472,1472
"James","Rodriguez",1994,11537,7302,7302
"James","Rodriguez",1994,15987,8759,8759
"James","Rodriguez",1994,16553,3410,3410
"James","Rodriguez",1995,10966,1945,1945
"James","Rodriguez",1995,17345,9564,9564
"James","Rodriguez",1997,11268,9233,9233
"James","Rodriguez",1997,17876,3629,3629
"James","Rodriguez",1997,18979,9613,9613
"James","Rodriguez",1998,12494,3933,3933
"James","Rodriguez",1998,13295,2700,2700
"James","Rodriguez",1998,13889,4995,4995
"James","Rodriguez",2000,11047,5139,5139
"James","Rodriguez",2000,12359,4429,4429
"James","Smith",1970,13296,9498,9498
"James","Smith",1970,15841,7386,7386
"James","Smith",1971,11810,1474,1474
"James","Smith",1971,11921,7809,7809
"James","Smith",1971,13300,6509,6509
"James","Smith",1971,17686,9991,9991
"James","Smith",1973,11074,1263,1263
"James","Smith",1973,18462,3645,3645
"James","Smith",1975,17768,7437,7437
"James","Smith",1976,13943,6077,6077
"James","Smith",1976,15556,8182,8182
"James","Smith",1978,15820,935,935
"James","Smith",1978,16135,883,883
"James","Smith",1979,13359,168,168
"James","Smith",1980,14969,1624,1624
"James","Smith",1981,17006,1653,1653
"James","Smith",1981,18457,5813,5813
"James","Smith",1981,18579,259,259
"James","Smith",1984,14283,6883,6883
"James","Smith",1985,11659,4175,4175
"James","Smith",1987,10338,364,364
"James","Smith",1987,12233,47,47
"James","Smith",1987,16497,7699,7699
"James","Smith",1988,11417,5013,5013
"James","Smith",1988,12984,1323,1323
"James","Smith",1989,10054,5772,5772
"James","Smith",1990,19482,2671,2671
"James","Smith",1991,10900,8918,8918
"James","Smith",1991,15963,5643,5643
"James","Smith",1992,10262,7618,7618
"James","Smith",1992,13590,2196,2196
"James","Smith",1992,16367,4676,4676
"James","Smith",1993,10915,5535,5535
"James","Smith",1993,11052,381,381
"James","Smith",1993,12584,782,782
"James","Smith",1993,14265,9617,9617
"James","Smith",1993,15108,8160,8160
"James","Smith",1993,17107,6242,6242
"James","Smith",1993,17699,9917,9917
"James","Smith",1994,10718,2586,2586
"James","Smith",1994,14958,4594,4594
"James","Smith",1994,15973,7514,7514
"James","Smith",1994,16060,9861,9861
"James","Smith",1995,18344,8542,8542
"James","Smith",1996,19400,490,490
"James","Smith",2000,17405,7997,7997
"James","Smith",2000,17953,9685,9685
"James","Williams",1970,12227,67,67
"James","Williams",1972,15695,4293,4293
"James","Williams",1973,13917,5232,5232
"James","Williams",1976,10551,1785,1785
"James","Williams",1976,11070,5319,5319
"James","Williams",1977,10111,5894,5894
"James","Williams",1977,18126,7110,7110
"James","Williams",1978,18689,2257,2257
"James","Williams",1980,12868,4263,4263
"James","Williams",1980,14184,3305,3305
"James","Williams",1980,14338,3184,3184
"James","Williams",1980,19342,3336,3336
"James","Williams",1981,19607,4043,4043
"James","Williams",1982,11052,9730,9730
"James","Williams",1982,13914,2674,2674
"James","Williams",1982,16354,6937,6937
"James","Williams",1983,12315,9369,9369
"James","Williams",1983,12417,2221,2221
"James","Williams",1984,15539,7234,7234
"James","Williams",1984,19209,1046,1046
"James","Williams",1985,11896,6456,6456
"James","Williams",1986,13870,3686,3686
"James","Williams",1988,16831,6617,6617
"James","Williams",1989,10166,29,29
"James","Williams",1989,15911,6089,6089
"James","Williams",1989,19408,7480,7480
"James","Williams",1990,11215,8841,8841
"James","Williams",1990,14468,1224,1224
"James","Williams",1991,10529,9894,9894
"James","Williams",1992,15918,6504,6504
"James","Williams",1993,15526,7633,7633
"James","Williams",1995,12196,5625,5625
"James","Williams",1997,10375,9185,9185
"James","Williams",1999,11831,2524,2524
"James","Williams",1999,13630,2021,2021
"James","Williams",1999,18999,1702,1702
"James","Williams",1999,19867,5487,5487
"Jane","Brown",1970,17589,6181,6181
"Jane","Brown",1971,10524,6120,6120
"Jane","Brown",1971,13342,9589,9589
"Jane","Brown",1971,15012,8393,8393
"Jane","Brown",1971,15949,437,437
"Jane","Brown",1972,17381,8746,8746
"Jane","Brown",1973,15657,2518,2518
"Jane","Brown",1977,14378,7158,7158
"Jane","Brown",1977,15724,1288,1288
"Jane","Brown",1977,16380,3065,3065
"Jane","Brown",1977,17334,2990,2990
"Jane","Brown",1979,11339,7592,7592
"Jane","Brown",1979,15128,3503,3503
"Jane","Brown",1981,12717,3166,3166
"Jane","Brown",1981,14165,5078,5078
"Jane","Brown",1981,19395,2680,2680
"Jane","Brown",1983,17726,4918,4918
"Jane","Brown",1984,12089,3917,3917
"Jane","Brown",1984,14656,4763,4763
"Jane","Brown",1985,10116,1199,1199
"Jane","Brown",1985,11576,6673,6673
"Jane","Brown",1985,17761,7307,7307
"Jane","Brown",1986,13559,8356,8356
"Jane","Brown",1986,18989,7534,7534
"Jane","Brown",1988,19115,3904,3904
"Jane","Brown",1989,17017,453,453
"Jane","Brown",1990,14539,6770,6770
"Jane","Brown",1991,13836,5644,5644
"Jane","Brown",1991,16210,4718,4718
"Jane","Brown",1992,19548,3903,3903
"Jane","Brown",1992,19728,8490,8490
"Jane","Brown",1993,14372,7253,7253
"Jane","Brown",1993,15295,8595,8595
"Jane","Brown",1993,18062,8496,8496
"Jane","Brown",1993,19085,8701,8701
"Jane","Brown",1995,13044,41,41
"Jane","Brown",1996,10503,1255,1255
"Jane","Brown",1996,12841,1675,1675
"Jane","Brown",1999,16554,3396,3396
"Jane","Brown",2000,12653,8941,8941
"Jane","Brown",2000,16490,7658,7658
"Jane","Brown",2000,18872,3891,3891
"Jane","Davis",1970,11312,2820,2820
"Jane","Davis",1971,11750,8192,8192
"Jane","Davis",1971,11866,9874,9874
"Jane","Davis",1973,11338,4622,4622
"Jane","Davis",1973,16961,4957,4957
"Jane","Davis",1975,11197,6220,6220
"Jane","Davis",1975,13317,9537,9537
"Jane","Davis",1976,16910,1904,1904
"Jane","Davis",1976,19669,5182,5182
"Jane","Davis",1980,10858,828,828
"Jane","Davis",1980,18036,243,243
"Jane","Davis",1981,15220,6491,6491
"Jane","Davis",1981,16110,5288,5288
"Jane","Davis",1982,13488,8398,8398
"Jane","Davis",1982,13898,6635,6635
"Jane","Davis",1982,16905,7061,7061
"Jane","Davis",1983,11956,8972,8972
"Jane","Davis",1983,16290,1513,1513
"Jane","Davis",1984,14025,1746,1746
"Jane","Davis",1984,18779,4499,4499
"Jane","Davis",1985,18275,2508,2508
"Jane","Davis",1986,17065,4331,4331
"Jane","Davis",1988,16956,5054,5054
"Jane","Davis",1988,18893,7550,7550
"Jane","Davis",1989,10129,2694,2694
"Jane","Davis",1992,13163,6274,6274
"Jane","Davis",1993,12971,3023,3023
"Jane","Davis",1993,12997,3704,3704
"Jane","Davis",1994,12715,3216,3216
"Jane","Davis",1994,14403,5884,5884
"Jane","Davis",1994,17559,4469,4469
"Jane","Davis",1995,11519,5927,5927
"Jane","Davis",1995,13031,4389,4389
"Jane","Davis",1996,10357,5085,5085
"Jane","Davis",1996,12741,4891,4891
"Jane","Davis",1996,18149,9538,9538
"Jane","Davis",1997,10447,2673,2673
"Jane","Davis",1997,14513,7928,7928
"Jane","Davis",1997,18553,3977,3977
"Jane","Davis",1998,14158,849,849
"Jane","Davis",1999,16048,5843,5843
"Jane","Davis",1999,16969,2505,2505
"Jane","Garcia",1971,13177,6851,6851
"Jane","Garcia",1971,15515,9884,9884
"Jane","Garcia",1971,19483,2214,2214
"Jane","Garcia",1972,14804,3224,3224
"Jane","Garcia",1973,11242,1884,1884
"Jane","Garcia",1973,16872,2467,2467
"Jane","Garcia",1973,17564,2229,2229
"Jane","Garcia",1974,11067,4682,4682
"Jane","Garcia",1974,17930,8523,8523
"Jane","Garcia",1974,18234,3218,3218
"Jane","Garcia",1975,10062,3823,3823
"Jane","Garcia",1977,15355,7532,7532
"Jane","Garcia",1977,15728,1449,1449
"Jane","Garcia",1978,15832,2641,2641
"Jane","Garcia",1979,14849,6092,6092
"Jane","Garcia",1979,18059,3757,3757
"Jane","Garcia",1979,18210,8109,8109
"Jane","Garcia",1979,19851,3861,3861
"Jane","Garcia",1982,13358,5202,5202
"Jane","Garcia",1982,16057,6678,6678
"Jane","Garcia",1984,19423,281,281
"Jane","Garcia",1984,19442,4990,4990
"Jane","Garcia",1985,10761,5519,5519
"Jane","Garcia",1985,11368,8269,8269
"Jane","Garcia",1985,17198,8548,8548
"Jane","Garcia",1985,18078,9298,9298
"Jane","Garcia",1987,15665,8682,8682
"Jane","Garcia",1988,15516,8720,8720
"Jane","Garcia",1989,17309,4047,4047
"Jane","Garcia",1989,19775,484,484
"Jane","Garcia",1990,17413,673,673
"Jane","Garcia",1991,15612,6025,6025
"Jane","Garcia",1992,16295,9116,9116
"Jane","Garcia",1992,19099,6765,6765
"Jane","Garcia",1993,18514,3425,3425
"Jane","Garcia",1996,11968,8450,8450
"Jane","Garcia",1996,14391,4258,4258
"Jane","Garcia",1997,16227,339,339
"Jane","Garcia",1998,16197,4334,4334
"Jane","Garcia",1999,11924,426,426
"Jane","Garcia",1999,19138,846,846
"Jane","Garcia",2000,16348,3458,3458
"Jane","Garcia",2000,19872,1866,1866
"Jane","Johnson",1970,11342,3103,3103
"Jane","Johnson",1970,18408,9074,9074
"Jane","Johnson",1971,12844,971,971
"Jane","Johnson",1972,11837,9860,9860
"Jane","Johnson",1972,17275,4083,4083
"Jane","Johnson",1973,14749,5130,5130
"Jane","Johnson",1975,17285,9143,9143
"Jane","Johnson",1975,18699,6986,6986
"Jane","Johnson",1976,13669,3970,3970
"Jane","Johnson",1976,17697,5607,5607
"Jane","Johnson",1977,10200,6947,6947
"Jane","Johnson",1977,14753,2248,2248
"Jane","Johnson",1977,17783,7834,7834
"Jane","Johnson",1979,10303,4395,4395
"Jane","Johnson",1979,11426,1570,1570
"Jane","Johnson",1979,15673,7418,7418
"Jane","Johnson",1979,19351,7966,7966
"Jane","Johnson",1980,13316,7833,7833
"Jane","Johnson",1982,10709,1419,1419
"Jane","Johnson",1982,12132,9525,9525
"Jane","Johnson",1983,10869,4020,4020
"Jane","Johnson",1983,11919,8667,8667
"Jane","Johnson",1983,15952,2894,2894
"Jane","Johnson",1984,13018,8173,8173
"Jane","Johnson",1984,14503,7303,7303
"Jane","Johnson",1984,17250,2802,2802
"Jane","Johnson",1984,17878,9929,9929
"Jane","Johnson",1985,12252,7433,7433
"Jane","Johnson",1985,19883,9509,9509
"Jane","Johnson",1986,16024,4261,4261
"Jane","Johnson",1988,17213,3387,3387
"Jane","Johnson",1990,15549,8452,8452
"Jane","Johnson",1991,11171,1004,1004
"Jane","Johnson",1991,14789,9151,9151
"Jane","Johnson",1992,10383,315,315
"Jane","Johnson",1993,13373,6404,6404
"Jane","Johnson",1993,16035,7991,7991
"Jane","Johnson",1993,17961,4181,4181
"Jane","Johnson",1995,10348,3785,3785
"Jane","Johnson",1995,16703,2061,2061
"Jane","Johnson",1996,11123,6815,6815
"Jane","Johnson",1996,12481,6321,6321
"Jane","Johnson",1996,16308,1311,1311
"Jane","Johnson",1996,16647,2987,2987
"Jane","Johnson",1997,11757,3123,3123
"Jane","Johnson",1997,15270,8200,8200
"Jane","Johnson",1998,11378,3447,3447
"Jane","Johnson",1998,11647,8989,8989
"Jane","Johnson",1998,12760,8422,8422
"Jane","Johnson",1998,14041,8726,8726
"Jane","Johnson",1998,15173,5390,5390
"Jane","Johnson",1999,11497,6656,6656
"Jane","Johnson",1999,11637,5421,5421
"Jane","Johnson",1999,14267,9082,9082
"Jane","Johnson",2000,12496,1302,1302
"Jane","Johnson",2000,15308,385,385
"Jane","Johnson",2000,19508,9094,9094
"Jane","Jones",1971,13239,7361,7361
"Jane","Jones",1972,13478,5120,5120
"Jane","Jones",1972,16044,5175,5175
"Jane","Jones",1972,17605,8311,8311
"Jane","Jones",1975,14335,4570,4570
"Jane","Jones",1975,15610,4734,4734
"Jane","Jones",1975,17052,7470,7470
"Jane","Jones",1976,11143,2761,2761
"Jane","Jones",1976,18150,8322,8322
"Jane","Jones",1977,10400,2491,2491
"Jane","Jones",1978,11892,8279,8279
"Jane","Jones",1979,12315,7244,7244
"Jane","Jones",1980,11705,1400,1400
"Jane","Jones",1982,12913,977,977
"Jane","Jones",1982,17565,2648,2648
"Jane","Jones",1982,18117,3221,3221
"Jane","Jones",1983,10059,1582,1582
"Jane","Jones",1984,16237,9691,9691
"Jane","Jones",1985,12831,1821,1821
"Jane","Jones",1986,13143,1719,1719
"Jane","Jones",1986,14294,8522,8522
"Jane","Jones",1987,10286,4402,4402
"Jane","Jones",1987,15292,705,705
"Jane","Jones",1987,17386,4538,4538
"Jane","Jones",1987,19623,5405,5405
"Jane","Jones",1987,19777,7591,7591
"Jane","Jones",1988,15282,3711,3711
"Jane","Jones",1989,18537,8949,8949
"Jane","Jones",1990,13143,2306,2306
"Jane","Jones",1990,14440,9064,9064
"Jane","Jones",1991,12461,9099,9099
"Jane","Jones",1992,10299,3449,3449
"Jane","Jones",1992,12250,3855,3855
"Jane","Jones",1993,12412,5629,5629
"Jane","Jones",1994,15480,5806,5806
"Jane","Jones",1996,10052,2266,2266
"Jane","Jones",1996,11419,7511,7511
"Jane","Jones",1996,13336,1667,1667
"Jane","Jones",1998,12968,9959,9959
"Jane","Jones",1998,13388,5433,5433
"Jane","Jones",1998,13422,1434,1434
"Jane","Jones",1998,15215,2359,2359
"Jane","Jones",1999,16325,6857,6857
"Jane","Martinez",1970,12282,8237,8237
"Jane","Martinez",1970,14259,3426,3426
"Jane","Martinez",1971,15098,534,534
"Jane","Martinez",1971,17134,6110,6110
"Jane","Martinez",1971,18830,7973,7973
"Jane","Martinez",1972,18763,7754,7754
"Jane","Martinez",1974,10190,7071,7071
"Jane","Martinez",1974,17422,9671,9671
"Jane","Martinez",1975,13314,2891,2891
"Jane","Martinez",1975,14212,6607,6607
"Jane","Martinez",1976,13663,558,558
"Jane","Martinez",1977,12667,7191,7191
"Jane","Martinez",1978,19779,8783,8783
"Jane","Martinez",1979,10361,1318,1318
"Jane","Martinez",1979,15278,1658,1658
"Jane","Martinez",1979,19994,2311,2311
"Jane","Martinez",1981,14802,5608,5608
"Jane","Martinez",1981,17715,3712,3712
"Jane","Martinez",1982,15914,1310,1310
"Jane","Martinez",1982,18756,210,210
"Jane","Martinez",1983,12045,8555,8555
"Jane","Martinez",1983,19107,9067,9067
"Jane","Martinez",1984,11570,9694,9694
"Jane","Martinez",1986,13311,4501,4501
"Jane","Martinez",1986,13538,8138,8138
"Jane","Martinez",1987,11954,1017,1017
"Jane","Martinez",1987,13414,9204,9204
"Jane","Martinez",1987,16634,9620,9620
"Jane","Martinez",1992,14041,706,706
"Jane","Martinez",1992,19317,2353,2353
"Jane","Martinez",1993,11220,1109,1109
"Jane","Martinez",1993,14766,3108,3108
"Jane","Martinez",1993,19657,9112,9112
"Jane","Martinez",1995,11708,2642,2642
"Jane","Martinez",1995,17454,3998,3998
"Jane","Martinez",1998,14600,6974,6974
"Jane","Martinez",1999,12080,3611,3611
"Jane","Martinez",1999,14276,3815,3815
"Jane","Martinez",2000,11440,6475,6475
"Jane","Martinez",2000,14034,4856,4856
"Jane","Miller",1970,11705,3200,3200
"Jane","Miller",1970,14814,6810,6810
"Jane","Miller",1974,14606,1499,1499
"Jane","Miller",1975,16335,4952,4952
"Jane","Miller",1976,19466,6562,6562
"Jane","Miller",1976,19724,3045,3045
"Jane","Miller",1978,12736,2589,2589
"Jane","Miller",1979,10704,8004,8004
"Jane","Miller",1979,13544,2460,2460
"Jane","Miller",1980,11754,686,686
"Jane","Miller",1981,11043,9240,9240
"Jane","Miller",1981,19323,8336,8336
"Jane","Miller",1982,11339,6053,6053
"Jane","Miller",1982,12503,861,861
"Jane","Miller",1982,19175,2613,2613
"Jane","Miller",1983,16270,5961,5961
"Jane","Miller",1984,12000,7775,7775
"Jane","Miller",1984,14074,5875,5875
"Jane","Miller",1984,17110,8570,8570
"Jane","Miller",1985,14020,8206,8206
"Jane","Miller",1986,12564,7656,7656
"Jane","Miller",1986,14590,8883,8883
"Jane","Miller",1986,19307,2679,2679
"Jane","Miller",1987,10117,2415,2415
"Jane","Miller",1988,15542,9912,9912
"Jane","Miller",1988,15666,6056,6056
"Jane","Miller",1989,18025,1480,1480
"Jane","Miller",1991,12917,3029,3029
"Jane","Miller",1991,14007,2173,2173
"Jane","Miller",1991,16469,5042,5042
"Jane","Miller",1991,16656,1507,1507
"Jane","Miller",1992,10657,9305,9305
"Jane","Miller",1992,14052,965,965
"Jane","Miller",1993,10661,7046,7046
"Jane","Miller",1993,18176,5366,5366
"Jane","Miller",1994,10210,4420,4420
"Jane","Miller",1995,11263,4699,4699
"Jane","Miller",1996,13548,3453,3453
"Jane","Miller",1996,18502,6915,6915
"Jane","Miller",1997,11087,7903,7903
"Jane","Miller",1999,16050,6899,6899
"Jane","Miller",1999,19380,5786,5786
"Jane","Rodriguez",1970,12179,5865,5865
"Jane","Rodriguez",1970,17483,9873,9873
"Jane","Rodriguez",1971,13459,3604,3604
"Jane","Rodriguez",1971,14361,3778,3778
"Jane","Rodriguez",1972,11831,646,646
"Jane","Rodriguez",1972,14502,9626,9626
"Jane","Rodriguez",1972,16398,4408,4408
"Jane","Rodriguez",1972,18021,4457,4457
"Jane","Rodriguez",1973,12539,9461,9461
"Jane","Rodriguez",1973,16962,813,813
"Jane","Rodriguez",1974,12326,6858,6858
"Jane","Rodriguez",1975,14032,3665,3665
"Jane","Rodriguez",1975,18904,5751,5751
"Jane","Rodriguez",1976,16482,4586,4586
"Jane","Rodriguez",1977,17074,7766,7766
"Jane","Rodriguez",1978,19521,8641,8641
"Jane","Rodriguez",1979,10233,6954,6954
"Jane","Rodriguez",1982,15424,2366,2366
"Jane","Rodriguez",1983,11256,8177,8177
"Jane","Rodriguez",1983,18380,4647,4647
"Jane","Rodriguez",1985,10439,2136,2136
"Jane","Rodriguez",1985,13368,9319,9319
"Jane","Rodriguez",1985,19117,9987,9987
"Jane","Rodriguez",1986,15985,3223,3223
"Jane","Rodriguez",1988,12503,238,238
"Jane","Rodriguez",1988,13308,1581,1581
"Jane","Rodriguez",1990,10673,4992,4992
"Jane","Rodriguez",1990,18302,8219,8219
"Jane","Rodriguez",1993,14594,5072,5072
"Jane","Rodriguez",1993,17024,6856,6856
"Jane","Rodriguez",1993,17295,9942,9942
"Jane","Rodriguez",1993,19374,9767,9767
"Jane","Rodriguez",1994,17365,6870,6870
"Jane","Rodriguez",1995,16694,8946,8946
"Jane","Rodriguez",1997,19228,1508,1508
"Jane","Rodriguez",1998,13479,3445,3445
"Jane","Smith",1971,13802,8692,8692
"Jane","Smith",1974,17679,9953,9953
"Jane","Smith",1974,19393,8486,8486
"Jane","Smith",1975,10474,2652,2652
"Jane","Smith",1975,19997,440,440
"Jane","Smith",1977,11345,9536,9536
"Jane","Smith",1977,14216,6457,6457
"Jane","Smith",1977,15325,2385,2385
"Jane","Smith",1978,13804,2992,2992
"Jane","Smith",1978,15332,6450,6450
"Jane","Smith",1979,17903,6828,6828
"Jane","Smith",1980,17441,3347,3347
"Jane","Smith",1980,17516,2029,2029
"Jane","Smith",1981,12972,9079,9079
"Jane","Smith",1981,19122,6373,6373
"Jane","Smith",1982,12066,1322,1322
"Jane","Smith",1982,15908,3074,3074
"Jane","Smith",1982,18662,8940,8940
"Jane","Smith",1983,10956,7507,7507
"Jane","Smith",1983,14076,3942,3942
"Jane","Smith",1984,10017,7037,7037
"Jane","Smith",1986,17749,6983,6983
"Jane","Smith",1987,17941,1766,1766
"Jane","Smith",1989,18321,3232,3232
"Jane","Smith",1991,12258,6677,6677
"Jane","Smith",1991,17834,4386,4386
"Jane","Smith",1991,19458,1592,1592
"Jane","Smith",1991,19908,6505,6505
"Jane","Smith",1993,13858,612,612
"Jane","Smith",1994,18671,9287,9287
"Jane","Smith",1995,15475,3524,3524
"Jane","Smith",1996,15318,9472,9472
"Jane","Smith",1997,11429,763,763
"Jane","Smith",1997,15740,4648,4648
"Jane","Smith",1997,16052,694,694
"Jane","Smith",2000,12241,7146,7146
"Jane","Smith",2000,13698,631,631
"Jane","Smith",2000,17845,704,704
"Jane","Williams",1970,11065,4537,4537
"Jane","Williams",1970,12508,2926,2926
"Jane","Williams",1970,13503,86,86
"Jane","Williams",1970,18431,9071,9071
"Jane","Williams",1971,16651,8656,8656
"Jane","Williams",1972,12231,683,683
"Jane","Williams",1972,17728,6742,6742
"Jane","Williams",1973,13738,7541,7541
"Jane","Williams",1973,16163,5919,5919
"Jane","Williams",1973,17922,9566,9566
"Jane","Williams",1974,10212,7527,7527
"Jane","Williams",1974,14571,2790,2790
"Jane","Williams",1974,19526,8302,8302
"Jane","Williams",1976,11943,3326,3326
"Jane","Williams",1976,14441,998,998
"Jane","Williams",1976,18834,4434,4434
"Jane","Williams",1976,19262,6351,6351
"Jane","Williams",1976,19571,2898,2898
"Jane","Williams",1977,15442,9146,9146
"Jane","Williams",1978,10232,3807,3807
"Jane","Williams",1978,12059,3133,3133
"Jane","Williams",1978,12218,871,871
"Jane","Williams",1978,19187,236,236
"Jane","Williams",1979,16007,8645,8645
"Jane","Williams",1979,18496,3320,3320
"Jane","Williams",1979,19361,9354,9354
"Jane","Williams",1980,15548,7497,7497
"Jane","Williams",1981,12461,6543,6543
"Jane","Williams",1981,14883,4316,4316
"Jane","Williams",1981,19994,3648,3648
"Jane","Williams",1982,12283,881,881
"Jane","Williams",1982,16979,6649,6649
"Jane","Williams",1983,14363,1070,1070
"Jane","Williams",1983,18942,4425,4425
"Jane","Williams",1985,13261,6004,6004
"Jane","Williams",1986,10865,2670,2670
"Jane","Williams",1986,11859,7919,7919
"Jane","Williams",1986,16894,6172,6172
"Jane","Williams",1987,17787,9110,9110
"Jane","Williams",1988,11504,3217,3217
"Jane","Williams",1988,17703,3281,3281
"Jane","Williams",1988,17848,2334,2334
"Jane","Williams",1992,10378,5515,5515
"Jane","Williams",1992,15336,3628,3628
"Jane","Williams",1993,10516,6039,6039
"Jane","Williams",1993,13123,7625,7625
"Jane","Williams",1994,10826,9477,9477
"Jane","Williams",1994,16059,6022,6022
"Jane","Williams",1995,19490,3542,3542
"Jane","Williams",1996,14413,4555,4555
"Jane","Williams",1997,14037,5135,5135
"Jane","Williams",1998,11124,9606,9606
"John","Brown",1970,15197,1338,1338
"John","Brown",1971,15665,8066,8066
"John","Brown",1971,16149,1207,1207
"John","Brown",1973,16255,4162,4162
"John","Brown",1973,18907,661,661
"John","Brown",1975,10164,5775,5775
"John","Brown",1975,13186,8654,8654
"John","Brown",1975,16391,2489,2489
"John","Brown",1976,13319,8300,8300
"John","Brown",1976,15503,9181,9181
"John","Brown",1976,19365,6268,6268
"John","Brown",1976,19414,2458,2458
"John","Brown",1977,18246,764,764
"John","Brown",1978,11613,419,419
"John","Brown",1979,19016,9785,9785
"John","Brown",1980,13747,9057,9057
"John","Brown",1981,10141,1743,1743
"John","Brown",1981,19455,6818,6818
"John","Brown",1984,13810,2066,2066
"John","Brown",1984,15067,5055,5055
"John","Brown",1984,15994,1989,1989
"John","Brown",1986,10495,1912,1912
"John","Brown",1986,10512,9091,9091
"John","Brown",1986,17308,4169,4169
"John","Brown",1986,17775,3256,3256
"John","Brown",1986,18640,3964,3964
"John","Brown",1988,13281,6200,6200
"John","Brown",1988,16452,7988,7988
"John","Brown",1989,12111,2889,2889
"John","Brown",1990,10679,4729,4729
"John","Brown",1991,13437,1664,1664
"John","Brown",1991,15816,322,322
"John","Brown",1992,12259,3839,3839
"John","Brown",1992,13653,3341,3341
"John","Brown",1993,10231,3357,3357
"John","Brown",1993,19164,9869,9869
"John","Brown",1994,10595,7726,7726
"John","Brown",1994,12484,3481,3481
"John","Brown",1994,14262,8323,8323
"John","Brown",1994,17538,1492,1492
"John","Brown",1997,10355,1930,1930
"John","Brown",1997,16459,6548,6548
"John","Brown",1997,18044,6401,6401
"John","Brown",1997,19978,7469,7469
"John","Brown",1999,15609,6371,6371
"John","Brown",2000,16546,8000,8000
"John","Davis",1970,13747,2531,2531
"John","Davis",1970,18963,7325,7325
"John","Davis",1971,11517,3914,3914
"John","Davis",1971,19587,1516,1516
"John","Davis",1973,14299,90,90
"John","Davis",1973,16082,5962,5962
"John","Davis",1974,12067,8617,8617
"John","Davis",1974,19861,4447,4447
"John","Davis",1975,12892,7684,7684
"John","Davis",1975,13947,5353,5353
"John","Davis",1975,16037,9323,9323
"John","Davis",1976,11971,5195,5195
"John","Davis",1976,14298,3139,3139
"John","Davis",1976,19789,2836,2836
"John","Davis",1977,12141,2246,2246
"John","Davis",1977,13178,7951,7951
"John","Davis",1977,18067,4580,4580
"John","Davis",1978,13690,5426,5426
"John","Davis",1978,16002,1196,1196
"John","Davis",1978,17858,5876,5876
"John","Davis",1979,12352,6026,6026
"John","Davis",1980,12860,1709,1709
"John","Davis",1982,11837,9770,9770
"John","Davis",1982,13034,843,843
"John","Davis",1983,12282,3873,3873
"John","Davis",1986,13009,2555,2555
"John","Davis",1986,19640,5247,5247
"John","Davis",1988,18884,2939,2939
"John","Davis",1990,12229,9816,9816
"John","Davis",1990,15484,5393,5393
"John","Davis",1991,10547,1239,1239
"John","Davis",1991,12145,8931,8931
"John","Davis",1991,19747,9231,9231
"John","Davis",1992,13843,9936,9936
"John","Davis",1994,19213,6971,6971
"John","Davis",1995,10871,7621,7621
"John","Davis",1995,12830,2583,2583
"John","Davis",1995,18939,8472,8472
"John","Davis",1997,15834,2757,2757
"John","Davis",1998,17830,1844,1844
"John","Davis",1998,19201,7445,7445
"John","Davis",1999,11826,8571,8571
"John","Davis",1999,16453,2904,2904
"John","Davis",1999,19499,493,493
"John","Davis",2000,10970,1559,1559
"John","Davis",2000,13549,6196,6196
"John","Garcia",1970,15864,6400,6400
"John","Garcia",1970,17230,7836,7836
"John","Garcia",1970,19824,4216,4216
"John","Garcia",1971,11632,8715,8715
"John","Garcia",1971,18454,7665,7665
"John","Garcia",1971,18610,6855,6855
"John","Garcia",1972,16361,3017,3017
"John","Garcia",1972,16418,5460,5460
"John","Garcia",1973,16818,2946,2946
"John","Garcia",1973,19358,3620,3620
"John","Garcia",1974,13575,552,552
"John","Garcia",1974,19401,8100,8100
"John","Garcia",1975,12384,1062,1062
"John","Garcia",1975,15721,5939,5939
"John","Garcia",1976,18725,8155,8155
"John","Garcia",1978,10246,2787,2787
"John","Garcia",1978,16624,6750,6750
"John","Garcia",1979,12397,7204,7204
"John","Garcia",1979,13400,984,984
"John","Garcia",1979,18926,3511,3511
"John","Garcia",1980,11012,2881,2881
"John","Garcia",1980,12879,8351,8351
"John","Garcia",1980,15341,1850,1850
"John","Garcia",1982,15505,1200,1200
"John","Garcia",1982,19257,5291,5291
"John","Garcia",1983,10342,1491,1491
"John","Garcia",1984,13196,6605,6605
"John","Garcia",1984,14006,9960,9960
"John","Garcia",1984,16266,6293,6293
"John","Garcia",1984,17204,9366,9366
"John","Garcia",1984,19627,7225,7225
"John","Garcia",1985,10818,7040,7040
"John","Garcia",1986,16112,3818,3818
"John","Garcia",1986,16927,8096,8096
"John","Garcia",1986,18317,863,863
"John","Garcia",1987,11581,2521,2521
"John","Garcia",1987,11826,2739,2739
"John","Garcia",1988,15851,1946,1946
"John","Garcia",1989,15194,311,311
"John","Garcia",1989,18820,8307,8307
"John","Garcia",1990,18370,4403,4403
"John","Garcia",1990,19335,5733,5733
"John","Garcia",1991,12032,3459,3459
"John","Garcia",1992,14731,7166,7166
"John","Garcia",1992,14768,3183,3183
"John","Garcia",1993,16805,1926,1926
"John","Garcia",1995,15300,5955,5955
"John","Garcia",1998,10702,6182,6182
"John","Garcia",1998,12308,6253,6253
"John","Garcia",2000,15341,5558,5558
"John","Garcia",2000,16663,2717,2717
"John","Garcia",2000,17861,7101,7101
"John","Garcia",2000,18840,6945,6945
"John","Johnson",1970,15986,5696,5696
"John","Johnson",1970,17395,3872,3872
"John","Johnson",1970,19383,3040,3040
"John","Johnson",1972,12619,4996,4996
"John","Johnson",1972,16422,6237,6237
"John","Johnson",1973,12985,3938,3938
"John","Johnson",1973,13446,188,188
"John","Johnson",1973,13482,5462,5462
"John","Johnson",1973,13495,2958,2958
"John","Johnson",1974,15342,8580,8580
"John","Johnson",1974,18266,5057,5057
"John","Johnson",1975,19107,2157,2157
"John","Johnson",1976,13993,4082,4082
"John","Johnson",1977,10522,7353,7353
"John","Johnson",1977,19195,7821,7821
"John","Johnson",1977,19533,2206,2206
"John","Johnson",1978,14620,3677,3677
"John","Johnson",1979,11854,3391,3391
"John","Johnson",1980,16436,6306,6306
"John","Johnson",1982,15014,6813,6813
"John","Johnson",1982,18493,9596,9596
"John","Johnson",1985,11100,5336,5336
"John","Johnson",1985,11474,497,497
"John","Johnson",1986,16498,8208,8208
"John","Johnson",1986,17100,6044,6044
"John","Johnson",1987,13665,8074,8074
"John","Johnson",1987,19073,4048,4048
"John","Johnson",1988,13487,1140,1140
"John","Johnson",1989,12955,2920,2920
"John","Johnson",1990,15687,2070,2070
"John","Johnson",1991,18571,2362,2362
"John","Johnson",1992,13534,7556,7556
"John","Johnson",1992,13804,3826,3826
"John","Johnson",1993,17997,1010,1010
"John","Johnson",1994,10775,8191,8191
"John","Johnson",1994,17047,2420,2420
"John","Johnson",1994,18665,2824,2824
"John","Johnson",1994,19076,8834,8834
"John","Johnson",1995,17683,370,370
"John","Johnson",1996,15021,7680,7680
"John","Johnson",1996,15390,6943,6943
"John","Johnson",1996,16953,8577,8577
"John","Johnson",1997,14578,976,976
"John","Johnson",1998,14765,237,237
"John","Johnson",1998,18621,8366,8366
"John","Jones",1970,16751,5577,5577
"John","Jones",1971,15487,8562,8562
"John","Jones",1971,16750,7316,7316
"John","Jones",1973,13197,8901,8901
"John","Jones",1973,19055,5718,5718
"John","Jones",1974,10475,8231,8231
"John","Jones",1974,13949,7922,7922
"John","Jones",1974,15128,713,713
"John","Jones",1975,12977,6137,6137
"John","Jones",1975,16826,3159,3159
"John","Jones",1975,18191,6715,6715
"John","Jones",1975,19601,4572,4572
"John","Jones",1976,17645,8315,8315
"John","Jones",1977,15695,2736,2736
"John","Jones",1979,10125,4189,4189
"John","Jones",1979,15737,2167,2167
"John","Jones",1979,18051,1266,1266
"John","Jones",1981,14861,9979,9979
"John","Jones",1981,18501,4393,4393
"John","Jones",1984,14749,8275,8275
"John","Jones",1985,12470,6841,6841
"John","Jones",1985,19121,9856,9856
"John","Jones",1988,16862,5796,5796
"John","Jones",1989,19260,8502,8502
"John","Jones",1991,16174,8043,8043
"John","Jones",1993,12551,4013,4013
"John","Jones",1993,17503,5788,5788
"John","Jones",1994,12223,3073,3073
"John","Jones",1994,12418,3286,3286
"John","Jones",1994,14881,7539,7539
"John","Jones",1994,17496,1129,1129
"John","Jones",1995,12803,1187,1187
"John","Jones",1995,19315,3515,3515
"John","Jones",1996,11160,8926,8926
"John","Jones",1996,11440,2975,2975
"John","Jones",1996,11597,2817,2817
"John","Jones",1996,14792,966,966
"John","Jones",1996,19008,150,150
"John","Jones",1997,14657,2147,2147
"John","Jones",1997,18832,226,226
"John","Jones",1997,19765,1051,1051
"John","Jones",1998,16631,5653,5653
"John","Jones",1998,19000,3085,3085
"John","Jones",1999,14741,9876,9876
"John","Jones",1999,19228,3102,3102
"John","Jones",2000,14782,602,602
"John","Martinez",1970,10128,1203,1203
"John","Martinez",1971,15711,6370,6370
"John","Martinez",1971,18463,6341,6341
"John","Martinez",1972,13727,5430,5430
"John","Martinez",1972,15113,1757,1757
"John","Martinez",1974,12374,3365,3365
"John","Martinez",1974,14751,9187,9187
"John","Martinez",1975,12312,5437,5437
"John","Martinez",1975,16779,6093,6093
"John","Martinez",1976,12196,8151,8151
"John","Martinez",1976,16153,9994,9994
"John","Martinez",1977,14145,9337,9337
"John","Martinez",1977,19673,6629,6629
"John","Martinez",1979,16591,5324,5324
"John","Martinez",1979,18283,9049,9049
"John","Martinez",1981,11029,5358,5358
"John","Martinez",1984,19596,2551,2551
"John","Martinez",1985,17458,7745,7745
"John","Martinez",1987,14724,4184,4184
"John","Martinez",1987,15715,6435,6435
"John","Martinez",1988,10585,3361,3361
"John","Martinez",1988,17270,7094,7094
"John","Martinez",1989,13771,2335,2335
"John","Martinez",1990,13623,1281,1281
"John","Martinez",1990,15776,5084,5084
"John","Martinez",1991,13813,2106,2106
"John","Martinez",1991,16672,6922,6922
"John","Martinez",1991,17114,1463,1463
"John","Martinez",1991,17129,4029,4029
"John","Martinez",1992,10573,6432,6432
"John","Martinez",1993,15424,4209,4209
"John","Martinez",1993,16392,2598,2598
"John","Martinez",1995,14403,6584,6584
"John","Martinez",1996,18350,1972,1972
"John","Martinez",1997,11460,9904,9904
"John","Martinez",1997,17023,8786,8786
"John","Martinez",1997,19391,6814,6814
"John","Martinez",1998,14005,3577,3577
"John","Martinez",1999,12166,2145,2145
"John","Martinez",2000,12981,5118,5118
"John","Martinez",2000,16460,3674,3674
"John","Miller",1971,11039,9386,9386
"John","Miller",1972,10058,8665,8665
"John","Miller",1972,16321,4392,4392
"John","Miller",1973,10850,3781,3781
"John","Miller",1974,17195,5480,5480
"John","Miller",1975,17625,9968,9968
"John","Miller",1976,19024,8849,8849
"John","Miller",1977,11107,4277,4277
"John","Miller",1977,15221,5504,5504
"John","Miller",1977,15566,8624,8624
"John","Miller",1977,16032,7536,7536
"John","Miller",1978,15409,744,744
"John","Miller",1979,11894,2728,2728
"John","Miller",1979,19768,5926,5926
"John","Miller",1980,12116,8296,8296
"John","Miller",1980,17618,633,633
"John","Miller",1981,12337,8750,8750
"John","Miller",1981,17749,96,96
"John","Miller",1982,11039,710,710
"John","Miller",1984,13901,6413,6413
"John","Miller",1984,19053,4556,4556
"John","Miller",1985,12949,4128,4128
"John","Miller",1987,11148,8601,8601
"John","Miller",1987,16769,841,841
"John","Miller",1987,18519,9913,9913
"John","Miller",1988,19157,1242,1242
"John","Miller",1989,12683,9345,9345
"John","Miller",1989,14178,1890,1890
"John","Miller",1989,16349,6906,6906
"John","Miller",1990,14613,7143,7143
"John","Miller",1992,12563,123,123
"John","Miller",1992,16022,8257,8257
"John","Miller",1993,12587,8271,8271
"John","Miller",1993,14176,6443,6443
"John","Miller",1993,17422,3574,3574
"John","Miller",1994,13628,3748,3748
"John","Miller",1994,13843,5438,5438
"John","Miller",1994,15726,3983,3983
"John","Miller",1994,16115,4522,4522
"John","Miller",1995,11381,8896,8896
"John","Miller",1997,12974,9945,9945
"John","Miller",1997,18228,9026,9026
"John","Miller",1998,19769,4462,4462
"John","Miller",2000,11012,732,732
"John","Miller",2000,11801,8474,8474
"John","Miller",2000,12587,1784,1784
"John","Rodriguez",1970,10656,7391,7391
"John","Rodriguez",1970,18663,5112,5112
"John","Rodriguez",1971,13217,4753,4753
"John","Rodriguez",1971,17909,4301,4301
"John","Rodriguez",1972,12832,6166,6166
"John","Rodriguez",1973,10450,1720,1720
"John","Rodriguez",1973,10726,5596,5596
"John","Rodriguez",1973,11107,6756,6756
"John","Rodriguez",1973,15739,9438,9438
"John","Rodriguez",1975,11470,7813,7813
"John","Rodriguez",1975,14310,4922,4922
"John","Rodriguez",1976,17335,6645,6645
"John","Rodriguez",1976,19708,1555,1555
"John","Rodriguez",1977,16276,1029,1029
"John","Rodriguez",1979,12645,7598,7598
"John","Rodriguez",1979,15373,2435,2435
"John","Rodriguez",1980,16979,8386,8386
"John","Rodriguez",1980,19604,5384,5384
"John","Rodriguez",1981,11860,5936,5936
"John","Rodriguez",1981,12100,9988,9988
"John","Rodriguez",1984,12482,2653,2653
"John","Rodriguez",1985,10279,3105,3105
"John","Rodriguez",1985,18242,5963,5963
"John","Rodriguez",1986,11170,842,842
"John","Rodriguez",1987,10355,2051,2051
"John","Rodriguez",1987,13226,6920,6920
"John","Rodriguez",1988,14773,649,649
"John","Rodriguez",1988,16495,8684,8684
"John","Rodriguez",1989,10638,9819,9819
"John","Rodriguez",1989,18387,894,894
"John","Rodriguez",1990,17937,2071,2071
"John","Rodriguez",1991,11584,2697,2697
"John","Rodriguez",1992,11483,5168,5168
"John","Rodriguez",1992,13206,3441,3441
"John","Rodriguez",1993,11677,604,604
"John","Rodriguez",1996,13081,7376,7376
"John","Rodriguez",1996,14879,7421,7421
"John","Rodriguez",1996,14890,9416,9416
"John","Rodriguez",1997,11605,7116,7116
"John","Rodriguez",1997,13213,4714,4714
"John","Rodriguez",1997,14493,8984,8984
"John","Rodriguez",1997,16978,8027,8027
"John","Rodriguez",1997,19216,1131,1131
"John","Rodriguez",1998,17525,4168,4168
"John","Rodriguez",1998,17898,4889,4889
"John","Rodriguez",1999,10367,9693,9693
"John","Rodriguez",1999,13685,9618,9618
"John","Rodriguez",1999,15406,7777,7777
"John","Rodriguez",1999,16246,3035,3035
"John","Rodriguez",1999,19148,2917,2917
"John","Rodriguez",2000,13050,7629,7629
"John","Rodriguez",2000,15716,7438,7438
"John","Smith",1970,11721,5759,5759
"John","Smith",1970,13101,9282,9282
"John","Smith",1971,11851,6229,6229
"John","Smith",1971,13998,5621,5621
"John","Smith",1971,16614,2464,2464
"John","Smith",1972,12915,324,324
"John","Smith",1972,19871,5049,5049
"John","Smith",1973,11466,4019,4019
"John","Smith",1973,12245,7293,7293
"John","Smith",1973,12492,6566,6566
"John","Smith",1974,13829,2271,2271
"John","Smith",1975,17423,5256,5256
"John","Smith",1975,17588,9197,9197
"John","Smith",1976,12494,3827,3827
"John","Smith",1977,15625,6104,6104
"John","Smith",1978,10134,296,296
"John","Smith",1978,11195,3340,3340
"John","Smith",1978,18088,2797,2797
"John","Smith",1979,12240,3744,3744
"John","Smith",1980,13817,6149,6149
"John","Smith",1980,17123,3804,3804
"John","Smith",1981,15945,3002,3002
"John","Smith",1984,13860,6375,6375
"John","Smith",1984,15673,5511,5511
"John","Smith",1985,19868,1943,1943
"John","Smith",1986,10695,9554,9554
"John","Smith",1986,14862,512,512
"John","Smith",1986,17840,4568,4568
"John","Smith",1987,10317,927,927
"John","Smith",1989,15275,4229,4229
"John","Smith",1990,16613,7165,7165
"John","Smith",1991,11497,6328,6328
"John","Smith",1992,10674,5408,5408
"John","Smith",1992,11610,1008,1008
"John","Smith",1993,17591,8416,8416
"John","Smith",1995,18207,7803,7803
"John","Smith",1996,10762,4230,4230
"John","Smith",1996,19316,2388,2388
"John","Smith",1997,12312,4011,4011
"John","Smith",1997,19184,1289,1289
"John","Smith",1998,16345,9784,9784
"John","Williams",1970,13245,4391,4391
"John","Williams",1971,12679,411,411
"John","Williams",1972,15030,5169,5169
"John","Williams",1973,11853,6724,6724
"John","Williams",1975,19814,8563,8563
"John","Williams",1977,19025,9708,9708
"John","Williams",1977,19663,1812,1812
"John","Williams",1978,11582,1313,1313
"John","Williams",1979,11596,3546,3546
"John","Williams",1979,14510,3553,3553
"John","Williams",1981,19378,7916,7916
"John","Williams",1982,11220,6151,6151
"John","Williams",1982,13626,6885,6885
"John","Williams",1983,10484,5442,5442
"John","Williams",1985,12929,5593,5593
"John","Williams",1986,13283,6625,6625
"John","Williams",1986,13392,4528,4528
"John","Williams",1986,14810,5265,5265
"John","Williams",1986,19662,8822,8822
"John","Williams",1987,17014,3366,3366
"John","Williams",1988,12876,6001,6001
"John","Williams",1989,11920,7509,7509
"John","Williams",1990,13840,1273,1273
"John","Williams",1990,18226,530,530
"John","Williams",1991,10977,7569,7569
"John","Williams",1991,11024,2176,2176
"John","Williams",1991,11507,1749,1749
"John","Williams",1991,13968,5048,5048
"John","Williams",1991,14121,6653,6653
"John","Williams",1991,17815,8618,8618
"John","Williams",1992,11344,1953,1953
"John","Williams",1992,13107,662,662
"John","Williams",1993,13580,5779,5779
"John","Williams",1994,12541,4809,4809
"John","Williams",1994,15132,3708,3708
"John","Williams",1994,16474,5951,5951
"John","Williams",1994,17866,8510,8510
"John","Williams",1994,18654,6125,6125
"John","Williams",1994,19136,1512,1512
"John","Williams",1995,10919,4697,4697
"John","Williams",1995,11375,7198,7198
"John","Williams",1995,12202,1184,1184
"John","Williams",1995,16920,4944,4944
"John","Williams",1997,11473,2072,2072
"John","Williams",1998,16571,3508,3508
"John","Williams",1998,19023,1825,1825
"John","Williams",1999,10024,4347,4347
"John","Williams",1999,10669,3497,3497
"John","Williams",1999,12876,4212,4212
"John","Williams",1999,14435,3587,3587
"John","Williams",2000,13780,9592,9592
"John","Williams",2000,16466,1405,1405
"Michael","Brown",1970,13045,6310,6310
"Michael","Brown",1970,19803,5018,5018
"Michael","Brown",1971,10878,5473,5473
"Michael","Brown",1971,13870,9849,9849
"Michael","Brown",1972,16450,5080,5080
"Michael","Brown",1972,18648,3362,3362
"Michael","Brown",1973,14923,806,806
"Michael","Brown",1974,17488,2711,2711
"Michael","Brown",1974,17926,8612,8612
"Michael","Brown",1975,10655,4040,4040
"Michael","Brown",1975,17053,7210,7210
"Michael","Brown",1976,11199,4988,4988
"Michael","Brown",1976,13710,6241,6241
"Michael","Brown",1976,19682,1768,1768
"Michael","Brown",1977,16239,5236,5236
"Michael","Brown",1977,16327,5559,5559
"Michael","Brown",1980,12597,4806,4806
"Michael","Brown",1980,15217,5913,5913
"Michael","Brown",1981,18284,9633,9633
"Michael","Brown",1982,10839,2046,2046
"Michael","Brown",1983,17660,6829,6829
"Michael","Brown",1984,11507,3975,3975
"Michael","Brown",1984,13678,1961,1961
"Michael","Brown",1984,18332,2529,2529
"Michael","Brown",1984,18968,5522,5522
"Michael","Brown",1987,11082,5245,5245
"Michael","Brown",1987,19178,7056,7056
"Michael","Brown",1988,11102,4247,4247
"Michael","Brown",1988,13445,3082,3082
"Michael","Brown",1990,12433,5454,5454
"Michael","Brown",1990,12873,4840,4840
"Michael","Brown",1990,16153,9965,9965
"Michael","Brown",1993,10375,6184,6184
"Michael","Brown",1995,18997,7266,7266
"Michael","Brown",1997,14571,494,494
"Michael","Brown",1997,17912,1138,1138
"Michael","Brown",1998,10866,3185,3185
"Michael","Brown",1999,10023,2034,2034
"Michael","Brown",1999,13000,9380,9380
"Michael","Davis",1970,12646,657,657
"Michael","Davis",1970,14618,4390,4390
"Michael","Davis",1970,17834,1751,1751
"Michael","Davis",1971,18271,1487,1487
"Michael","Davis",1972,16642,9095,9095
"Michael","Davis",1972,18940,7755,7755
"Michael","Davis",1973,16384,1107,1107
"Michael","Davis",1974,15365,6006,6006
"Michael","Davis",1975,14965,169,169
"Michael","Davis",1976,12352,9259,9259
"Michael","Davis",1977,14938,6602,6602
"Michael","Davis",1978,16149,1054,1054
"Michael","Davis",1979,12221,3729,3729
"Michael","Davis",1979,15006,1548,1548
"Michael","Davis",1979,17742,1964,1964
"Michael","Davis",1980,10659,6304,6304
"Michael","Davis",1980,16560,3255,3255
"Michael","Davis",1981,12945,3121,3121
"Michael","Davis",1981,17195,9707,9707
"Michael","Davis",1981,19438,5526,5526
"Michael","Davis",1982,19016,670,670
"Michael","Davis",1983,13874,8225,8225
"Michael","Davis",1984,10191,2455,2455
"Michael","Davis",1984,19192,3009,3009
"Michael","Davis",1985,10439,1659,1659
"Michael","Davis",1985,11850,4286,4286
"Michael","Davis",1986,16258,1875,1875
"Michael","Davis",1986,17545,1225,1225
"Michael","Davis",1987,13541,891,891
"Michael","Davis",1987,16486,5815,5815
"Michael","Davis",1987,18812,1372,1372
"Michael","Davis",1989,14580,3614,3614
"Michael","Davis",1989,14706,9031,9031
"Michael","Davis",1990,18647,5079,5079
"Michael","Davis",1991,17140,436,436
"Michael","Davis",1991,17342,3643,3643
"Michael","Davis",1992,18438,8061,8061
"Michael","Davis",1993,10052,6592,6592
"Michael","Davis",1993,16058,5627,5627
"Michael","Davis",1995,10782,8718,8718
"Michael","Davis",1995,13018,1360,1360
"Michael","Davis",1995,13437,7506,7506
"Michael","Davis",1995,15353,6275,6275
"Michael","Davis",1995,17680,7619,7619
"Michael","Davis",1996,19362,2499,2499
"Michael","Davis",1997,11028,3724,3724
"Michael","Davis",1997,16719,8586,8586
"Michael","Davis",1997,19677,4607,4607
"Michael","Davis",1999,13011,8981,8981
"Michael","Davis",1999,16321,1050,1050
"Michael","Garcia",1970,16154,3067,3067
"Michael","Garcia",1970,16351,7034,7034
"Michael","Garcia",1970,19351,7645,7645
"Michael","Garcia",1971,15815,9548,9548
"Michael","Garcia",1971,16618,7078,7078
"Michael","Garcia",1971,17412,6944,6944
"Michael","Garcia",1972,16280,7696,7696
"Michael","Garcia",1973,10523,1381,1381
"Michael","Garcia",1973,16468,7300,7300
"Michael","Garcia",1973,17539,5306,5306
"Michael","Garcia",1974,12202,5214,5214
"Michael","Garcia",1974,18970,3039,3039
"Michael","Garcia",1975,14262,4832,4832
"Michael","Garcia",1975,15616,7926,7926
"Michael","Garcia",1976,14041,8376,8376
"Michael","Garcia",1977,15292,8324,8324
"Michael","Garcia",1977,17851,4523,4523
"Michael","Garcia",1979,16830,1478,1478
"Michael","Garcia",1979,16831,5290,5290
"Michael","Garcia",1979,18273,7912,7912
"Michael","Garcia",1982,11384,7455,7455
"Michael","Garcia",1982,14220,1113,1113
"Michael","Garcia",1983,12127,9753,9753
"Michael","Garcia",1983,15230,5993,5993
"Michael","Garcia",1983,18745,8588,8588
"Michael","Garcia",1984,17291,2433,2433
"Michael","Garcia",1985,11663,8564,8564
"Michael","Garcia",1985,16908,5974,5974
"Michael","Garcia",1985,17676,3555,3555
"Michael","Garcia",1986,10848,7567,7567
"Michael","Garcia",1986,19533,5697,5697
"Michael","Garcia",1986,19884,6160,6160
"Michael","Garcia",1987,15396,707,707
"Michael","Garcia",1988,19305,362,362
"Michael","Garcia",1988,19857,3865,3865
"Michael","Garcia",1990,17887,409,409
"Michael","Garcia",1993,16938,5983,5983
"Michael","Garcia",1993,18882,7605,7605
"Michael","Garcia",1994,15220,8367,8367
"Michael","Garcia",1994,15376,4649,4649
"Michael","Garcia",1995,11923,5162,5162
"Michael","Garcia",1996,11885,4964,4964
"Michael","Garcia",1996,19432,9469,9469
"Michael","Garcia",1997,17901,5934,5934
"Michael","Garcia",1997,19337,5482,5482
"Michael","Garcia",1998,15975,1843,1843
"Michael","Garcia",1998,17403,4674,4674
"Michael","Garcia",1999,10786,5700,5700
"Michael","Garcia",1999,17017,8947,8947
"Michael","Garcia",1999,18981,1629,1629
"Michael","Garcia",2000,13114,3722,3722
"Michael","Garcia",2000,17282,1737,1737
"Michael","Johnson",1971,14943,9433,9433
"Michael","Johnson",1971,17380,4225,4225
"Michael","Johnson",1973,12016,8889,8889
"Michael","Johnson",1973,13395,5791,5791
"Michael","Johnson",1973,17826,689,689
"Michael","Johnson",1974,19039,845,845
"Michael","Johnson",1975,13647,6559,6559
"Michael","Johnson",1976,19357,2198,2198
"Michael","Johnson",1977,11699,7667,7667
"Michael","Johnson",1977,12211,8569,8569
"Michael","Johnson",1977,12265,9326,9326
"Michael","Johnson",1977,12963,897,897
"Michael","Johnson",1977,15469,1351,1351
"Michael","Johnson",1978,12783,3918,3918
"Michael","Johnson",1979,18995,514,514
"Michael","Johnson",1980,18045,2038,2038
"Michael","Johnson",1981,10526,7157,7157
"Michael","Johnson",1981,14313,8457,8457
"Michael","Johnson",1982,13504,2934,2934
"Michael","Johnson",1984,10743,9648,9648
"Michael","Johnson",1986,18395,8983,8983
"Michael","Johnson",1987,19655,9938,9938
"Michael","Johnson",1988,11745,7075,7075
"Michael","Johnson",1988,19696,3893,3893
"Michael","Johnson",1989,10533,6279,6279
"Michael","Johnson",1990,10601,9542,9542
"Michael","Johnson",1990,11158,8748,8748
"Michael","Johnson",1990,18491,3382,3382
"Michael","Johnson",1991,18357,4924,4924
"Michael","Johnson",1991,18434,8902,8902
"Michael","Johnson",1992,10584,8289,8289
"Michael","Johnson",1994,10937,8623,8623
"Michael","Johnson",1994,16657,1747,1747
"Michael","Johnson",1994,17512,3768,3768
"Michael","Johnson",1995,17902,1505,1505
"Michael","Johnson",1995,17952,2513,2513
"Michael","Johnson",1995,19760,9312,9312
"Michael","Johnson",1995,19874,270,270
"Michael","Johnson",1996,19830,9740,9740
"Michael","Johnson",1997,18285,2841,2841
"Michael","Johnson",1998,18295,773,773
"Michael","Johnson",1999,13973,7503,7503
"Michael","Johnson",1999,14764,4621,4621
"Michael","Johnson",1999,14935,3151,3151
"Michael","Johnson",2000,11341,8628,8628
"Michael","Jones",1970,18309,8795,8795
"Michael","Jones",1971,15609,6900,6900
"Michael","Jones",1972,19429,3323,3323
"Michael","Jones",1973,12346,7679,7679
"Michael","Jones",1974,19220,2200,2200
"Michael","Jones",1975,12895,4920,4920
"Michael","Jones",1975,14755,957,957
"Michael","Jones",1977,13996,7760,7760
"Michael","Jones",1978,14841,82,82
"Michael","Jones",1978,16639,8634,8634
"Michael","Jones",1981,15473,6319,6319
"Michael","Jones",1983,14914,4260,4260
"Michael","Jones",1984,13532,1035,1035
"Michael","Jones",1985,12860,8743,8743
"Michael","Jones",1985,19629,9932,9932
"Michael","Jones",1986,12656,7551,7551
"Michael","Jones",1986,13802,3609,3609
"Michael","Jones",1986,15797,1440,1440
"Michael","Jones",1987,14220,4760,4760
"Michael","Jones",1988,15549,7277,7277
"Michael","Jones",1989,17673,5184,5184
"Michael","Jones",1990,12563,1841,1841
"Michael","Jones",1990,14198,5622,5622
"Michael","Jones",1990,14620,110,110
"Michael","Jones",1990,14837,5041,5041
"Michael","Jones",1991,18965,9390,9390
"Michael","Jones",1992,14527,5349,5349
"Michael","Jones",1992,15487,7781,7781
"Michael","Jones",1992,16840,6186,6186
"Michael","Jones",1993,15182,5348,5348
"Michael","Jones",1993,17795,1149,1149
"Michael","Jones",1995,12444,9131,9131
"Michael","Jones",1995,13192,6481,6481
"Michael","Jones",1995,16780,4850,4850
"Michael","Jones",1996,17351,6508,6508
"Michael","Jones",1996,17595,8631,8631
"Michael","Jones",1996,18740,6440,6440
"Michael","Jones",1997,18361,92,92
"Michael","Jones",1997,18405,952,952
"Michael","Jones",2000,16221,2758,2758
"Michael","Martinez",1970,12361,2382,2382
"Michael","Martinez",1970,14468,5251,5251
"Michael","Martinez",1974,10982,1695,1695
"Michael","Martinez",1974,15084,5397,5397
"Michael","Martinez",1974,18165,7464,7464
"Michael","Martinez",1975,13758,3703,3703
"Michael","Martinez",1975,16433,6751,6751
"Michael","Martinez",1976,18471,1502,1502
"Michael","Martinez",1977,10839,7863,7863
"Michael","Martinez",1977,12901,3289,3289
"Michael","Martinez",1978,11109,6669,6669
"Michael","Martinez",1978,12951,995,995
"Michael","Martinez",1978,12966,3940,3940
"Michael","Martinez",1978,19273,5151,5151
"Michael","Martinez",1979,17383,251,251
"Michael","Martinez",1979,18758,5929,5929
"Michael","Martinez",1980,17595,591,591
"Michael","Martinez",1981,13295,9227,9227
"Michael","Martinez",1981,19002,5758,5758
"Michael","Martinez",1983,11358,9356,9356
"Michael","Martinez",1983,12615,5122,5122
"Michael","Martinez",1984,12663,3880,3880
"Michael","Martinez",1984,14806,8514,8514
"Michael","Martinez",1984,17041,9766,9766
"Michael","Martinez",1984,19201,1,1
"Michael","Martinez",1986,11441,7942,7942
"Michael","Martinez",1986,12125,5489,5489
"Michael","Martinez",1986,14800,6763,6763
"Michael","Martinez",1987,10418,2217,2217
"Michael","Martinez",1988,10584,5686,5686
"Michael","Martinez",1988,12273,253,253
"Michael","Martinez",1988,18081,8560,8560
"Michael","Martinez",1988,18593,6998,6998
"Michael","Martinez",1988,19471,1889,1889
"Michael","Martinez",1992,13412,6942,6942
"Michael","Martinez",1994,11906,8396,8396
"Michael","Martinez",1994,11980,1988,1988
"Michael","Martinez",1996,10515,321,321
"Michael","Martinez",1996,17566,118,118
"Michael","Martinez",1996,18997,4240,4240
"Michael","Martinez",1998,12382,4876,4876
"Michael","Martinez",1999,12840,2871,2871
"Michael","Martinez",1999,18789,6273,6273
"Michael","Martinez",2000,17830,4999,4999
"Michael","Miller",1970,12350,5228,5228
"Michael","Miller",1971,10589,8512,8512
"Michael","Miller",1971,11626,970,970
"Michael","Miller",1971,14659,8428,8428
"Michael","Miller",1972,11179,9789,9789
"Michael","Miller",1973,12116,2290,2290
"Michael","Miller",1973,12126,9344,9344
"Michael","Miller",1974,12890,6396,6396
"Michael","Miller",1974,16900,6729,6729
"Michael","Miller",1974,16984,3100,3100
"Michael","Miller",1975,15035,2718,2718
"Michael","Miller",1975,15922,12,12
"Michael","Miller",1976,10872,8306,8306
"Michael","Miller",1976,16402,8198,8198
"Michael","Miller",1976,16554,5812,5812
"Michael","Miller",1977,15713,1852,1852
"Michael","Miller",1977,16430,9746,9746
"Michael","Miller",1977,17131,4869,4869
"Michael","Miller",1981,12027,544,544
"Michael","Miller",1981,14940,7974,7974
"Michael","Miller",1981,18643,9786,9786
"Michael","Miller",1982,12702,2019,2019
"Michael","Miller",1982,18616,7525,7525
"Michael","Miller",1983,10691,8419,8419
"Michael","Miller",1984,16859,6483,6483
"Michael","Miller",1985,11909,5429,5429
"Michael","Miller",1985,12889,925,925
"Michael","Miller",1985,15532,3990,3990
"Michael","Miller",1985,18471,6467,6467
"Michael","Miller",1985,18779,1197,1197
"Michael","Miller",1986,19901,3568,3568
"Michael","Miller",1987,10623,6106,6106
"Michael","Miller",1987,17236,6655,6655
"Michael","Miller",1987,19024,5183,5183
"Michael","Miller",1988,12493,1554,1554
"Michael","Miller",1988,15559,2832,2832
"Michael","Miller",1988,18347,6577,6577
"Michael","Miller",1989,18887,9384,9384
"Michael","Miller",1989,19249,2331,2331
"Michael","Miller",1989,19545,75,75
"Michael","Miller",1991,15228,3117,3117
"Michael","Miller",1992,14768,8863,8863
"Michael","Miller",1992,16678,4397,4397
"Michael","Miller",1992,18941,1216,1216
"Michael","Miller",1993,10954,3688,3688
"Michael","Miller",1993,17448,8535,8535
"Michael","Miller",1994,11568,1522,1522
"Michael","Miller",1995,13412,8424,8424
"Michael","Miller",1995,14433,2240,2240
"Michael","Miller",1996,15543,2969,2969
"Michael","Miller",1996,15731,8536,8536
"Michael","Miller",1997,15690,8895,8895
"Michael","Miller",1997,18450,4438,4438
"Michael","Miller",1998,10578,6032,6032
"Michael","Miller",1998,11944,1403,1403
"Michael","Miller",1999,10564,299,299
"Michael","Miller",2000,10122,6436,6436
"Michael","Miller",2000,15038,1462,1462
"Michael","Miller",2000,16600,1586,1586
"Michael","Miller",2000,19066,8069,8069
"Michael","Rodriguez",1970,19968,5525,5525
"Michael","Rodriguez",1971,13288,1386,1386
"Michael","Rodriguez",1971,14364,7149,7149
"Michael","Rodriguez",1972,12486,6720,6720
"Michael","Rodriguez",1972,19202,7885,7885
"Michael","Rodriguez",1973,12950,8556,8556
"Michael","Rodriguez",1973,16279,5659,5659
"Michael","Rodriguez",1974,14305,3486,3486
"Michael","Rodriguez",1974,14310,3554,3554
"Michael","Rodriguez",1975,10385,3720,3720
"Michael","Rodriguez",1976,13269,9027,9027
"Michael","Rodriguez",1979,10963,3261,3261
"Michael","Rodriguez",1979,11565,5573,5573
"Michael","Rodriguez",1979,12250,6308,6308
"Michael","Rodriguez",1979,19382,9500,9500
"Michael","Rodriguez",1981,12268,2879,2879
"Michael","Rodriguez",1981,12894,7789,7789
"Michael","Rodriguez",1982,12365,7763,7763
"Michael","Rodriguez",1982,14323,1354,1354
"Michael","Rodriguez",1982,15480,2636,2636
"Michael","Rodriguez",1983,12024,6691,6691
"Michael","Rodriguez",1983,14076,8830,8830
"Michael","Rodriguez",1984,13233,5864,5864
"Michael","Rodriguez",1984,15154,6405,6405
"Michael","Rodriguez",1984,15553,4126,4126
"Michael","Rodriguez",1985,14262,7878,7878
"Michael","Rodriguez",1986,10515,7038,7038
"Michael","Rodriguez",1987,11142,9973,9973
"Michael","Rodriguez",1987,14448,6259,6259
"Michael","Rodriguez",1988,16261,2055,2055
"Michael","Rodriguez",1991,14479,7243,7243
"Michael","Rodriguez",1993,19111,8703,8703
"Michael","Rodriguez",1994,13970,1317,1317
"Michael","Rodriguez",1994,16043,2178,2178
"Michael","Rodriguez",1995,10771,4989,4989
"Michael","Rodriguez",1995,14124,2184,2184
"Michael","Rodriguez",1996,19526,1173,1173
"Michael","Rodriguez",1997,14204,7319,7319
"Michael","Rodriguez",1997,17283,3236,3236
"Michael","Rodriguez",1998,14999,9581,9581
"Michael","Rodriguez",1998,18310,2631,2631
"Michael","Rodriguez",1999,15495,2109,2109
"Michael","Smith",1970,12627,1240,1240
"Michael","Smith",1970,15151,8591,8591
"Michael","Smith",1970,16824,4726,4726
"Michael","Smith",1971,19640,4167,4167
"Michael","Smith",1972,14405,8458,8458
"Michael","Smith",1973,16710,8866,8866
"Michael","Smith",1973,18909,8797,8797
"Michael","Smith",1975,19635,2644,2644
"Michael","Smith",1975,19693,3513,3513
"Michael","Smith",1977,12586,6381,6381
"Michael","Smith",1977,12863,6244,6244
"Michael","Smith",1977,13948,6251,6251
"Michael","Smith",1977,14962,6097,6097
"Michael","Smith",1978,10972,5883,5883
"Michael","Smith",1978,15171,9494,9494
"Michael","Smith",1978,18479,6431,6431
"Michael","Smith",1979,10257,2721,2721
"Michael","Smith",1980,12280,4114,4114
"Michael","Smith",1981,19127,4055,4055
"Michael","Smith",1982,13833,9865,9865
"Michael","Smith",1982,14862,2536,2536
"Michael","Smith",1982,16928,2576,2576
"Michael","Smith",1983,11700,8273,8273
"Michael","Smith",1983,13695,6522,6522
"Michael","Smith",1983,19672,1114,1114
"Michael","Smith",1985,10070,2219,2219
"Michael","Smith",1985,14041,7055,7055
"Michael","Smith",1985,15097,1571,1571
"Michael","Smith",1985,19602,2945,2945
"Michael","Smith",1986,19198,9186,9186
"Michael","Smith",1987,12253,3766,3766
"Michael","Smith",1987,16192,9040,9040
"Michael","Smith",1988,14882,1127,1127
"Michael","Smith",1989,13582,2436,2436
"Michael","Smith",1989,13858,7600,7600
"Michael","Smith",1990,10241,9167,9167
"Michael","Smith",1990,10416,2973,2973
"Michael","Smith",1990,10959,9779,9779
"Michael","Smith",1990,17250,525,525
"Michael","Smith",1992,18881,2,2
"Michael","Smith",1993,12805,6707,6707
"Michael","Smith",1994,12858,1402,1402
"Michael","Smith",1994,14412,346,346
"Michael","Smith",1994,16389,8666,8666
"Michael","Smith",1995,12578,1769,1769
"Michael","Smith",1995,14184,8975,8975
"Michael","Smith",1995,19169,3639,3639
"Michael","Smith",1997,16361,16,16
"Michael","Smith",1997,18631,8779,8779
"Michael","Smith",1998,12658,7660,7660
"Michael","Smith",1998,19266,2105,2105
"Michael","Smith",1999,11477,5760,5760
"Michael","Smith",1999,13752,4732,4732
"Michael","Smith",1999,15139,6938,6938
"Michael","Smith",2000,12233,6254,6254
"Michael","Smith",2000,14323,5068,5068
"Michael","Williams",1971,13061,4960,4960
"Michael","Williams",1971,14875,9607,9607
"Michael","Williams",1971,15529,3634,3634
"Michael","Williams",1973,17081,1146,1146
"Michael","Williams",1973,17364,2033,2033
"Michael","Williams",1973,18714,3308,3308
"Michael","Williams",1975,11496,7337,7337
"Michael","Williams",1975,12085,5074,5074
"Michael","Williams",1975,17634,6368,6368
"Michael","Williams",1977,10909,5616,5616
"Michael","Williams",1977,14110,5677,5677
"Michael","Williams",1979,11313,2873,2873
"Michael","Williams",1979,12154,1797,1797
"Michael","Williams",1979,16199,691,691
"Michael","Williams",1979,16652,7776,7776
"Michael","Williams",1980,16090,9032,9032
"Michael","Williams",1982,15878,4849,4849
"Michael","Williams",1982,19350,3680,3680
"Michael","Williams",1983,14840,2347,2347
"Michael","Williams",1984,13082,8721,8721
"Michael","Williams",1984,14436,9153,9153
"Michael","Williams",1986,12182,884,884
"Michael","Williams",1986,16070,4291,4291
"Michael","Williams",1987,11438,8008,8008
"Michael","Williams",1987,13262,5051,5051
"Michael","Williams",1989,12339,885,885
"Michael","Williams",1990,10249,418,418
"Michael","Williams",1990,13781,4807,4807
"Michael","Williams",1990,18296,2461,2461
"Michael","Williams",1990,19631,5027,5027
"Michael","Williams",1992,15060,6498,6498
"Michael","Williams",1994,13401,7448,7448
"Michael","Williams",1994,19732,1615,1615
"Michael","Williams",1996,16499,7315,7315
"Michael","Williams",1997,19080,3752,3752
"Michael","Williams",1998,11352,2078,2078
"Michael","Williams",1998,17394,2708,2708
"Michael","Williams",1999,11683,8328,8328
"Michael","Williams",1999,15816,1111,1111
"Michael","Williams",2000,14806,882,882
"Michael","Williams",2000,16204,4667,4667
"Michael","Williams",2000,19933,6261,6261
"Olivia","Brown",1972,16269,1435,1435
"Olivia","Brown",1972,18299,2261,2261
"Olivia","Brown",1973,14456,7014,7014
"Olivia","Brown",1975,10011,3233,3233
"Olivia","Brown",1975,15771,7513,7513
"Olivia","Brown",1975,18379,3886,3886
"Olivia","Brown",1975,19129,7613,7613
"Olivia","Brown",1976,17959,6124,6124
"Olivia","Brown",1977,10424,3961,3961
"Olivia","Brown",1977,11501,6250,6250
"Olivia","Brown",1977,16688,3945,3945
"Olivia","Brown",1977,19213,634,634
"Olivia","Brown",1979,16738,1992,1992
"Olivia","Brown",1980,16435,5990,5990
"Olivia","Brown",1980,19274,6495,6495
"Olivia","Brown",1981,12711,6023,6023
"Olivia","Brown",1982,13796,7517,7517
"Olivia","Brown",1982,14812,6383,6383
"Olivia","Brown",1982,18275,1739,1739
"Olivia","Brown",1984,13759,1016,1016
"Olivia","Brown",1984,15055,1373,1373
"Olivia","Brown",1985,14996,2300,2300
"Olivia","Brown",1986,12091,6357,6357
"Olivia","Brown",1986,17581,1393,1393
"Olivia","Brown",1987,11116,2364,2364
"Olivia","Brown",1987,16001,4122,4122
"Olivia","Brown",1987,17562,6551,6551
"Olivia","Brown",1988,13767,7873,7873
"Olivia","Brown",1988,16456,7580,7580
"Olivia","Brown",1989,12746,9773,9773
"Olivia","Brown",1989,12746,2113,9773
"Olivia","Brown",1989,17384,4524,4524
"Olivia","Brown",1990,12804,687,687
"Olivia","Brown",1990,18096,8819,8819
"Olivia","Brown",1990,18848,6967,6967
"Olivia","Brown",1992,10118,606,606
"Olivia","Brown",1992,10459,7098,7098
"Olivia","Brown",1992,10618,653,653
"Olivia","Brown",1992,11942,6330,6330
"Olivia","Brown",1992,18484,8886,8886
"Olivia","Brown",1993,16097,9293,9293
"Olivia","Brown",1995,15046,443,443
"Olivia","Brown",1996,14652,2004,2004
"Olivia","Brown",1997,11429,6840,6840
"Olivia","Brown",1998,11038,5274,5274
"Olivia","Brown",1998,16889,4010,4010
"Olivia","Brown",1999,12292,9347,9347
"Olivia","Brown",1999,13169,265,265
"Olivia","Brown",2000,10053,5148,5148
"Olivia","Brown",2000,10950,6227,6227
"Olivia","Brown",2000,11674,6964,6964
"Olivia","Brown",2000,13883,8297,8297
"Olivia","Brown",2000,14525,1339,1339
"Olivia","Brown",2000,18000,4062,4062
"Olivia","Davis",1972,14587,7128,7128
"Olivia","Davis",1972,17193,7761,7761
"Olivia","Davis",1973,10413,6216,6216
"Olivia","Davis",1973,10905,8890,8890
"Olivia","Davis",1973,16282,356,356
"Olivia","Davis",1974,10159,2063,2063
"Olivia","Davis",1974,13801,6822,6822
"Olivia","Davis",1975,10921,680,680
"Olivia","Davis",1975,14214,5240,5240
"Olivia","Davis",1975,18681,1939,1939
"Olivia","Davis",1976,15371,6894,6894
"Olivia","Davis",1976,16993,2339,2339
"Olivia","Davis",1976,17617,3957,3957
"Olivia","Davis",1977,13450,3892,3892
"Olivia","Davis",1977,14194,2459,2459
"Olivia","Davis",1977,18213,9934,9934
"Olivia","Davis",1977,18943,1172,1172
"Olivia","Davis",1978,11808,3046,3046
"Olivia","Davis",1980,10631,8652,8652
"Olivia","Davis",1981,16573,3099,3099
"Olivia","Davis",1982,10537,8387,8387
"Olivia","Davis",1983,13214,7496,7496
"Olivia","Davis",1983,15169,27,27
"Olivia","Davis",1983,18982,8647,8647
"Olivia","Davis",1984,10694,6812,6812
"Olivia","Davis",1986,10728,4514,4514
"Olivia","Davis",1986,16262,7422,7422
"Olivia","Davis",1986,19693,5377,5377
"Olivia","Davis",1987,11670,2618,2618
"Olivia","Davis",1987,15997,7837,7837
"Olivia","Davis",1987,18038,2967,2967
"Olivia","Davis",1987,19196,9404,9404
"Olivia","Davis",1988,15229,3505,3505
"Olivia","Davis",1989,11007,7977,7977
"Olivia","Davis",1989,17759,8773,8773
"Olivia","Davis",1992,14996,9811,9811
"Olivia","Davis",1992,19593,5920,5920
"Olivia","Davis",1993,19216,6414,6414
"Olivia","Davis",1995,14411,246,246
"Olivia","Davis",1995,15533,8094,8094
"Olivia","Davis",1996,12695,1727,1727
"Olivia","Davis",1996,14618,7462,7462
"Olivia","Davis",1996,15466,958,958
"Olivia","Davis",1997,10680,8484,8484
"Olivia","Davis",1997,19555,9880,9880
"Olivia","Davis",1998,12141,6793,6793
"Olivia","Davis",1998,16493,7798,7798
"Olivia","Davis",1999,10215,6523,6523
"Olivia","Davis",1999,12716,4186,4186
"Olivia","Davis",1999,15169,2168,2168
"Olivia","Davis",2000,18828,9370,9370
"Olivia","Davis",2000,19977,3130,3130
"Olivia","Garcia",1970,10940,5766,5766
"Olivia","Garcia",1970,17271,6102,6102
"Olivia","Garcia",1973,17202,5982,5982
"Olivia","Garcia",1973,19146,5720,5720
"Olivia","Garcia",1975,10770,4107,4107
"Olivia","Garcia",1975,19314,2676,2676
"Olivia","Garcia",1976,16824,9198,9198
"Olivia","Garcia",1976,18023,9012,9012
"Olivia","Garcia",1977,14580,8308,8308
"Olivia","Garcia",1977,19257,6704,6704
"Olivia","Garcia",1978,17223,3929,3929
"Olivia","Garcia",1978,18225,1215,1215
"Olivia","Garcia",1978,19344,1013,1013
"Olivia","Garcia",1979,13009,4593,4593
"Olivia","Garcia",1979,13580,1682,1682
"Olivia","Garcia",1979,15936,3644,3644
"Olivia","Garcia",1980,17970,4357,4357
"Olivia","Garcia",1981,15015,506,506
"Olivia","Garcia",1981,16061,7059,7059
"Olivia","Garcia",1982,10544,8373,8373
"Olivia","Garcia",1982,11620,7884,7884
"Olivia","Garcia",1982,19640,2543,2543
"Olivia","Garcia",1983,16128,7051,7051
"Olivia","Garcia",1983,17267,8658,8658
"Olivia","Garcia",1983,19923,8538,8538
"Olivia","Garcia",1984,18450,2127,2127
"Olivia","Garcia",1985,16997,7111,7111
"Olivia","Garcia",1985,19338,2064,2064
"Olivia","Garcia",1987,16225,284,284
"Olivia","Garcia",1987,16658,3810,3810
"Olivia","Garcia",1988,19406,341,341
"Olivia","Garcia",1989,12739,3979,3979
"Olivia","Garcia",1992,16915,4001,4001
"Olivia","Garcia",1993,19364,8019,8019
"Olivia","Garcia",1994,17461,9835,9835
"Olivia","Garcia",1995,12997,8230,8230
"Olivia","Garcia",1996,10426,2192,2192
"Olivia","Garcia",1997,13477,2819,2819
"Olivia","Garcia",1997,14991,643,643
"Olivia","Garcia",1997,16276,521,521
"Olivia","Garcia",1998,18285,8482,8482
"Olivia","Garcia",1999,19074,3789,3789
"Olivia","Johnson",1970,12888,1085,1085
"Olivia","Johnson",1971,13810,4339,4339
"Olivia","Johnson",1972,10650,6355,6355
"Olivia","Johnson",1972,16647,7099,7099
"Olivia","Johnson",1973,15349,2590,2590
"Olivia","Johnson",1973,18021,1990,1990
"Olivia","Johnson",1974,10093,8776,8776
"Olivia","Johnson",1974,13492,7817,7817
"Olivia","Johnson",1974,17301,6473,6473
"Olivia","Johnson",1974,19937,5630,5630
"Olivia","Johnson",1975,10793,7242,7242
"Olivia","Johnson",1976,11916,100,100
"Olivia","Johnson",1976,14400,3650,3650
"Olivia","Johnson",1976,16346,5940,5940
"Olivia","Johnson",1977,19649,4803,4803
"Olivia","Johnson",1979,14902,3196,3196
"Olivia","Johnson",1981,10041,3958,3958
"Olivia","Johnson",1981,14395,3141,3141
"Olivia","Johnson",1981,18875,7221,7221
"Olivia","Johnson",1983,16386,590,590
"Olivia","Johnson",1983,18327,851,851
"Olivia","Johnson",1984,19482,8286,8286
"Olivia","Johnson",1985,12197,7124,7124
"Olivia","Johnson",1985,17446,934,934
"Olivia","Johnson",1985,19881,3699,3699
"Olivia","Johnson",1988,11816,2210,2210
"Olivia","Johnson",1989,10952,8690,8690
"Olivia","Johnson",1989,16950,4143,4143
"Olivia","Johnson",1989,19760,1684,1684
"Olivia","Johnson",1990,12438,4597,4597
"Olivia","Johnson",1990,16780,1410,1410
"Olivia","Johnson",1991,18116,9052,9052
"Olivia","Johnson",1992,19225,1309,1309
"Olivia","Johnson",1993,12874,9294,9294
"Olivia","Johnson",1994,12908,8437,8437
"Olivia","Johnson",1995,10787,153,153
"Olivia","Johnson",1995,18425,1391,1391
"Olivia","Johnson",1995,19949,5142,5142
"Olivia","Johnson",1996,19676,1836,1836
"Olivia","Johnson",1998,17792,7183,7183
"Olivia","Johnson",1999,19823,3324,3324
"Olivia","Johnson",2000,12454,10,10
"Olivia","Johnson",2000,12820,2318,2318
"Olivia","Johnson",2000,15513,295,295
"Olivia","Johnson",2000,16339,7127,7127
"Olivia","Johnson",2000,18036,1748,1748
"Olivia","Jones",1970,11364,3617,3617
"Olivia","Jones",1971,15317,838,838
"Olivia","Jones",1974,11636,3070,3070
"Olivia","Jones",1974,12963,2523,2523
"Olivia","Jones",1975,18226,5513,5513
"Olivia","Jones",1976,10947,1873,1873
"Olivia","Jones",1976,14282,8848,8848
"Olivia","Jones",1977,13424,5587,5587
"Olivia","Jones",1977,15028,8660,8660
"Olivia","Jones",1977,16543,8103,8103
"Olivia","Jones",1978,17748,1337,1337
"Olivia","Jones",1979,11016,993,993
"Olivia","Jones",1979,13339,1696,1696
"Olivia","Jones",1980,14547,4121,4121
"Olivia","Jones",1980,16930,9342,9342
"Olivia","Jones",1980,18498,8189,8189
"Olivia","Jones",1981,15550,6834,6834
"Olivia","Jones",1981,16823,1963,1963
"Olivia","Jones",1981,17987,4860,4860
"Olivia","Jones",1983,12851,1181,1181
"Olivia","Jones",1983,14707,5684,5684
"Olivia","Jones",1983,16282,6277,6277
"Olivia","Jones",1985,13834,7771,7771
"Olivia","Jones",1985,14475,1303,1303
"Olivia","Jones",1985,17319,5418,5418
"Olivia","Jones",1986,19825,136,136
"Olivia","Jones",1987,13150,2984,2984
"Olivia","Jones",1988,11378,7502,7502
"Olivia","Jones",1988,11829,6569,6569
"Olivia","Jones",1988,16274,6515,6515
"Olivia","Jones",1989,12649,516,516
"Olivia","Jones",1990,13336,8133,8133
"Olivia","Jones",1990,19675,9289,9289
"Olivia","Jones",1992,17143,5332,5332
"Olivia","Jones",1993,15705,7032,7032
"Olivia","Jones",1993,18189,8774,8774
"Olivia","Jones",1995,17896,7918,7918
"Olivia","Jones",1997,15485,3782,3782
"Olivia","Jones",1998,15244,6665,6665
"Olivia","Jones",1999,11975,3476,3476
"Olivia","Jones",1999,14035,6798,6798
"Olivia","Martinez",1970,13703,1689,1689
"Olivia","Martinez",1970,17404,9971,9971
"Olivia","Martinez",1971,12659,9601,9601
"Olivia","Martinez",1972,12013,146,146
"Olivia","Martinez",1972,13229,5285,5285
"Olivia","Martinez",1974,13995,585,585
"Olivia","Martinez",1974,16532,3404,3404
"Olivia","Martinez",1974,19212,1348,1348
"Olivia","Martinez",1976,11744,2207,2207
"Olivia","Martinez",1976,14514,7870,7870
"Olivia","Martinez",1977,14239,6667,6667
"Olivia","Martinez",1977,17886,473,473
"Olivia","Martinez",1977,18023,8487,8487
"Olivia","Martinez",1978,15850,7957,7957
"Olivia","Martinez",1980,19780,5286,5286
"Olivia","Martinez",1981,13309,5574,5574
"Olivia","Martinez",1982,10918,1315,1315
"Olivia","Martinez",1982,15851,8469,8469
"Olivia","Martinez",1983,17830,7537,7537
"Olivia","Martinez",1984,19644,4156,4156
"Olivia","Martinez",1985,18666,8768,8768
"Olivia","Martinez",1986,12170,2156,2156
"Olivia","Martinez",1986,19529,1268,1268
"Olivia","Martinez",1987,11545,5687,5687
"Olivia","Martinez",1987,11880,5117,5117
"Olivia","Martinez",1987,12411,5174,5174
"Olivia","Martinez",1987,14072,8006,8006
"Olivia","Martinez",1987,17197,222,222
"Olivia","Martinez",1987,17380,6260,6260
"Olivia","Martinez",1988,16630,4950,4950
"Olivia","Martinez",1988,19653,3864,3864
"Olivia","Martinez",1989,15205,8415,8415
"Olivia","Martinez",1989,16695,4884,4884
"Olivia","Martinez",1989,19223,7268,7268
"Olivia","Martinez",1992,13800,192,192
"Olivia","Martinez",1994,10195,7681,7681
"Olivia","Martinez",1994,13149,5365,5365
"Olivia","Martinez",1994,15673,7407,7407
"Olivia","Martinez",1995,13161,5757,5757
"Olivia","Martinez",1995,15810,3776,3776
"Olivia","Martinez",1995,18364,9268,9268
"Olivia","Martinez",1997,10663,3380,3380
"Olivia","Martinez",1998,19236,9570,9570
"Olivia","Martinez",1999,12879,7082,7082
"Olivia","Martinez",1999,14413,2060,2060
"Olivia","Martinez",1999,16031,6492,6492
"Olivia","Martinez",1999,17841,7093,7093
"Olivia","Martinez",2000,18893,7650,7650
"Olivia","Miller",1970,11321,8086,8086
"Olivia","Miller",1970,15508,5942,5942
"Olivia","Miller",1970,17630,7379,7379
"Olivia","Miller",1970,18951,8709,8709
"Olivia","Miller",1971,10585,9194,9194
"Olivia","Miller",1971,13458,8880,8880
"Olivia","Miller",1971,19346,5495,5495
"Olivia","Miller",1973,14862,6333,6333
"Olivia","Miller",1973,19491,1621,1621
"Olivia","Miller",1974,14283,3344,3344
"Olivia","Miller",1975,10954,5602,5602
"Olivia","Miller",1975,19076,2897,2897
"Olivia","Miller",1977,18715,4117,4117
"Olivia","Miller",1978,19521,7565,7565
"Olivia","Miller",1980,16197,2720,2720
"Olivia","Miller",1981,11814,3210,3210
"Olivia","Miller",1981,12543,3,3
"Olivia","Miller",1981,13083,9164,9164
"Olivia","Miller",1981,19501,4262,4262
"Olivia","Miller",1982,17533,8016,8016
"Olivia","Miller",1983,10314,6327,6327
"Olivia","Miller",1983,16327,4900,4900
"Olivia","Miller",1984,14848,9152,9152
"Olivia","Miller",1985,10306,4564,4564
"Olivia","Miller",1985,10914,5463,5463
"Olivia","Miller",1986,16704,5066,5066
"Olivia","Miller",1987,12958,6320,6320
"Olivia","Miller",1987,15061,4239,4239
"Olivia","Miller",1988,17589,430,430
"Olivia","Miller",1989,15619,103,103
"Olivia","Miller",1991,13210,2619,2619
"Olivia","Miller",1991,16133,9104,9104
"Olivia","Miller",1992,14896,1389,1389
"Olivia","Miller",1992,18754,7732,7732
"Olivia","Miller",1993,14996,1969,1969
"Olivia","Miller",1995,12455,2269,6451
"Olivia","Miller",1995,12455,2269,2269
"Olivia","Miller",1995,12455,6451,6451
"Olivia","Miller",1995,12455,6451,2269
"Olivia","Miller",1996,15052,4274,4274
"Olivia","Miller",1996,16955,9555,9555
"Olivia","Miller",1997,13538,2893,2893
"Olivia","Miller",1998,14205,4200,4200
"Olivia","Miller",1998,18112,7664,7664
"Olivia","Miller",1999,18158,6759,6759
"Olivia","Miller",2000,14185,8159,8159
"Olivia","Miller",2000,14981,5196,5196
"Olivia","Miller",2000,17486,4557,4557
"Olivia","Rodriguez",1970,17956,666,666
"Olivia","Rodriguez",1970,18437,3024,3024
"Olivia","Rodriguez",1971,11264,4581,4581
"Olivia","Rodriguez",1971,15770,2561,2561
"Olivia","Rodriguez",1972,12022,9741,9741
"Olivia","Rodriguez",1972,12775,1044,1044
"Olivia","Rodriguez",1972,15296,7314,7314
"Olivia","Rodriguez",1972,16516,1994,1994
"Olivia","Rodriguez",1973,10014,9499,9499
"Olivia","Rodriguez",1973,11540,6298,6298
"Olivia","Rodriguez",1973,17506,1998,1998
"Olivia","Rodriguez",1974,10869,9085,9085
"Olivia","Rodriguez",1974,13651,2855,2855
"Olivia","Rodriguez",1974,15428,20,20
"Olivia","Rodriguez",1975,12328,6631,6631
"Olivia","Rodriguez",1975,14153,4617,4617
"Olivia","Rodriguez",1975,17439,956,956
"Olivia","Rodriguez",1976,10325,3661,3661
"Olivia","Rodriguez",1976,16653,8790,8790
"Olivia","Rodriguez",1976,19323,7582,7582
"Olivia","Rodriguez",1977,15937,9117,9117
"Olivia","Rodriguez",1977,17743,5104,5104
"Olivia","Rodriguez",1979,14732,1486,1486
"Olivia","Rodriguez",1979,18684,7340,7340
"Olivia","Rodriguez",1981,10375,5855,5855
"Olivia","Rodriguez",1983,10461,1068,1068
"Olivia","Rodriguez",1983,17341,3440,3440
"Olivia","Rodriguez",1984,19168,9645,9645
"Olivia","Rodriguez",1985,18019,6662,6662
"Olivia","Rodriguez",1986,15456,7160,7160
"Olivia","Rodriguez",1986,15600,3207,3207
"Olivia","Rodriguez",1988,10025,3586,3586
"Olivia","Rodriguez",1989,13167,7596,7596
"Olivia","Rodriguez",1989,14606,7019,7019
"Olivia","Rodriguez",1989,15700,3251,3251
"Olivia","Rodriguez",1989,19652,7607,7607
"Olivia","Rodriguez",1990,12565,9317,9317
"Olivia","Rodriguez",1990,13029,4243,4243
"Olivia","Rodriguez",1990,13391,5020,5020
"Olivia","Rodriguez",1990,13772,9457,9457
"Olivia","Rodriguez",1991,14422,5880,5880
"Olivia","Rodriguez",1991,15520,1439,1439
"Olivia","Rodriguez",1992,11214,5481,5481
"Olivia","Rodriguez",1992,19404,7427,7427
"Olivia","Rodriguez",1992,19756,3122,3122
"Olivia","Rodriguez",1993,11082,6511,6511
"Olivia","Rodriguez",1993,12520,6028,6028
"Olivia","Rodriguez",1993,13975,2681,2681
"Olivia","Rodriguez",1993,17857,3243,3243
"Olivia","Rodriguez",1994,12538,2391,2391
"Olivia","Rodriguez",1994,14337,4150,4150
"Olivia","Rodriguez",1996,14916,6506,6506
"Olivia","Rodriguez",1997,10698,1058,1058
"Olivia","Rodriguez",1998,10243,3840,3840
"Olivia","Rodriguez",1998,10279,2298,2298
"Olivia","Rodriguez",1998,14067,4967,4967
"Olivia","Rodriguez",1998,19352,2937,2937
"Olivia","Rodriguez",1999,15586,3202,3202
"Olivia","Rodriguez",2000,14716,3295,3295
"Olivia","Smith",1970,14055,3473,3473
"Olivia","Smith",1970,16877,1257,1257
"Olivia","Smith",1970,17254,3565,3565
"Olivia","Smith",1971,16319,2748,2748
"Olivia","Smith",1972,12940,9630,9630
"Olivia","Smith",1973,12745,3001,3001
"Olivia","Smith",1975,10120,6610,6610
"Olivia","Smith",1975,18968,3211,3211
"Olivia","Smith",1977,14965,4968,4968
"Olivia","Smith",1977,17957,4773,4773
"Olivia","Smith",1977,18014,9376,9376
"Olivia","Smith",1977,19395,6055,6055
"Olivia","Smith",1978,10750,3199,3199
"Olivia","Smith",1978,13702,8976,8976
"Olivia","Smith",1980,18131,3304,3304
"Olivia","Smith",1981,17820,5846,5846
"Olivia","Smith",1982,10709,9431,9431
"Olivia","Smith",1982,16308,342,342
"Olivia","Smith",1983,13479,5803,5803
"Olivia","Smith",1983,13562,8603,8603
"Olivia","Smith",1984,19298,1655,1655
"Olivia","Smith",1986,11792,9487,9487
"Olivia","Smith",1986,14648,7731,7731
"Olivia","Smith",1986,16253,5141,5141
"Olivia","Smith",1988,18252,2374,2374
"Olivia","Smith",1989,13753,1916,1916
"Olivia","Smith",1990,12185,1324,1324
"Olivia","Smith",1990,13085,6433,6433
"Olivia","Smith",1990,17702,2595,2595
"Olivia","Smith",1990,18199,2770,2770
"Olivia","Smith",1991,10912,8821,8821
"Olivia","Smith",1992,14134,319,319
"Olivia","Smith",1992,19025,7163,7163
"Olivia","Smith",1993,12894,4085,4085
"Olivia","Smith",1994,10498,9090,9090
"Olivia","Smith",1994,15837,4536,4536
"Olivia","Smith",1995,12076,2509,2509
"Olivia","Smith",1996,14481,7676,7676
"Olivia","Smith",1997,12503,5181,5181
"Olivia","Smith",1997,14999,9996,9996
"Olivia","Smith",1997,19966,6379,6379
"Olivia","Smith",1998,11253,5199,5199
"Olivia","Smith",1999,12676,6690,6690
"Olivia","Smith",1999,19653,2130,2130
"Olivia","Smith",2000,11667,5058,5058
"Olivia","Smith",2000,16158,6882,6882
"Olivia","Smith",2000,16531,6932,6932
"Olivia","Williams",1972,18330,8980,8980
"Olivia","Williams",1973,11145,9661,9661
"Olivia","Williams",1973,12344,7652,7652
"Olivia","Williams",1974,13794,7009,7009
"Olivia","Williams",1974,16990,8425,8425
"Olivia","Williams",1975,13884,7118,7118
"Olivia","Williams",1975,16838,4858,4858
"Olivia","Williams",1976,10681,4442,4442
"Olivia","Williams",1976,12458,3721,3721
"Olivia","Williams",1976,15966,6619,6619
"Olivia","Williams",1977,12410,9003,9003
"Olivia","Williams",1977,14736,3104,3104
"Olivia","Williams",1977,18771,7177,7177
"Olivia","Williams",1977,18959,2683,2683
"Olivia","Williams",1978,19698,4934,4934
"Olivia","Williams",1979,15732,9355,9355
"Olivia","Williams",1979,18183,417,417
"Olivia","Williams",1980,13085,7217,7217
"Olivia","Williams",1980,14077,9808,9808
"Olivia","Williams",1980,18436,7901,7901
"Olivia","Williams",1981,11611,2550,2550
"Olivia","Williams",1981,12898,6462,6462
"Olivia","Williams",1981,13880,4418,4418
"Olivia","Williams",1981,17051,7584,7584
"Olivia","Williams",1981,18341,2794,2794
"Olivia","Williams",1982,11315,7655,7655
"Olivia","Williams",1982,12266,2107,2107
"Olivia","Williams",1985,11412,8877,8877
"Olivia","Williams",1985,14288,5783,5783
"Olivia","Williams",1987,11547,4267,4267
"Olivia","Williams",1987,15572,2220,2220
"Olivia","Williams",1987,19643,3978,3978
"Olivia","Williams",1989,14423,1786,1786
"Olivia","Williams",1991,10018,1794,1794
"Olivia","Williams",1991,10624,5867,5867
"Olivia","Williams",1992,15978,5834,5834
"Olivia","Williams",1993,17879,7330,7330
"Olivia","Williams",1994,13286,4677,4677
"Olivia","Williams",1994,16456,9191,9191
"Olivia","Williams",1995,17407,9188,9188
"Olivia","Williams",1995,19753,3788,3788
"Olivia","Williams",1996,15657,1325,1325
"Olivia","Williams",1997,12535,8613,8613
"Olivia","Williams",1997,15981,190,190
"Olivia","Williams",1999,19979,5728,5728
"Olivia","Williams",2000,18091,6185,6185
"Sarah","Brown",1970,13862,4448,4448
"Sarah","Brown",1970,19029,6643,6643
"Sarah","Brown",1971,11724,9609,9609
"Sarah","Brown",1971,17948,6705,6705
"Sarah","Brown",1971,19862,1291,1291
"Sarah","Brown",1972,13020,8459,8459
"Sarah","Brown",1972,13665,128,128
"Sarah","Brown",1973,13035,9920,9920
"Sarah","Brown",1973,18368,9096,9096
"Sarah","Brown",1975,13816,4505,4505
"Sarah","Brown",1976,10057,9460,9460
"Sarah","Brown",1976,14124,685,685
"Sarah","Brown",1976,16474,6224,6224
"Sarah","Brown",1976,19350,3950,3950
"Sarah","Brown",1976,19475,7335,7335
"Sarah","Brown",1978,12385,134,134
"Sarah","Brown",1981,13337,8749,8749
"Sarah","Brown",1981,16253,6980,6980
"Sarah","Brown",1982,10021,4908,4908
"Sarah","Brown",1982,17482,1284,1284
"Sarah","Brown",1982,19497,483,483
"Sarah","Brown",1983,12906,9147,9147
"Sarah","Brown",1984,14883,2452,2452
"Sarah","Brown",1984,17780,6970,6970
"Sarah","Brown",1984,19403,1221,1221
"Sarah","Brown",1986,10658,7594,7594
"Sarah","Brown",1987,18085,7354,7354
"Sarah","Brown",1989,19148,4380,4380
"Sarah","Brown",1990,10239,3225,3225
"Sarah","Brown",1990,12528,3760,3760
"Sarah","Brown",1990,19542,1262,1262
"Sarah","Brown",1991,12726,8353,8353
"Sarah","Brown",1991,16848,5235,5235
"Sarah","Brown",1992,15045,9114,9114
"Sarah","Brown",1993,12066,9202,9202
"Sarah","Brown",1993,16573,8698,8698
"Sarah","Brown",1993,18105,899,899
"Sarah","Brown",1994,11314,2108,2108
"Sarah","Brown",1994,13056,9736,9736
"Sarah","Brown",1994,13944,6214,6214
"Sarah","Brown",1995,10671,1398,1398
"Sarah","Brown",1995,18965,2413,2413
"Sarah","Brown",1996,18719,4413,4413
"Sarah","Brown",1997,12780,1227,1227
"Sarah","Brown",1997,16542,8762,8762
"Sarah","Brown",1998,12291,4206,4206
"Sarah","Brown",1999,15468,8968,8968
"Sarah","Davis",1971,19365,9731,9731
"Sarah","Davis",1972,17366,9374,9374
"Sarah","Davis",1973,12023,9325,9325
"Sarah","Davis",1974,10247,1072,1072
"Sarah","Davis",1974,14665,8404,8404
"Sarah","Davis",1974,17037,518,518
"Sarah","Davis",1974,18735,6419,6419
"Sarah","Davis",1979,16371,7399,7399
"Sarah","Davis",1979,19720,8860,8860
"Sarah","Davis",1980,14503,5002,5002
"Sarah","Davis",1980,14961,5297,5297
"Sarah","Davis",1980,16525,7888,7888
"Sarah","Davis",1980,16937,36,36
"Sarah","Davis",1980,18036,6416,6416
"Sarah","Davis",1980,18473,3351,3351
"Sarah","Davis",1981,14658,8338,8338
"Sarah","Davis",1981,17781,201,201
"Sarah","Davis",1982,11899,2062,2062
"Sarah","Davis",1982,15180,6981,6981
"Sarah","Davis",1984,16818,450,450
"Sarah","Davis",1985,10984,9470,9470
"Sarah","Davis",1985,13485,4775,4775
"Sarah","Davis",1985,16526,9908,9908
"Sarah","Davis",1986,10194,834,834
"Sarah","Davis",1986,10570,7508,7508
"Sarah","Davis",1986,17248,2510,2510
"Sarah","Davis",1988,15329,5411,5411
"Sarah","Davis",1989,12077,5673,5673
"Sarah","Davis",1989,19955,8203,8203
"Sarah","Davis",1990,17457,7451,7451
"Sarah","Davis",1991,13338,8401,8401
"Sarah","Davis",1991,19354,9580,9580
"Sarah","Davis",1992,13687,9890,9890
"Sarah","Davis",1993,19884,8964,8964
"Sarah","Davis",1994,17254,7276,7276
"Sarah","Davis",1996,10241,6876,6876
"Sarah","Davis",1996,16336,4955,4955
"Sarah","Davis",1996,18587,4016,4016
"Sarah","Davis",1996,18623,3847,3847
"Sarah","Davis",1997,11323,3897,3897
"Sarah","Davis",1998,11365,5090,5090
"Sarah","Davis",1998,12656,5725,5725
"Sarah","Davis",2000,16574,2023,2023
"Sarah","Davis",2000,19432,2579,2579
"Sarah","Garcia",1973,11677,8888,8888
"Sarah","Garcia",1975,16812,9123,9123
"Sarah","Garcia",1976,14254,5276,5276
"Sarah","Garcia",1977,13553,7400,7400
"Sarah","Garcia",1978,19284,1734,1734
"Sarah","Garcia",1979,12882,5847,5847
"Sarah","Garcia",1979,14612,2286,2286
"Sarah","Garcia",1979,15029,7144,7144
"Sarah","Garcia",1980,11130,4064,4064
"Sarah","Garcia",1980,11551,368,368
"Sarah","Garcia",1981,15058,3705,3705
"Sarah","Garcia",1983,13309,4565,4565
"Sarah","Garcia",1983,16961,6638,6638
"Sarah","Garcia",1984,13208,8844,8844
"Sarah","Garcia",1984,16286,5093,5093
"Sarah","Garcia",1985,19604,6054,6054
"Sarah","Garcia",1986,17515,3585,3585
"Sarah","Garcia",1986,18957,987,987
"Sarah","Garcia",1988,10310,9420,9420
"Sarah","Garcia",1988,14419,2402,2402
"Sarah","Garcia",1988,16474,7367,7367
"Sarah","Garcia",1988,17180,6616,6616
"Sarah","Garcia",1990,16966,5441,5441
"Sarah","Garcia",1990,17410,7721,7721
"Sarah","Garcia",1991,17274,6689,6689
"Sarah","Garcia",1992,11515,8304,8304
"Sarah","Garcia",1992,12539,8937,8937
"Sarah","Garcia",1992,14403,795,795
"Sarah","Garcia",1992,17425,62,62
"Sarah","Garcia",1993,17843,6978,6978
"Sarah","Garcia",1995,16283,2511,2511
"Sarah","Garcia",1996,11626,9838,9838
"Sarah","Garcia",1996,18380,7273,7273
"Sarah","Garcia",1996,18450,8431,8431
"Sarah","Garcia",1997,13097,4626,4626
"Sarah","Garcia",1997,16371,8065,8065
"Sarah","Garcia",1997,17647,618,618
"Sarah","Garcia",1997,17862,2800,2800
"Sarah","Garcia",1998,19162,5549,5549
"Sarah","Garcia",2000,17426,421,421
"Sarah","Garcia",2000,18566,5216,5216
"Sarah","Garcia",2000,19650,7103,7103
"Sarah","Johnson",1971,16328,6397,6397
"Sarah","Johnson",1972,14706,4609,4609
"Sarah","Johnson",1972,15804,4404,4404
"Sarah","Johnson",1972,16280,1686,1686
"Sarah","Johnson",1973,13371,4507,4507
"Sarah","Johnson",1973,14040,6377,6377
"Sarah","Johnson",1973,18486,8885,8885
"Sarah","Johnson",1974,16459,4838,4838
"Sarah","Johnson",1975,18863,5657,5657
"Sarah","Johnson",1976,13875,5123,5123
"Sarah","Johnson",1976,15483,8969,8969
"Sarah","Johnson",1977,11612,8675,8675
"Sarah","Johnson",1977,14059,5853,5853
"Sarah","Johnson",1977,18336,5220,5220
"Sarah","Johnson",1978,15007,2242,2242
"Sarah","Johnson",1980,11889,2047,2047
"Sarah","Johnson",1982,17660,8262,8262
"Sarah","Johnson",1982,18026,1921,1921
"Sarah","Johnson",1983,10522,318,318
"Sarah","Johnson",1983,11930,8010,8010
"Sarah","Johnson",1983,16892,1037,1037
"Sarah","Johnson",1983,17744,4802,4802
"Sarah","Johnson",1983,19826,8228,8228
"Sarah","Johnson",1984,15294,6446,6446
"Sarah","Johnson",1986,10623,8097,8097
"Sarah","Johnson",1987,14315,859,859
"Sarah","Johnson",1987,15654,3734,3734
"Sarah","Johnson",1987,17163,3626,3626
"Sarah","Johnson",1988,17333,88,88
"Sarah","Johnson",1989,17587,2575,2575
"Sarah","Johnson",1989,19123,4969,4969
"Sarah","Johnson",1990,16728,6985,6985
"Sarah","Johnson",1992,16746,9210,9210
"Sarah","Johnson",1993,11460,4110,4110
"Sarah","Johnson",1993,12389,8363,8363
"Sarah","Johnson",1993,15454,9939,9939
"Sarah","Johnson",1994,13923,1254,1254
"Sarah","Johnson",1995,11326,5149,5149
"Sarah","Johnson",1995,12977,3109,3109
"Sarah","Johnson",1997,13804,7816,7816
"Sarah","Johnson",1997,15772,1611,1611
"Sarah","Johnson",1997,18974,3113,3113
"Sarah","Johnson",1999,14291,3268,3268
"Sarah","Johnson",1999,16711,2234,2234
"Sarah","Johnson",2000,11639,1638,1638
"Sarah","Jones",1970,16699,5459,5459
"Sarah","Jones",1970,17234,5727,5727
"Sarah","Jones",1973,13910,7424,7424
"Sarah","Jones",1973,16110,2301,2301
"Sarah","Jones",1975,19710,906,906
"Sarah","Jones",1976,14765,868,868
"Sarah","Jones",1976,16797,6591,6591
"Sarah","Jones",1977,14838,8534,8534
"Sarah","Jones",1978,13458,6030,6030
"Sarah","Jones",1978,19382,8491,8491
"Sarah","Jones",1979,14165,1231,1231
"Sarah","Jones",1979,17500,5217,5217
"Sarah","Jones",1980,16660,9834,9834
"Sarah","Jones",1981,17348,1020,1020
"Sarah","Jones",1981,17358,3359,3359
"Sarah","Jones",1982,17801,9906,9906
"Sarah","Jones",1982,18110,1011,1011
"Sarah","Jones",1982,18849,5946,5946
"Sarah","Jones",1983,13195,4417,4417
"Sarah","Jones",1983,17192,289,289
"Sarah","Jones",1984,11384,3935,3935
"Sarah","Jones",1985,14259,8541,8541
"Sarah","Jones",1985,14839,6189,6189
"Sarah","Jones",1985,16904,5246,5246
"Sarah","Jones",1985,18038,1358,1358
"Sarah","Jones",1986,13230,6579,6579
"Sarah","Jones",1986,14768,6488,6488
"Sarah","Jones",1986,14847,8741,8741
"Sarah","Jones",1987,14636,8309,8309
"Sarah","Jones",1988,11086,7505,7505
"Sarah","Jones",1988,19237,1981,1981
"Sarah","Jones",1990,10290,4815,4815
"Sarah","Jones",1990,10829,7415,7415
"Sarah","Jones",1990,15975,2593,2593
"Sarah","Jones",1991,11433,389,389
"Sarah","Jones",1991,15304,7911,7911
"Sarah","Jones",1991,16518,2272,2272
"Sarah","Jones",1991,16844,9093,9093
"Sarah","Jones",1992,13590,4511,4511
"Sarah","Jones",1992,19246,7553,7553
"Sarah","Jones",1993,13505,6150,6150
"Sarah","Jones",1994,14201,8820,8820
"Sarah","Jones",1997,12330,471,471
"Sarah","Jones",1997,16140,2213,2213
"Sarah","Jones",1997,17001,6892,6892
"Sarah","Jones",1998,12169,3128,3128
"Sarah","Jones",1999,16614,3115,3115
"Sarah","Martinez",1970,13880,8772,8772
"Sarah","Martinez",1970,16884,1518,1518
"Sarah","Martinez",1970,19191,277,277
"Sarah","Martinez",1971,12479,1394,1394
"Sarah","Martinez",1971,13675,9409,9409
"Sarah","Martinez",1971,15619,3194,3194
"Sarah","Martinez",1971,19396,3427,3427
"Sarah","Martinez",1973,13064,9172,9172
"Sarah","Martinez",1973,15403,8130,8130
"Sarah","Martinez",1973,16477,9540,9540
"Sarah","Martinez",1974,11985,8125,8125
"Sarah","Martinez",1975,10107,3588,3588
"Sarah","Martinez",1975,14292,8829,8829
"Sarah","Martinez",1976,16790,3310,3310
"Sarah","Martinez",1976,18229,2075,2075
"Sarah","Martinez",1977,12959,5318,5318
"Sarah","Martinez",1977,12982,6489,6489
"Sarah","Martinez",1977,17577,2795,2795
"Sarah","Martinez",1978,15678,1208,1208
"Sarah","Martinez",1978,17843,4241,4241
"Sarah","Martinez",1978,19556,7563,7563
"Sarah","Martinez",1981,12520,5468,5468
"Sarah","Martinez",1981,17418,7121,7121
"Sarah","Martinez",1982,11416,6340,6340
"Sarah","Martinez",1982,12575,7642,7642
"Sarah","Martinez",1983,17593,1040,1040
"Sarah","Martinez",1984,14157,1881,1881
"Sarah","Martinez",1985,13555,3177,3177
"Sarah","Martinez",1987,11862,432,432
"Sarah","Martinez",1989,14090,8916,8916
"Sarah","Martinez",1991,14596,1996,1996
"Sarah","Martinez",1993,10831,8489,8489
"Sarah","Martinez",1993,17493,8116,8116
"Sarah","Martinez",1993,18432,9552,9552
"Sarah","Martinez",1994,16595,5272,5272
"Sarah","Martinez",1994,17153,7822,7822
"Sarah","Martinez",1994,18626,5615,5615
"Sarah","Martinez",1995,11691,1390,1390
"Sarah","Martinez",1995,14564,5665,5665
"Sarah","Martinez",1995,18596,2188,2188
"Sarah","Martinez",1996,18887,862,862
"Sarah","Martinez",1997,12077,9924,9924
"Sarah","Martinez",1998,15105,8742,8742
"Sarah","Martinez",1999,10095,2195,2195
"Sarah","Martinez",2000,14914,7392,7392
"Sarah","Martinez",2000,17109,5488,5488
"Sarah","Miller",1971,10456,8791,8791
"Sarah","Miller",1971,14290,45,45
"Sarah","Miller",1971,15104,3193,3193
"Sarah","Miller",1971,17204,3152,3152
"Sarah","Miller",1972,12725,9249,9249
"Sarah","Miller",1973,13379,1817,1817
"Sarah","Miller",1973,18278,736,736
"Sarah","Miller",1974,15961,647,647
"Sarah","Miller",1975,10230,3327,3327
"Sarah","Miller",1975,19386,345,345
"Sarah","Miller",1977,17779,6040,6040
"Sarah","Miller",1977,18940,8181,8181
"Sarah","Miller",1979,12000,8242,8242
"Sarah","Miller",1979,15729,6105,6105
"Sarah","Miller",1979,19190,9756,9756
"Sarah","Miller",1980,11850,8147,8147
"Sarah","Miller",1980,11905,6670,6670
"Sarah","Miller",1980,19620,3374,3374
"Sarah","Miller",1981,10219,6366,6366
"Sarah","Miller",1982,12415,750,750
"Sarah","Miller",1982,19616,7411,7411
"Sarah","Miller",1984,11670,9735,9735
"Sarah","Miller",1984,16246,9577,9577
"Sarah","Miller",1985,15565,7304,7304
"Sarah","Miller",1985,16668,5872,5872
"Sarah","Miller",1986,19454,4655,4655
"Sarah","Miller",1987,10094,1650,1650
"Sarah","Miller",1987,10139,91,91
"Sarah","Miller",1987,11163,774,774
"Sarah","Miller",1988,13392,3462,3462
"Sarah","Miller",1990,10042,7590,7590
"Sarah","Miller",1990,16756,4472,4472
"Sarah","Miller",1990,18189,3345,3345
"Sarah","Miller",1992,13306,7725,7725
"Sarah","Miller",1992,15352,4000,4000
"Sarah","Miller",1995,11014,1644,1644
"Sarah","Miller",1995,19701,3798,3798
"Sarah","Miller",1996,13978,5328,5328
"Sarah","Miller",1996,14507,6516,6516
"Sarah","Miller",1996,14513,8221,8221
"Sarah","Miller",1996,16637,361,361
"Sarah","Miller",1996,19593,8932,8932
"Sarah","Miller",1997,14046,8148,8148
"Sarah","Miller",1998,15919,9952,9952
"Sarah","Miller",1999,13239,2766,2766
"Sarah","Miller",1999,13407,6337,6337
"Sarah","Miller",1999,13629,3882,3882
"Sarah","Miller",2000,14142,7090,7090
"Sarah","Miller",2000,18142,1835,1835
"Sarah","Rodriguez",1970,19669,6398,6398
"Sarah","Rodriguez",1972,11164,7444,7444
"Sarah","Rodriguez",1974,11960,4923,4923
"Sarah","Rodriguez",1974,12892,9486,9486
"Sarah","Rodriguez",1974,13136,9807,9807
"Sarah","Rodriguez",1974,17158,8714,8714
"Sarah","Rodriguez",1975,11045,164,164
"Sarah","Rodriguez",1975,15340,3089,3089
"Sarah","Rodriguez",1975,16354,9285,9285
"Sarah","Rodriguez",1977,14563,477,477
"Sarah","Rodriguez",1978,16360,8326,8326
"Sarah","Rodriguez",1978,17313,6660,6660
"Sarah","Rodriguez",1979,18083,2323,2323
"Sarah","Rodriguez",1980,12645,2859,2859
"Sarah","Rodriguez",1980,15454,1960,1960
"Sarah","Rodriguez",1980,19534,4144,4144
"Sarah","Rodriguez",1982,17367,6286,6286
"Sarah","Rodriguez",1983,15905,1815,1815
"Sarah","Rodriguez",1984,13758,5021,5021
"Sarah","Rodriguez",1985,18776,9127,9127
"Sarah","Rodriguez",1987,18313,8048,8048
"Sarah","Rodriguez",1988,11316,8233,8233
"Sarah","Rodriguez",1988,19347,7229,7229
"Sarah","Rodriguez",1990,12816,2308,2308
"Sarah","Rodriguez",1991,17856,6687,6687
"Sarah","Rodriguez",1992,11791,9857,9857
"Sarah","Rodriguez",1992,11935,8342,8342
"Sarah","Rodriguez",1992,19991,429,429
"Sarah","Rodriguez",1993,12619,1204,1204
"Sarah","Rodriguez",1993,14874,2804,2804
"Sarah","Rodriguez",1994,14748,7936,7936
"Sarah","Rodriguez",1995,15942,3446,3446
"Sarah","Rodriguez",1995,17752,1165,1165
"Sarah","Rodriguez",1995,18484,652,652
"Sarah","Rodriguez",1995,18570,1932,1932
"Sarah","Rodriguez",2000,12310,2845,2845
"Sarah","Smith",1970,14622,2150,2150
"Sarah","Smith",1970,15854,3451,3451
"Sarah","Smith",1970,16885,6748,6748
"Sarah","Smith",1971,15365,4845,4845
"Sarah","Smith",1972,10970,4961,4961
"Sarah","Smith",1972,11812,1297,1297
"Sarah","Smith",1973,16872,8485,8485
"Sarah","Smith",1973,17951,250,250
"Sarah","Smith",1975,15158,2309,2309
"Sarah","Smith",1975,16494,7035,7035
"Sarah","Smith",1976,18687,7703,7703
"Sarah","Smith",1977,12796,4182,4182
"Sarah","Smith",1978,10195,5325,5325
"Sarah","Smith",1978,12851,3127,3127
"Sarah","Smith",1978,16684,5827,5827
"Sarah","Smith",1980,11739,7341,7341
"Sarah","Smith",1980,14971,5338,5338
"Sarah","Smith",1981,17144,1601,1601
"Sarah","Smith",1982,11661,2361,2361
"Sarah","Smith",1982,13502,824,824
"Sarah","Smith",1983,13519,5516,5516
"Sarah","Smith",1983,17393,3966,3966
"Sarah","Smith",1983,17889,9023,9023
"Sarah","Smith",1983,19042,8439,8439
"Sarah","Smith",1984,18805,5371,5371
"Sarah","Smith",1985,10860,2722,2722
"Sarah","Smith",1986,15071,797,797
"Sarah","Smith",1986,15985,3563,3563
"Sarah","Smith",1986,17639,1701,1701
"Sarah","Smith",1986,17973,5,5
"Sarah","Smith",1987,11058,8421,8421
"Sarah","Smith",1987,16969,1661,1661
"Sarah","Smith",1988,16536,4601,4601
"Sarah","Smith",1988,19837,2660,2660
"Sarah","Smith",1989,17790,1369,1369
"Sarah","Smith",1990,15643,6322,6322
"Sarah","Smith",1990,17786,8808,8808
"Sarah","Smith",1991,11083,4509,4509
"Sarah","Smith",1991,13571,4529,4529
"Sarah","Smith",1992,11720,4927,4927
"Sarah","Smith",1992,11729,8339,8339
"Sarah","Smith",1992,15228,7255,7255
"Sarah","Smith",1994,10704,7657,7657
"Sarah","Smith",1995,14837,3265,3265
"Sarah","Smith",1996,13738,2557,2557
"Sarah","Smith",1998,12445,8,8
"Sarah","Smith",1998,13114,6524,6524
"Sarah","Smith",1999,11069,8662,8662
"Sarah","Smith",1999,19443,9583,9583
"Sarah","Smith",2000,13319,8767,8767
"Sarah","Smith",2000,17205,2197,2197
"Sarah","Williams",1971,12116,9145,9145
"Sarah","Williams",1971,18584,9126,9126
"Sarah","Williams",1972,19241,8174,8174
"Sarah","Williams",1973,14024,3422,3422
"Sarah","Williams",1973,15444,6648,6648
"Sarah","Williams",1973,17477,6394,6394
"Sarah","Williams",1974,12174,3316,3316
"Sarah","Williams",1974,14870,3399,3399
"Sarah","Williams",1974,18832,2754,2754
"Sarah","Williams",1975,11641,1033,1033
"Sarah","Williams",1975,17640,9748,9748
"Sarah","Williams",1976,10054,2645,2645
"Sarah","Williams",1977,11051,7566,7566
"Sarah","Williams",1979,10309,3965,3965
"Sarah","Williams",1979,18543,4954,4954
"Sarah","Williams",1980,15684,5203,5203
"Sarah","Williams",1981,14281,8963,8963
"Sarah","Williams",1981,16627,5777,5777
"Sarah","Williams",1982,15084,2251,2251
"Sarah","Williams",1982,15819,113,113
"Sarah","Williams",1983,15357,7848,7848
"Sarah","Williams",1984,13403,9350,9350
"Sarah","Williams",1985,13912,6365,6365
"Sarah","Williams",1985,17424,8565,8565
"Sarah","Williams",1985,19133,1637,1637
"Sarah","Williams",1986,13383,997,997
"Sarah","Williams",1987,13202,8839,8839
"Sarah","Williams",1987,15254,4423,4423
"Sarah","Williams",1988,14334,9653,9653
"Sarah","Williams",1989,10781,6363,6363
"Sarah","Williams",1989,13682,6291,6291
"Sarah","Williams",1989,18783,4210,4210
"Sarah","Williams",1990,11194,6736,6736
"Sarah","Williams",1990,17679,4139,4139
"Sarah","Williams",1991,12538,7708,7708
"Sarah","Williams",1992,10842,8735,8735
"Sarah","Williams",1993,17456,1858,1858
"Sarah","Williams",1995,17431,9790,9790
"Sarah","Williams",1996,11911,1327,1327
"Sarah","Williams",1996,12088,7494,5500
"Sarah","Williams",1996,12088,5500,5500
"Sarah","Williams",1996,12326,3241,3241
"Sarah","Williams",1996,16850,4297,4297
"Sarah","Williams",1999,17330,1735,1735
"Sarah","Williams",2000,19473,6550,6550
"William","Brown",1970,13981,4205,4205
"William","Brown",1970,18452,2099,2099
"William","Brown",1971,14021,9246,9246
"William","Brown",1971,15675,6877,6877
"William","Brown",1972,12938,8687,8687
"William","Brown",1973,15270,1887,1887
"William","Brown",1973,15401,9518,9518
"William","Brown",1973,18148,3173,3173
"William","Brown",1973,18240,8060,8060
"William","Brown",1974,14590,1699,1699
"William","Brown",1975,11673,2662,2662
"William","Brown",1975,15343,1299,1299
"William","Brown",1977,12680,8506,8506
"William","Brown",1977,16147,1955,1955
"William","Brown",1977,19527,4104,4104
"William","Brown",1978,17631,3042,3042
"William","Brown",1979,12433,8218,8218
"William","Brown",1979,18778,7185,7185
"William","Brown",1979,19009,7812,7812
"William","Brown",1980,13551,648,648
"William","Brown",1982,15777,5310,5310
"William","Brown",1982,16682,384,384
"William","Brown",1982,18770,4066,4066
"William","Brown",1983,17405,923,923
"William","Brown",1984,14489,8072,8072
"William","Brown",1985,11867,1933,1933
"William","Brown",1985,19750,5964,5964
"William","Brown",1987,12252,8911,8911
"William","Brown",1987,12807,5551,5551
"William","Brown",1987,16269,6272,6272
"William","Brown",1989,16293,6417,6417
"William","Brown",1990,16096,3796,3796
"William","Brown",1990,16231,656,656
"William","Brown",1991,17144,6314,6314
"William","Brown",1991,18170,99,99
"William","Brown",1992,11612,3471,3471
"William","Brown",1992,15457,3262,3262
"William","Brown",1992,17168,3148,3148
"William","Brown",1992,19493,785,785
"William","Brown",1994,11154,6118,6118
"William","Brown",1994,16090,3860,3860
"William","Brown",1995,10342,3056,3056
"William","Brown",1995,13632,4405,4405
"William","Brown",1995,17784,3754,3754
"William","Brown",1998,13616,1484,1484
"William","Brown",1999,12143,9118,9118
"William","Brown",1999,15781,9244,9244
"William","Brown",1999,17530,8124,8124
"William","Brown",2000,14165,5782,5782
"William","Brown",2000,15463,9737,9737
"William","Davis",1970,10393,7278,7278
"William","Davis",1970,13058,1333,1333
"William","Davis",1970,13082,5841,5841
"William","Davis",1970,18434,2089,2089
"William","Davis",1971,16093,5637,5637
"William","Davis",1972,13648,9562,9562
"William","Davis",1972,19626,4343,4343
"William","Davis",1973,17968,7709,7709
"William","Davis",1975,12971,6590,6590
"William","Davis",1975,13616,1341,1341
"William","Davis",1975,14497,509,509
"William","Davis",1976,10199,2048,2048
"William","Davis",1976,19156,3732,3732
"William","Davis",1978,10254,3491,3491
"William","Davis",1980,14579,8879,8879
"William","Davis",1981,14812,3063,3063
"William","Davis",1982,18973,108,108
"William","Davis",1983,14846,4097,4097
"William","Davis",1984,16829,2924,2924
"William","Davis",1985,10731,2146,2146
"William","Davis",1985,14421,4720,4720
"William","Davis",1985,14958,1830,1830
"William","Davis",1985,17396,3697,3697
"William","Davis",1985,17923,9658,9658
"William","Davis",1986,15547,5950,5950
"William","Davis",1986,16226,5734,5734
"William","Davis",1987,12814,9882,9882
"William","Davis",1987,15347,2568,2568
"William","Davis",1988,11771,8127,8127
"William","Davis",1988,16563,5988,5988
"William","Davis",1990,14507,4680,4680
"William","Davis",1990,16959,1445,1445
"William","Davis",1991,14278,6554,6554
"William","Davis",1992,11322,8161,8161
"William","Davis",1992,13287,7488,7488
"William","Davis",1992,14447,8390,8390
"William","Davis",1992,14969,6073,6073
"William","Davis",1993,14664,8589,8589
"William","Davis",1994,11200,6710,6710
"William","Davis",1995,16973,7993,7993
"William","Davis",1995,18830,742,742
"William","Davis",1996,12219,8948,8948
"William","Davis",1996,15345,8653,8653
"William","Davis",1997,12101,5052,5052
"William","Davis",1997,13840,6692,6692
"William","Davis",1999,11242,8811,8811
"William","Davis",2000,11373,8615,8615
"William","Garcia",1971,11418,3907,3907
"William","Garcia",1971,13369,8513,8513
"William","Garcia",1971,16120,1632,1632
"William","Garcia",1973,12767,5550,5550
"William","Garcia",1973,14096,499,499
"William","Garcia",1973,18561,913,913
"William","Garcia",1973,19855,1283,1283
"William","Garcia",1974,11329,793,793
"William","Garcia",1974,13939,1465,1465
"William","Garcia",1974,16132,4052,4052
"William","Garcia",1974,16863,7016,7016
"William","Garcia",1974,19286,3306,3306
"William","Garcia",1976,11704,6448,6448
"William","Garcia",1976,12682,1503,1503
"William","Garcia",1976,19870,6428,6428
"William","Garcia",1977,17023,2126,2126
"William","Garcia",1977,19839,28,28
"William","Garcia",1980,13944,2427,2427
"William","Garcia",1982,12666,515,515
"William","Garcia",1982,13634,2785,2785
"William","Garcia",1982,15181,2665,2665
"William","Garcia",1982,16812,3076,3076
"William","Garcia",1982,18562,3507,3507
"William","Garcia",1983,19582,8853,8853
"William","Garcia",1985,15778,4893,4893
"William","Garcia",1985,19535,6560,6560
"William","Garcia",1988,16447,7788,7788
"William","Garcia",1989,13523,32,32
"William","Garcia",1989,17522,1694,1694
"William","Garcia",1989,19050,9635,9635
"William","Garcia",1990,14048,3991,3991
"William","Garcia",1991,10655,5357,5357
"William","Garcia",1992,16744,4615,4615
"William","Garcia",1994,17784,500,500
"William","Garcia",1995,15129,7275,7275
"William","Garcia",1996,16832,7886,7886
"William","Garcia",1998,15325,4745,4745
"William","Garcia",1998,17608,2249,2249
"William","Garcia",1998,18822,5969,5969
"William","Garcia",1998,19567,5825,5825
"William","Garcia",1999,13423,5850,5850
"William","Garcia",1999,17571,3438,3438
"William","Johnson",1970,10635,9055,9055
"William","Johnson",1970,19192,2001,2001
"William","Johnson",1971,10778,9582,9582
"William","Johnson",1971,18210,2124,2124
"William","Johnson",1971,19046,355,355
"William","Johnson",1972,10264,6994,6994
"William","Johnson",1972,10707,1076,1076
"William","Johnson",1972,11862,344,344
"William","Johnson",1973,13016,1401,1401
"William","Johnson",1973,15185,6342,6342
"William","Johnson",1973,18911,892,892
"William","Johnson",1974,15596,6290,6290
"William","Johnson",1974,16409,8249,8249
"William","Johnson",1974,19623,5671,5671
"William","Johnson",1975,18674,4744,4744
"William","Johnson",1976,13289,9214,9214
"William","Johnson",1976,15857,6571,6571
"William","Johnson",1977,18492,5034,5034
"William","Johnson",1980,12576,3022,3022
"William","Johnson",1980,16118,1918,1918
"William","Johnson",1982,13597,1628,1628
"William","Johnson",1982,15573,9666,9666
"William","Johnson",1983,11249,8352,8352
"William","Johnson",1985,16129,34,34
"William","Johnson",1985,17796,9015,9015
"William","Johnson",1987,11864,25,25
"William","Johnson",1987,14314,1427,1427
"William","Johnson",1988,12557,3292,3292
"William","Johnson",1988,12737,1929,1929
"William","Johnson",1989,18488,8616,8616
"William","Johnson",1990,14937,1660,1660
"William","Johnson",1990,18557,8298,8298
"William","Johnson",1990,19341,8904,8904
"William","Johnson",1991,19391,4406,4406
"William","Johnson",1992,19761,4484,4484
"William","Johnson",1993,19753,6621,6621
"William","Johnson",1994,16759,1306,1306
"William","Johnson",1994,19207,4153,4153
"William","Johnson",1994,19557,8958,8958
"William","Johnson",1995,11978,2908,2908
"William","Johnson",1995,18957,9262,9262
"William","Johnson",1996,10048,9846,9846
"William","Johnson",1997,11473,457,457
"William","Johnson",1997,13994,3539,3539
"William","Johnson",1998,13591,9129,9129
"William","Johnson",1998,19072,655,655
"William","Johnson",1999,12716,6007,6007
"William","Johnson",1999,13410,7872,7872
"William","Johnson",1999,13480,2141,2141
"William","Jones",1970,17641,4155,4155
"William","Jones",1971,14604,8432,8432
"William","Jones",1972,10651,5204,5204
"William","Jones",1972,16704,5263,5263
"William","Jones",1974,19468,8197,8197
"William","Jones",1975,15996,3531,3531
"William","Jones",1975,17291,5902,5902
"William","Jones",1975,19587,257,257
"William","Jones",1977,13088,8573,8573
"William","Jones",1978,12909,7002,7002
"William","Jones",1979,16918,7073,7073
"William","Jones",1979,19446,1732,1732
"William","Jones",1980,13547,4218,4218
"William","Jones",1980,14832,2100,2100
"William","Jones",1980,18842,5586,5586
"William","Jones",1981,12497,7443,7443
"William","Jones",1981,13083,6930,6930
"William","Jones",1981,14350,7446,7446
"William","Jones",1981,15308,159,159
"William","Jones",1981,17026,1468,1468
"William","Jones",1981,17093,7588,7588
"William","Jones",1981,18727,2862,2862
"William","Jones",1984,11512,4903,4903
"William","Jones",1985,12029,2276,2276
"William","Jones",1985,17115,3501,3501
"William","Jones",1985,18472,2425,2425
"William","Jones",1987,17250,8235,8235
"William","Jones",1988,12951,469,469
"William","Jones",1989,15405,6778,6778
"William","Jones",1989,16019,6606,6606
"William","Jones",1991,12747,186,186
"William","Jones",1991,16642,6046,6046
"William","Jones",1992,12231,7687,7687
"William","Jones",1993,11758,3484,3484
"William","Jones",1994,10257,3090,3090
"William","Jones",1995,10748,415,415
"William","Jones",1996,10178,9712,9712
"William","Jones",1997,13119,7081,7081
"William","Jones",1998,10602,2919,2919
"William","Jones",1998,12170,7759,7759
"William","Jones",1998,19073,7720,7720
"William","Jones",1998,19802,3098,3098
"William","Jones",1999,10396,8898,8898
"William","Jones",1999,10455,2756,2756
"William","Jones",1999,18700,7189,7189
"William","Martinez",1971,14899,1343,1343
"William","Martinez",1972,13478,6826,6826
"William","Martinez",1973,19580,9056,9056
"William","Martinez",1976,14153,6499,6499
"William","Martinez",1976,18414,1917,1917
"William","Martinez",1977,15637,98,98
"William","Martinez",1977,19165,165,165
"William","Martinez",1978,15743,519,519
"William","Martinez",1978,16902,5300,5300
"William","Martinez",1978,19635,6546,6546
"William","Martinez",1979,14443,8355,8355
"William","Martinez",1979,16696,8884,8884
"William","Martinez",1982,17834,4134,4134
"William","Martinez",1983,14193,4123,4123
"William","Martinez",1983,15157,5320,5320
"William","Martinez",1984,11068,8089,8089
"William","Martinez",1984,12095,789,789
"William","Martinez",1984,14249,8475,8475
"William","Martinez",1984,16597,1433,1433
"William","Martinez",1985,19420,4369,4369
"William","Martinez",1986,18785,4190,4190
"William","Martinez",1988,10098,5231,5231
"William","Martinez",1988,16289,7595,7595
"William","Martinez",1988,17265,5987,5987
"William","Martinez",1990,17094,5392,5392
"William","Martinez",1991,11737,9372,9372
"William","Martinez",1991,15887,8082,8082
"William","Martinez",1992,18121,112,112
"William","Martinez",1992,18290,3149,3149
"William","Martinez",1993,17058,9070,9070
"William","Martinez",1995,12385,2585,2585
"William","Martinez",1995,17150,3616,3616
"William","Martinez",1995,18550,7762,7762
"William","Martinez",1996,11647,8045,8045
"William","Martinez",1997,15401,3742,3742
"William","Martinez",1999,19420,5420,5420
"William","Martinez",2000,10263,3647,3647
"William","Martinez",2000,12225,4575,4575
"William","Miller",1970,13328,196,196
"William","Miller",1970,17042,5334,5334
"William","Miller",1971,10045,7500,7500
"William","Miller",1973,10625,4378,4378
"William","Miller",1973,15529,5434,5434
"William","Miller",1974,10702,3613,3613
"William","Miller",1974,14254,2727,2727
"William","Miller",1974,19924,609,609
"William","Miller",1976,14178,5973,5973
"William","Miller",1977,16056,7347,7347
"William","Miller",1977,17138,5691,5691
"William","Miller",1978,16050,7678,7678
"William","Miller",1978,16809,6313,6313
"William","Miller",1979,13766,7271,7271
"William","Miller",1981,11405,513,513
"William","Miller",1981,13739,3373,3373
"William","Miller",1981,18494,9660,9660
"William","Miller",1982,13045,711,711
"William","Miller",1982,13334,5816,5816
"William","Miller",1982,17213,4271,4271
"William","Miller",1984,15158,4341,4341
"William","Miller",1986,13213,4926,4926
"William","Miller",1988,10381,7178,7178
"William","Miller",1988,12279,5164,5164
"William","Miller",1989,17267,8917,8917
"William","Miller",1989,19762,7007,7007
"William","Miller",1990,14213,4307,4307
"William","Miller",1991,14542,967,967
"William","Miller",1991,19533,7377,7377
"William","Miller",1992,10221,3535,3535
"William","Miller",1993,16204,5808,5808
"William","Miller",1993,19206,3219,3219
"William","Miller",1994,19271,1219,1219
"William","Miller",1995,11792,8876,8876
"William","Miller",1995,15987,1511,1511
"William","Miller",1995,19962,8509,8509
"William","Miller",1996,10422,398,398
"William","Miller",1996,12135,4488,4488
"William","Miller",1996,18746,8202,8202
"William","Miller",1997,13294,1236,1236
"William","Miller",1997,13572,4766,4766
"William","Miller",1997,17773,8076,8076
"William","Miller",1998,13983,847,847
"William","Miller",1999,19728,8672,8672
"William","Miller",2000,13351,4747,4747
"William","Miller",2000,13673,6099,6099
"William","Miller",2000,17510,4265,4265
"William","Miller",2000,19283,3053,3053
"William","Miller",2000,19996,424,424
"William","Rodriguez",1971,18145,1347,1347
"William","Rodriguez",1972,15682,887,887
"William","Rodriguez",1972,17898,650,650
"William","Rodriguez",1973,13872,4382,4382
"William","Rodriguez",1974,12556,4748,4748
"William","Rodriguez",1974,19621,6477,6477
"William","Rodriguez",1975,15716,5506,5506
"William","Rodriguez",1975,16648,8944,8944
"William","Rodriguez",1976,16665,6458,6458
"William","Rodriguez",1977,12173,1506,1506
"William","Rodriguez",1977,18975,176,176
"William","Rodriguez",1978,15700,6921,6921
"William","Rodriguez",1978,17296,5873,5873
"William","Rodriguez",1979,16219,4769,4769
"William","Rodriguez",1980,13738,8600,8600
"William","Rodriguez",1980,17618,1698,1698
"William","Rodriguez",1981,11674,9970,9970
"William","Rodriguez",1983,18303,5193,5193
"William","Rodriguez",1985,15004,1237,1237
"William","Rodriguez",1985,16682,8199,8199
"William","Rodriguez",1988,15011,3986,3986
"William","Rodriguez",1990,12540,9505,9505
"William","Rodriguez",1990,16216,372,372
"William","Rodriguez",1991,18886,8059,8059
"William","Rodriguez",1992,15188,6948,6948
"William","Rodriguez",1993,14701,599,599
"William","Rodriguez",1994,10987,4365,4365
"William","Rodriguez",1994,13398,3922,3922
"William","Rodriguez",1994,15223,121,121
"William","Rodriguez",1995,10479,2646,2646
"William","Rodriguez",1995,18788,1790,1790
"William","Rodriguez",1996,10709,9778,9778
"William","Rodriguez",1996,18862,7136,7136
"William","Rodriguez",1997,17051,7456,7456
"William","Rodriguez",1998,16612,9178,9178
"William","Rodriguez",1998,18952,701,701
"William","Rodriguez",1999,10124,3016,3016
"William","Rodriguez",1999,10579,9338,9338
"William","Rodriguez",1999,15278,1457,1457
"William","Rodriguez",2000,13496,1957,1957
"William","Rodriguez",2000,16086,8175,8175
"William","Smith",1970,10404,6507,6507
"William","Smith",1970,11472,4025,4025
"William","Smith",1971,11379,2801,2801
"William","Smith",1972,15376,2265,2265
"William","Smith",1973,19344,4285,4285
"William","Smith",1974,16453,5097,5097
"William","Smith",1975,12867,1647,1647
"William","Smith",1977,12412,5614,5614
"William","Smith",1977,18422,7780,7780
"William","Smith",1977,19846,9295,9295
"William","Smith",1978,12366,1075,1075
"William","Smith",1979,10281,1773,1773
"William","Smith",1979,10659,475,475
"William","Smith",1980,14517,5453,5453
"William","Smith",1983,17240,4867,4867
"William","Smith",1985,18722,724,724
"William","Smith",1985,19935,3730,3730
"William","Smith",1986,13390,7843,7843
"William","Smith",1987,10185,1353,1353
"William","Smith",1987,11122,825,825
"William","Smith",1988,10655,5461,5461
"William","Smith",1989,11868,8516,8516
"William","Smith",1989,12214,4086,4086
"William","Smith",1990,15220,9561,9561
"William","Smith",1990,19801,5409,5409
"William","Smith",1992,17649,5799,5799
"William","Smith",1993,16520,1814,1814
"William","Smith",1993,19145,2228,2228
"William","Smith",1994,14128,9551,9551
"William","Smith",1995,14196,9616,9616
"William","Smith",1996,12154,1860,1860
"William","Smith",1996,18680,6157,6157
"William","Smith",1996,18706,6041,6041
"William","Smith",1996,19490,8212,8212
"William","Smith",1997,10292,1498,1498
"William","Smith",1998,12318,2376,2376
"William","Smith",1999,15606,3248,3248
"William","Smith",1999,15914,7831,7831
"William","Smith",1999,16791,833,833
"William","Williams",1971,13125,267,267
"William","Williams",1971,17603,254,254
"William","Williams",1972,14715,5844,5844
"William","Williams",1973,10105,1473,1473
"William","Williams",1973,13645,2132,2132
"William","Williams",1973,15661,8057,8057
"William","Williams",1975,15784,7523,7523
"William","Williams",1976,12528,9664,9664
"William","Williams",1976,15055,431,431
"William","Williams",1976,17919,2627,2627
"William","Williams",1978,11309,7806,7806
"William","Williams",1978,12320,2189,2189
"William","Williams",1978,15798,1722,1722
"William","Williams",1978,19708,7765,7765
"William","Williams",1979,10024,9699,9699
"William","Williams",1979,11634,823,823
"William","Williams",1979,16447,1244,1244
"William","Williams",1980,13270,7824,7824
"William","Williams",1980,15634,4605,4605
"William","Williams",1980,17703,3126,3126
"William","Williams",1981,15421,8384,8384
"William","Williams",1982,11790,4346,4346
"William","Williams",1982,12753,6391,6391
"William","Williams",1983,10391,9381,9381
"William","Williams",1983,14504,5801,5801
"William","Williams",1983,18913,3871,3871
"William","Williams",1984,13154,7134,7134
"William","Williams",1985,14545,728,728
"William","Williams",1986,17920,4072,4072
"William","Williams",1987,15071,7887,7887
"William","Williams",1988,14497,616,616
"William","Williams",1988,14790,4880,4880
"William","Williams",1988,15002,3510,3510
"William","Williams",1989,10270,3337,3337
"William","Williams",1989,11736,6982,6982
"William","Williams",1989,12457,420,420
"William","Williams",1990,11139,5140,5140
"William","Williams",1990,15480,7542,7542
"William","Williams",1990,16485,6101,6101
"William","Williams",1991,12783,7639,7639
"William","Williams",1992,18833,2169,2169
"William","Williams",1993,11903,8444,8444
"William","Williams",1993,16357,6535,6535
"William","Williams",1994,12000,6005,6005
"William","Williams",1994,18538,8430,8430
"William","Williams",1994,19524,600,600
"William","Williams",1997,13812,8537,8537
"William","Williams",1998,11204,7641,7641
"William","Williams",1999,16392,2040,2040
"William","Williams",2000,12278,3725,3725
"William","Williams",2000,18670,5868,5868
