"id","firstname","lastname","birthyear","zipcode","gamma.1","gamma.2","gamma.3","gamma.4","posterior"
1,"Michael","Martinez",1984,19201,2,2,2,2,0.999606254813491
2,"Michael","Smith",1992,18881,2,2,2,2,0.999606254813491
3,"Olivia","Miller",1981,12543,2,2,2,2,0.999606254813491
4,"Jane","Williams",1982,11103,2,0,2,2,0.9851868388166
5,"Sarah","Smith",1986,17973,2,2,2,2,0.999606254813491
7,"Emily","Smith",1996,15704,2,2,2,2,0.999606254813491
8,"Sarah","Smith",1998,12445,2,2,2,2,0.999606254813491
9,"James","Johnson",1987,11533,2,2,2,2,0.999606254813491
10,"Olivia","Johnson",2000,12454,2,2,2,2,0.999606254813491
11,"David","Jones",1986,11394,2,2,2,2,0.999606254813491
12,"Michael","Miller",1975,15922,2,2,2,2,0.999606254813491
13,"James","Davis",1997,15865,2,2,2,2,0.999606254813491
14,"James","Davis",1980,15451,2,2,2,2,0.999606254813491
15,"James","Johnson",1985,19755,2,2,2,2,0.999606254813491
16,"Michael","Smith",1997,16361,2,2,2,2,0.999606254813491
17,"Emma","Williams",1977,12735,2,2,2,2,0.999606254813491
18,"Olivia","Johnson",1985,15754,0,2,2,2,0.985296268614473
19,"William","Smith",2000,15493,0,2,2,2,0.985296268614473
20,"Olivia","Rodriguez",1974,15428,2,2,2,2,0.999606254813491
22,"Michael","Smith",1989,15347,0,2,2,2,0.985296268614473
23,"Emily","Brown",1981,18910,2,2,2,2,0.999606254813491
25,"William","Johnson",1987,11864,2,2,2,2,0.999606254813491
26,"David","Miller",1983,14013,0,2,2,2,0.985296268614473
27,"Olivia","Davis",1983,15169,2,2,2,2,0.999606254813491
28,"William","Garcia",1977,19839,2,2,2,2,0.999606254813491
29,"James","Williams",1989,10166,2,2,2,2,0.999606254813491
30,"James","Johnson",1974,11668,2,0,2,2,0.9851868388166
31,"Olivia","Johnson",1992,14730,2,0,2,2,0.9851868388166
32,"William","Garcia",1989,13523,2,2,2,2,0.999606254813491
34,"William","Johnson",1985,16129,2,2,2,2,0.999606254813491
35,"David","Davis",1984,13217,2,2,2,2,0.999606254813491
36,"Sarah","Davis",1980,16937,2,2,2,2,0.999606254813491
37,"James","Jones",1995,13546,2,2,2,2,0.999606254813491
38,"Jane","Smith",1972,14570,2,2,0,2,0.953764941384782
39,"David","Johnson",1998,14383,2,0,2,2,0.9851868388166
40,"Emma","Garcia",1976,15603,2,0,2,2,0.9851868388166
41,"Jane","Brown",1995,13044,2,2,2,2,0.999606254813491
42,"John","Jones",1998,17559,2,0,2,2,0.9851868388166
43,"James","Johnson",1990,10295,2,2,2,2,0.999606254813491
44,"James","Jones",1974,17011,2,2,0,2,0.953764941384782
45,"Sarah","Miller",1971,14290,2,2,2,2,0.999606254813491
46,"David","Williams",1994,13563,2,2,2,2,0.999606254813491
47,"James","Smith",1987,12233,2,2,2,2,0.999606254813491
48,"Olivia","Martinez",1980,16813,2,0,2,2,0.9851868388166
49,"Emily","Johnson",1973,13224,2,2,0,2,0.953764941384782
51,"Emma","Smith",1978,17694,2,2,2,2,0.999606254813491
52,"Sarah","Miller",1999,14126,2,0,2,2,0.9851868388166
53,"Sarah","Smith",1970,13449,2,2,0,2,0.953764941384782
54,"William","Rodriguez",1972,19311,2,2,0,2,0.953764941384782
55,"John","Williams",1974,11215,2,0,2,2,0.9851868388166
56,"Sarah","Garcia",1996,19852,2,2,0,2,0.953764941384782
57,"Jane","Rodriguez",1996,14396,0,2,2,2,0.985296268614473
58,"John","Rodriguez",2000,10654,0,2,2,2,0.985296268614473
61,"David","Jones",1995,11458,2,2,2,2,0.999606254813491
62,"Sarah","Garcia",1992,17425,2,2,2,2,0.999606254813491
63,"Michael","Smith",1973,11292,2,0,2,2,0.9851868388166
65,"Emily","Miller",1987,14656,2,2,2,2,0.999606254813491
66,"Sarah","Garcia",1982,19547,0,2,2,2,0.985296268614473
67,"James","Williams",1970,12227,2,2,2,2,0.999606254813491
68,"James","Rodriguez",1982,16673,2,2,2,2,0.999606254813491
69,"William","Garcia",1981,12043,2,0,2,2,0.9851868388166
71,"Emma","Smith",1989,14708,2,0,2,2,0.9851868388166
72,"James","Johnson",1995,15179,2,2,2,2,0.999606254813491
74,"William","Rodriguez",2000,11045,2,2,0,2,0.953764941384782
75,"Michael","Miller",1989,19545,2,2,2,2,0.999606254813491
76,"William","Rodriguez",1996,15656,0,2,2,2,0.985296268614473
77,"Sarah","Garcia",1970,16542,2,0,2,2,0.9851868388166
78,"Olivia","Miller",1981,15878,2,2,0,2,0.953764941384782
79,"David","Williams",1980,17309,2,2,2,2,0.999606254813491
81,"Emma","Williams",1981,14938,2,0,2,2,0.9851868388166
82,"Michael","Jones",1978,14841,2,2,2,2,0.999606254813491
83,"Olivia","Jones",1984,15698,0,2,2,2,0.985296268614473
84,"Jane","Jones",1993,12344,2,2,0,2,0.953764941384782
86,"Jane","Williams",1970,13503,2,2,2,2,0.999606254813491
87,"Olivia","Garcia",1993,18458,2,2,0,2,0.953764941384782
88,"Sarah","Johnson",1988,17333,2,2,2,2,0.999606254813491
89,"Emily","Rodriguez",1973,17852,2,2,2,2,0.999606254813491
90,"John","Davis",1973,14299,2,2,2,2,0.999606254813491
91,"Sarah","Miller",1987,10139,2,2,2,2,0.999606254813491
92,"Michael","Jones",1997,18361,2,2,2,2,0.999606254813491
94,"Michael","Miller",1979,16576,2,0,2,2,0.9851868388166
95,"Emma","Garcia",1989,10656,2,2,0,2,0.953764941384782
96,"John","Miller",1981,17749,2,2,2,2,0.999606254813491
97,"William","Davis",1983,18488,0,2,2,2,0.985296268614473
98,"William","Martinez",1977,15637,2,2,2,2,0.999606254813491
99,"William","Brown",1991,18170,2,2,2,2,0.999606254813491
100,"Olivia","Johnson",1976,11916,2,2,2,2,0.999606254813491
102,"William","Rodriguez",1979,15312,2,2,0,2,0.953764941384782
103,"Olivia","Miller",1989,15619,2,2,2,2,0.999606254813491
104,"David","Rodriguez",1977,17290,2,2,2,2,0.999606254813491
105,"Sarah","Miller",1987,15805,0,2,2,2,0.985296268614473
106,"Emma","Williams",1980,17220,0,2,2,2,0.985296268614473
108,"William","Davis",1982,18973,2,2,2,2,0.999606254813491
109,"Emily","Miller",1979,19168,2,2,2,2,0.999606254813491
110,"Michael","Jones",1990,14620,2,2,2,2,0.999606254813491
111,"James","Johnson",1984,13723,2,2,0,2,0.953764941384782
112,"William","Martinez",1992,18121,2,2,2,2,0.999606254813491
113,"Sarah","Williams",1982,15819,2,2,2,2,0.999606254813491
114,"Olivia","Davis",1997,17199,0,2,2,2,0.985296268614473
115,"James","Rodriguez",1987,10468,2,2,0,2,0.953764941384782
117,"Jane","Rodriguez",1988,15910,2,2,0,2,0.953764941384782
118,"Michael","Martinez",1996,17566,2,2,2,2,0.999606254813491
119,"Emma","Davis",1975,19083,2,0,2,2,0.9851868388166
121,"William","Rodriguez",1994,15223,2,2,2,2,0.999606254813491
122,"Emily","Brown",1996,15880,2,2,0,2,0.953764941384782
123,"John","Miller",1992,12563,2,2,2,2,0.999606254813491
126,"James","Rodriguez",1999,17133,2,0,2,2,0.9851868388166
127,"Emma","Williams",1985,12615,0,2,2,2,0.985296268614473
128,"Sarah","Brown",1972,13665,2,2,2,2,0.999606254813491
129,"Emily","Johnson",1986,18798,2,2,2,2,0.999606254813491
130,"Emma","Smith",1980,15647,2,2,2,2,0.999606254813491
131,"Michael","Johnson",1997,15086,2,0,2,2,0.9851868388166
132,"Emily","Williams",1994,16910,0,2,2,2,0.985296268614473
133,"Emily","Miller",1994,10443,2,0,2,2,0.9851868388166
134,"Sarah","Brown",1978,12385,2,2,2,2,0.999606254813491
135,"John","Johnson",1992,19875,2,2,0,2,0.953764941384782
136,"Olivia","Jones",1986,19825,2,2,2,2,0.999606254813491
137,"Emily","Martinez",1994,14372,2,2,2,2,0.999606254813491
138,"James","Brown",1974,14963,2,2,0,2,0.953764941384782
139,"William","Martinez",2000,16147,0,2,2,2,0.985296268614473
140,"Emma","Williams",1972,15543,2,2,2,2,0.999606254813491
141,"David","Jones",1972,13942,2,2,2,2,0.999606254813491
143,"Sarah","Rodriguez",1985,12133,2,0,2,2,0.9851868388166
144,"James","Williams",1989,12272,2,0,2,2,0.9851868388166
145,"Emma","Miller",1986,18716,2,0,2,2,0.9851868388166
146,"Olivia","Martinez",1972,12013,2,2,2,2,0.999606254813491
148,"David","Smith",1998,18554,2,2,2,2,0.999606254813491
150,"John","Jones",1996,19008,2,2,2,2,0.999606254813491
151,"Emma","Jones",1977,18641,2,0,2,2,0.9851868388166
152,"Emma","Rodriguez",1988,12484,2,2,0,2,0.953764941384782
153,"Olivia","Johnson",1995,10787,2,2,2,2,0.999606254813491
154,"James","Davis",1991,14544,2,0,2,2,0.9851868388166
155,"Emma","Smith",1981,17950,0,2,2,2,0.985296268614473
158,"James","Johnson",1987,11200,2,2,2,2,0.999606254813491
159,"William","Jones",1981,15308,2,2,2,2,0.999606254813491
160,"William","Smith",1975,19268,0,2,2,2,0.985296268614473
162,"Olivia","Smith",1970,17559,2,0,2,2,0.9851868388166
163,"Emma","Williams",1971,16664,0,2,2,2,0.985296268614473
164,"Sarah","Rodriguez",1975,11045,2,2,2,2,0.999606254813491
165,"William","Martinez",1977,19165,2,2,2,2,0.999606254813491
166,"Olivia","Rodriguez",1977,19460,2,2,0,2,0.953764941384782
168,"James","Smith",1979,13359,2,2,2,2,0.999606254813491
169,"Michael","Davis",1975,14965,2,2,2,2,0.999606254813491
171,"David","Jones",1985,13329,0,2,2,2,0.985296268614473
172,"Sarah","Williams",1973,11113,0,2,2,2,0.985296268614473
173,"James","Johnson",1985,14527,0,2,2,2,0.985296268614473
174,"Emily","Garcia",1973,19134,2,0,2,2,0.9851868388166
175,"Olivia","Davis",1993,15899,0,2,2,2,0.985296268614473
176,"William","Rodriguez",1977,18975,2,2,2,2,0.999606254813491
177,"James","Johnson",1985,18904,2,2,2,2,0.999606254813491
178,"William","Jones",1986,19152,2,0,2,2,0.9851868388166
179,"Olivia","Miller",1971,14146,2,2,0,2,0.953764941384782
180,"Emily","Williams",1971,17111,2,2,2,2,0.999606254813491
181,"Emma","Smith",1980,18954,2,2,2,2,0.999606254813491
182,"James","Miller",1980,12300,2,2,0,2,0.953764941384782
185,"David","Jones",1996,13287,2,2,0,2,0.953764941384782
186,"William","Jones",1991,12747,2,2,2,2,0.999606254813491
188,"John","Johnson",1973,13446,2,2,2,2,0.999606254813491
190,"Olivia","Williams",1997,15981,2,2,2,2,0.999606254813491
191,"John","Miller",1974,15454,2,2,0,2,0.953764941384782
192,"Olivia","Martinez",1992,13800,2,2,2,2,0.999606254813491
193,"John","Brown",1979,10374,0,2,2,2,0.985296268614473
194,"Olivia","Rodriguez",1974,18221,0,2,2,2,0.985296268614473
195,"David","Martinez",1971,17495,2,2,2,2,0.999606254813491
196,"William","Miller",1970,13328,2,2,2,2,0.999606254813491
197,"David","Smith",1975,15857,2,0,2,2,0.9851868388166
198,"Olivia","Smith",1970,11260,0,2,2,2,0.985296268614473
199,"James","Brown",1988,14638,2,2,2,2,0.999606254813491
200,"Emily","Davis",1970,16678,2,2,2,2,0.999606254813491
201,"Sarah","Davis",1981,17781,2,2,2,2,0.999606254813491
202,"Jane","Williams",1997,10258,0,2,2,2,0.985296268614473
203,"John","Smith",1978,12466,0,2,2,2,0.985296268614473
204,"David","Davis",1998,14361,2,2,0,2,0.953764941384782
205,"James","Williams",1998,10849,0,2,2,2,0.985296268614473
206,"Emily","Brown",1974,13348,2,2,0,2,0.953764941384782
207,"Michael","Brown",1997,10112,0,2,2,2,0.985296268614473
208,"James","Williams",1995,16049,2,2,0,2,0.953764941384782
210,"Jane","Martinez",1982,18756,2,2,2,2,0.999606254813491
211,"Emily","Rodriguez",1973,10883,2,2,2,2,0.999606254813491
212,"Olivia","Brown",1974,13101,0,2,2,2,0.985296268614473
213,"John","Martinez",1982,16646,0,2,2,2,0.985296268614473
214,"David","Rodriguez",1999,11059,0,2,2,2,0.985296268614473
215,"David","Garcia",1977,11815,2,2,0,2,0.953764941384782
216,"James","Martinez",1976,10361,0,2,2,2,0.985296268614473
217,"Emma","Williams",1976,13341,2,2,2,2,0.999606254813491
218,"William","Johnson",1984,19652,2,2,0,2,0.953764941384782
220,"David","Davis",1982,19781,2,2,0,2,0.953764941384782
221,"Jane","Miller",1981,13371,0,2,2,2,0.985296268614473
222,"Olivia","Martinez",1987,17197,2,2,2,2,0.999606254813491
223,"Sarah","Martinez",1998,17836,0,2,2,2,0.985296268614473
224,"William","Johnson",1977,10607,2,0,2,2,0.9851868388166
225,"James","Martinez",1977,12125,2,2,2,2,0.999606254813491
226,"John","Jones",1997,18832,2,2,2,2,0.999606254813491
227,"David","Smith",1992,17124,0,2,2,2,0.985296268614473
228,"David","Miller",1973,17980,2,2,2,2,0.999606254813491
229,"Emma","Johnson",1999,11860,0,2,2,2,0.985296268614473
230,"David","Williams",1990,17643,2,2,0,2,0.953764941384782
231,"William","Williams",2000,10117,2,0,2,2,0.9851868388166
232,"Emily","Miller",1991,14805,2,2,0,2,0.953764941384782
233,"Jane","Johnson",1979,19406,0,2,2,2,0.985296268614473
235,"John","Miller",1971,18144,2,0,2,2,0.9851868388166
236,"Jane","Williams",1978,19187,2,2,2,2,0.999606254813491
237,"John","Johnson",1998,14765,2,2,2,2,0.999606254813491
238,"Jane","Rodriguez",1988,12503,2,2,2,2,0.999606254813491
239,"Emma","Rodriguez",1987,10873,2,0,2,2,0.9851868388166
240,"John","Garcia",1970,10902,2,2,0,2,0.953764941384782
241,"Michael","Miller",1977,14790,0,2,2,2,0.985296268614473
243,"Jane","Davis",1980,18036,2,2,2,2,0.999606254813491
244,"David","Davis",1973,14778,2,2,2,2,0.999606254813491
245,"James","Martinez",1995,19356,2,2,2,2,0.999606254813491
246,"Olivia","Davis",1995,14411,2,2,2,2,0.999606254813491
247,"Sarah","Williams",1994,14461,0,2,2,2,0.985296268614473
248,"Olivia","Brown",1977,14761,2,2,0,2,0.953764941384782
250,"Sarah","Smith",1973,17951,2,2,2,2,0.999606254813491
251,"Michael","Martinez",1979,17383,2,2,2,2,0.999606254813491
252,"Emily","Garcia",1994,11801,2,2,2,2,0.999606254813491
253,"Michael","Martinez",1988,12273,2,2,2,2,0.999606254813491
254,"William","Williams",1971,17603,2,2,2,2,0.999606254813491
255,"Michael","Miller",1993,18822,0,2,2,2,0.985296268614473
257,"William","Jones",1975,19587,2,2,2,2,0.999606254813491
258,"Michael","Johnson",1995,16589,0,2,2,2,0.985296268614473
259,"James","Smith",1981,18579,2,2,2,2,0.999606254813491
260,"William","Johnson",1987,14533,0,2,2,2,0.985296268614473
262,"Emily","Rodriguez",1986,12849,2,2,2,2,0.999606254813491
263,"Jane","Martinez",1985,18512,2,0,2,2,0.9851868388166
265,"Olivia","Brown",1999,13169,2,2,2,2,0.999606254813491
267,"William","Williams",1971,13125,2,2,2,2,0.999606254813491
268,"David","Brown",1981,12291,2,2,2,2,0.999606254813491
269,"John","Brown",1972,17164,0,2,2,2,0.985296268614473
270,"Michael","Johnson",1995,19874,2,2,2,2,0.999606254813491
271,"Jane","Johnson",1992,12724,2,2,0,2,0.953764941384782
272,"David","Brown",1970,10505,2,2,2,2,0.999606254813491
273,"John","Brown",1982,12674,0,2,2,2,0.985296268614473
274,"Michael","Martinez",1988,18682,0,2,2,2,0.985296268614473
275,"James","Johnson",1983,17596,2,2,2,2,0.999606254813491
277,"Sarah","Martinez",1970,19191,2,2,2,2,0.999606254813491
279,"Michael","Jones",1983,15180,0,2,2,2,0.985296268614473
280,"James","Davis",1994,19607,2,2,2,2,0.999606254813491
281,"Jane","Garcia",1984,19423,2,2,2,2,0.999606254813491
282,"John","Martinez",1997,15226,2,0,2,2,0.9851868388166
283,"Sarah","Rodriguez",1999,13849,2,2,0,2,0.953764941384782
284,"Olivia","Garcia",1987,16225,2,2,2,2,0.999606254813491
285,"Emma","Martinez",2000,12458,2,0,2,2,0.9851868388166
286,"Olivia","Martinez",1977,11528,2,0,2,2,0.9851868388166
287,"Olivia","Jones",1986,19894,0,2,2,2,0.985296268614473
288,"Emily","Brown",1971,14951,2,2,0,2,0.953764941384782
289,"Sarah","Jones",1983,17192,2,2,2,2,0.999606254813491
290,"Emily","Smith",1971,11336,2,2,0,2,0.953764941384782
291,"Emily","Rodriguez",1987,14765,2,2,2,2,0.999606254813491
293,"Emma","Martinez",1997,13984,2,0,2,2,0.9851868388166
294,"William","Martinez",1993,13825,2,0,2,2,0.9851868388166
295,"Olivia","Johnson",2000,15513,2,2,2,2,0.999606254813491
296,"John","Smith",1978,10134,2,2,2,2,0.999606254813491
297,"Jane","Smith",1994,11154,2,0,2,2,0.9851868388166
299,"Michael","Miller",1999,10564,2,2,2,2,0.999606254813491
300,"Olivia","Smith",1978,11640,0,2,2,2,0.985296268614473
301,"William","Johnson",1987,14006,0,2,2,2,0.985296268614473
302,"John","Smith",1980,15068,2,2,0,2,0.953764941384782
303,"Jane","Jones",1988,17844,2,0,2,2,0.9851868388166
304,"Michael","Williams",1985,15506,0,2,2,2,0.985296268614473
305,"Michael","Jones",1999,15104,2,2,0,2,0.953764941384782
306,"Sarah","Garcia",1995,13468,0,2,2,2,0.985296268614473
307,"Olivia","Jones",1993,18803,2,0,2,2,0.9851868388166
308,"David","Jones",1998,10609,2,2,2,2,0.999606254813491
309,"Emily","Johnson",1993,17495,0,2,2,2,0.985296268614473
310,"Jane","Williams",1984,14439,2,0,2,2,0.9851868388166
311,"John","Garcia",1989,15194,2,2,2,2,0.999606254813491
313,"David","Williams",1985,17415,2,0,2,2,0.9851868388166
315,"Jane","Johnson",1992,10383,2,2,2,2,0.999606254813491
316,"Michael","Garcia",1997,17451,2,0,2,2,0.9851868388166
318,"Sarah","Johnson",1983,10522,2,2,2,2,0.999606254813491
319,"Olivia","Smith",1992,14134,2,2,2,2,0.999606254813491
320,"Michael","Smith",1975,10602,2,0,2,2,0.9851868388166
321,"Michael","Martinez",1996,10515,2,2,2,2,0.999606254813491
322,"John","Brown",1991,15816,2,2,2,2,0.999606254813491
323,"Emma","Davis",1985,18086,0,2,2,2,0.985296268614473
324,"John","Smith",1972,12915,2,2,2,2,0.999606254813491
325,"Emily","Garcia",1997,11382,2,2,0,2,0.953764941384782
326,"Emma","Garcia",1978,15997,2,0,2,2,0.9851868388166
329,"Emma","Jones",1981,13942,0,2,2,2,0.985296268614473
330,"William","Martinez",1973,10469,2,2,0,2,0.953764941384782
331,"Jane","Rodriguez",1970,12826,0,2,2,2,0.985296268614473
332,"John","Smith",1987,17921,0,2,2,2,0.985296268614473
333,"Emily","Jones",1974,16299,2,2,0,2,0.953764941384782
334,"James","Rodriguez",1973,11631,2,2,2,2,0.999606254813491
335,"David","Miller",1980,15632,0,2,2,2,0.985296268614473
336,"Emma","Johnson",1978,13237,2,2,2,2,0.999606254813491
337,"Jane","Williams",1980,16763,2,0,2,2,0.9851868388166
338,"David","Jones",1986,11069,2,2,2,2,0.999606254813491
339,"Jane","Garcia",1997,16227,2,2,2,2,0.999606254813491
340,"Sarah","Smith",1999,12558,0,2,2,2,0.985296268614473
341,"Olivia","Garcia",1988,19406,2,2,2,2,0.999606254813491
342,"Olivia","Smith",1982,16308,2,2,2,2,0.999606254813491
343,"James","Miller",1981,15620,2,2,2,2,0.999606254813491
344,"William","Johnson",1972,11862,2,2,2,2,0.999606254813491
345,"Sarah","Miller",1975,19386,2,2,2,2,0.999606254813491
346,"Michael","Smith",1994,14412,2,2,2,2,0.999606254813491
347,"Emma","Smith",1970,18479,0,2,2,2,0.985296268614473
348,"William","Jones",1982,18624,2,2,0,2,0.953764941384782
349,"Emily","Johnson",1974,16627,2,2,2,2,0.999606254813491
351,"Michael","Miller",1977,12147,2,2,0,2,0.953764941384782
352,"Emma","Brown",1979,13226,2,2,2,2,0.999606254813491
353,"Sarah","Smith",1996,13739,2,0,2,2,0.9851868388166
354,"Emily","Davis",1995,16726,2,2,2,2,0.999606254813491
355,"William","Johnson",1971,19046,2,2,2,2,0.999606254813491
356,"Olivia","Davis",1973,16282,2,2,2,2,0.999606254813491
357,"Emma","Davis",1996,14475,2,2,2,2,0.999606254813491
358,"Emily","Rodriguez",1976,16478,2,2,2,2,0.999606254813491
359,"Olivia","Martinez",1979,13681,0,2,2,2,0.985296268614473
360,"James","Brown",1993,11020,2,2,0,2,0.953764941384782
361,"Sarah","Miller",1996,16637,2,2,2,2,0.999606254813491
362,"Michael","Garcia",1988,19305,2,2,2,2,0.999606254813491
363,"Emily","Smith",1995,14804,2,2,2,2,0.999606254813491
364,"James","Smith",1987,10338,2,2,2,2,0.999606254813491
366,"Emily","Smith",1995,10201,0,2,2,2,0.985296268614473
367,"Emily","Garcia",1990,16352,0,2,2,2,0.985296268614473
368,"Sarah","Garcia",1980,11551,2,2,2,2,0.999606254813491
369,"David","Davis",1993,11155,2,2,2,2,0.999606254813491
370,"John","Johnson",1995,17683,2,2,2,2,0.999606254813491
371,"Emma","Rodriguez",1976,11213,2,2,2,2,0.999606254813491
372,"William","Rodriguez",1990,16216,2,2,2,2,0.999606254813491
373,"David","Rodriguez",1971,12166,2,2,2,2,0.999606254813491
374,"Sarah","Brown",1983,13909,2,0,2,2,0.9851868388166
375,"Michael","Brown",1998,10646,2,2,0,2,0.953764941384782
376,"Emma","Brown",1985,14068,2,2,2,2,0.999606254813491
377,"Olivia","Davis",1979,12286,2,2,0,2,0.953764941384782
378,"David","Rodriguez",1970,11824,2,2,0,2,0.953764941384782
379,"William","Smith",1977,11772,2,2,0,2,0.953764941384782
381,"James","Smith",1993,11052,2,2,2,2,0.999606254813491
382,"Michael","Garcia",2000,17284,2,2,0,2,0.953764941384782
383,"Olivia","Smith",1995,10777,2,0,2,2,0.9851868388166
384,"William","Brown",1982,16682,2,2,2,2,0.999606254813491
385,"Jane","Johnson",2000,15308,2,2,2,2,0.999606254813491
386,"James","Brown",1978,19485,2,0,2,2,0.9851868388166
387,"Sarah","Miller",1989,10900,2,0,2,2,0.9851868388166
388,"Emily","Williams",1995,14663,2,2,2,2,0.999606254813491
389,"Sarah","Jones",1991,11433,2,2,2,2,0.999606254813491
390,"Jane","Davis",2000,11592,0,2,2,2,0.985296268614473
391,"Jane","Miller",1989,11306,2,2,0,2,0.953764941384782
392,"Emma","Martinez",1983,14416,2,2,0,2,0.953764941384782
393,"Emma","Miller",1994,11110,0,2,2,2,0.985296268614473
395,"James","Jones",1977,15953,2,2,2,2,0.999606254813491
396,"William","Smith",1997,15116,0,2,2,2,0.985296268614473
397,"Michael","Williams",1975,13428,0,2,2,2,0.985296268614473
398,"William","Miller",1996,10422,2,2,2,2,0.999606254813491
399,"Emma","Williams",1971,13691,2,2,2,2,0.999606254813491
400,"Olivia","Jones",1984,17638,0,2,2,2,0.985296268614473
401,"David","Smith",1999,18712,2,2,2,2,0.999606254813491
402,"John","Johnson",1994,18497,2,0,2,2,0.9851868388166
403,"William","Smith",1971,11701,2,2,0,2,0.953764941384782
405,"Emma","Jones",1995,15728,2,0,2,2,0.9851868388166
406,"Emily","Davis",1972,16972,2,2,2,2,0.999606254813491
408,"John","Brown",1975,16340,2,2,0,2,0.953764941384782
409,"Michael","Garcia",1990,17887,2,2,2,2,0.999606254813491
410,"Emily","Miller",1981,10794,2,2,0,2,0.953764941384782
411,"John","Williams",1971,12679,2,2,2,2,0.999606254813491
412,"David","Garcia",1979,10250,2,2,2,2,0.999606254813491
414,"Jane","Garcia",1996,17899,2,0,2,2,0.9851868388166
415,"William","Jones",1995,10748,2,2,2,2,0.999606254813491
416,"Michael","Johnson",1970,11615,0,2,2,2,0.985296268614473
417,"Olivia","Williams",1979,18183,2,2,2,2,0.999606254813491
418,"Michael","Williams",1990,10249,2,2,2,2,0.999606254813491
419,"John","Brown",1978,11613,2,2,2,2,0.999606254813491
420,"William","Williams",1989,12457,2,2,2,2,0.999606254813491
421,"Sarah","Garcia",2000,17426,2,2,2,2,0.999606254813491
422,"Emily","Brown",1993,10960,2,2,2,2,0.999606254813491
423,"David","Martinez",1973,15479,2,2,2,2,0.999606254813491
424,"William","Miller",2000,19996,2,2,2,2,0.999606254813491
425,"Michael","Martinez",1972,10851,2,2,0,2,0.953764941384782
426,"Jane","Garcia",1999,11924,2,2,2,2,0.999606254813491
427,"Emma","Johnson",2000,15991,2,0,2,2,0.9851868388166
428,"Emily","Garcia",1996,18591,2,2,2,2,0.999606254813491
429,"Sarah","Rodriguez",1992,19991,2,2,2,2,0.999606254813491
430,"Olivia","Miller",1988,17589,2,2,2,2,0.999606254813491
431,"William","Williams",1976,15055,2,2,2,2,0.999606254813491
432,"Sarah","Martinez",1987,11862,2,2,2,2,0.999606254813491
433,"John","Johnson",2000,18569,2,2,0,2,0.953764941384782
434,"Sarah","Brown",1984,15102,2,2,0,2,0.953764941384782
435,"Emma","Williams",1997,18804,2,2,2,2,0.999606254813491
436,"Michael","Davis",1991,17140,2,2,2,2,0.999606254813491
437,"Jane","Brown",1971,15949,2,2,2,2,0.999606254813491
438,"Michael","Garcia",1984,19086,0,2,2,2,0.985296268614473
439,"John","Jones",1988,12803,0,2,2,2,0.985296268614473
440,"Jane","Smith",1975,19997,2,2,2,2,0.999606254813491
441,"Jane","Williams",1982,14210,2,0,2,2,0.9851868388166
442,"Emma","Jones",1994,19520,2,0,2,2,0.9851868388166
443,"Olivia","Brown",1995,15046,2,2,2,2,0.999606254813491
444,"Emily","Davis",1989,19258,2,2,2,2,0.999606254813491
446,"William","Jones",1999,13519,2,2,0,2,0.953764941384782
447,"Emma","Martinez",1980,17377,2,0,2,2,0.9851868388166
448,"Michael","Garcia",1986,11942,0,2,2,2,0.985296268614473
449,"Sarah","Rodriguez",1979,10820,2,2,0,2,0.953764941384782
450,"Sarah","Davis",1984,16818,2,2,2,2,0.999606254813491
451,"Emma","Williams",1973,13010,2,2,2,2,0.999606254813491
452,"John","Brown",1973,10556,2,0,2,2,0.9851868388166
453,"Jane","Brown",1989,17017,2,2,2,2,0.999606254813491
455,"Emma","Rodriguez",1994,19453,2,2,2,2,0.999606254813491
456,"Emma","Rodriguez",1981,14040,2,2,2,2,0.999606254813491
457,"William","Johnson",1997,11473,2,2,2,2,0.999606254813491
458,"David","Miller",1993,19573,2,2,2,2,0.999606254813491
459,"John","Brown",1981,15702,2,0,2,2,0.9851868388166
460,"Olivia","Williams",1982,11954,2,2,0,2,0.953764941384782
461,"James","Williams",1999,18066,2,2,0,2,0.953764941384782
462,"James","Garcia",1983,15638,0,2,2,2,0.985296268614473
464,"Olivia","Garcia",1996,11910,2,2,0,2,0.953764941384782
465,"Emily","Davis",1970,11661,2,2,0,2,0.953764941384782
467,"Emily","Rodriguez",1973,12056,2,2,2,2,0.999606254813491
468,"Michael","Smith",1984,19696,0,2,2,2,0.985296268614473
469,"William","Jones",1988,12951,2,2,2,2,0.999606254813491
470,"John","Rodriguez",1971,17107,0,2,2,2,0.985296268614473
471,"Sarah","Jones",1997,12330,2,2,2,2,0.999606254813491
472,"Olivia","Brown",1988,17628,0,2,2,2,0.985296268614473
473,"Olivia","Martinez",1977,17886,2,2,2,2,0.999606254813491
474,"John","Williams",1976,13940,2,0,2,2,0.9851868388166
475,"William","Smith",1979,10659,2,2,2,2,0.999606254813491
476,"David","Rodriguez",1976,13683,0,2,2,2,0.985296268614473
477,"Sarah","Rodriguez",1977,14563,2,2,2,2,0.999606254813491
478,"Olivia","Johnson",1971,14625,2,0,2,2,0.9851868388166
480,"James","Brown",1991,11884,2,2,2,2,0.999606254813491
483,"Sarah","Brown",1982,19497,2,2,2,2,0.999606254813491
484,"Jane","Garcia",1989,19775,2,2,2,2,0.999606254813491
486,"Olivia","Miller",1994,13412,2,0,2,2,0.9851868388166
487,"Emma","Johnson",1998,16051,2,2,2,2,0.999606254813491
489,"Emma","Williams",1991,11888,2,2,2,2,0.999606254813491
490,"James","Smith",1996,19400,2,2,2,2,0.999606254813491
493,"John","Davis",1999,19499,2,2,2,2,0.999606254813491
494,"Michael","Brown",1997,14571,2,2,2,2,0.999606254813491
496,"Jane","Martinez",1977,17326,2,2,0,2,0.953764941384782
497,"John","Johnson",1985,11474,2,2,2,2,0.999606254813491
498,"James","Williams",1991,14824,2,0,2,2,0.9851868388166
499,"William","Garcia",1973,14096,2,2,2,2,0.999606254813491
500,"William","Garcia",1994,17784,2,2,2,2,0.999606254813491
501,"Emily","Jones",1987,16222,0,2,2,2,0.985296268614473
502,"William","Johnson",1978,10563,2,2,0,2,0.953764941384782
503,"Emily","Martinez",1980,15793,2,2,2,2,0.999606254813491
504,"James","Miller",1971,16433,0,2,2,2,0.985296268614473
505,"Emily","Williams",1981,16003,2,2,2,2,0.999606254813491
506,"Olivia","Garcia",1981,15015,2,2,2,2,0.999606254813491
507,"James","Williams",1994,17483,2,0,2,2,0.9851868388166
508,"Emma","Miller",1986,18380,2,2,2,2,0.999606254813491
509,"William","Davis",1975,14497,2,2,2,2,0.999606254813491
510,"James","Rodriguez",1978,17729,2,2,2,2,0.999606254813491
511,"Michael","Davis",1970,18361,0,2,2,2,0.985296268614473
512,"John","Smith",1986,14862,2,2,2,2,0.999606254813491
513,"William","Miller",1981,11405,2,2,2,2,0.999606254813491
514,"Michael","Johnson",1979,18995,2,2,2,2,0.999606254813491
515,"William","Garcia",1982,12666,2,2,2,2,0.999606254813491
516,"Olivia","Jones",1989,12649,2,2,2,2,0.999606254813491
517,"Michael","Davis",1971,15969,2,2,0,2,0.953764941384782
518,"Sarah","Davis",1974,17037,2,2,2,2,0.999606254813491
519,"William","Martinez",1978,15743,2,2,2,2,0.999606254813491
520,"Emily","Brown",1988,12286,2,0,2,2,0.9851868388166
521,"Olivia","Garcia",1997,16276,2,2,2,2,0.999606254813491
523,"Emma","Williams",1974,19467,0,2,2,2,0.985296268614473
524,"David","Johnson",1996,19989,2,0,2,2,0.9851868388166
525,"Michael","Smith",1990,17250,2,2,2,2,0.999606254813491
526,"David","Smith",1993,11244,2,2,0,2,0.953764941384782
527,"David","Martinez",1995,11152,2,2,0,2,0.953764941384782
528,"Sarah","Miller",1990,12007,2,0,2,2,0.9851868388166
530,"John","Williams",1990,18226,2,2,2,2,0.999606254813491
532,"Michael","Brown",1971,10294,2,0,2,2,0.9851868388166
533,"David","Rodriguez",1978,19553,2,2,2,2,0.999606254813491
534,"Jane","Martinez",1971,15098,2,2,2,2,0.999606254813491
535,"John","Williams",1987,17864,0,2,2,2,0.985296268614473
536,"Emily","Miller",1988,15537,2,0,2,2,0.9851868388166
537,"Emily","Brown",1984,12343,2,2,0,2,0.953764941384782
538,"Olivia","Davis",1993,13040,2,2,0,2,0.953764941384782
539,"Olivia","Brown",1992,15472,2,2,0,2,0.953764941384782
540,"David","Smith",1987,18159,0,2,2,2,0.985296268614473
542,"Emily","Martinez",1983,16472,2,2,2,2,0.999606254813491
543,"Michael","Brown",1990,19373,2,0,2,2,0.9851868388166
544,"Michael","Miller",1981,12027,2,2,2,2,0.999606254813491
545,"John","Garcia",1999,16690,0,2,2,2,0.985296268614473
547,"David","Miller",1970,17829,2,2,2,2,0.999606254813491
548,"William","Rodriguez",1978,19206,2,2,0,2,0.953764941384782
549,"James","Martinez",1991,12282,2,2,2,2,0.999606254813491
550,"James","Rodriguez",1991,15365,2,0,2,2,0.9851868388166
552,"John","Garcia",1974,13575,2,2,2,2,0.999606254813491
553,"David","Miller",1993,19977,2,2,2,2,0.999606254813491
554,"David","Rodriguez",1994,19027,2,0,2,2,0.9851868388166
556,"Jane","Davis",1983,14616,2,0,2,2,0.9851868388166
558,"Jane","Martinez",1976,13663,2,2,2,2,0.999606254813491
559,"Emily","Brown",1994,16417,2,2,2,2,0.999606254813491
560,"Olivia","Garcia",1993,14453,2,0,2,2,0.9851868388166
561,"William","Garcia",1989,18053,2,2,0,2,0.953764941384782
562,"Sarah","Garcia",1996,18242,0,2,2,2,0.985296268614473
563,"Emma","Williams",1982,15970,2,2,2,2,0.999606254813491
564,"John","Smith",1979,10645,2,2,0,2,0.953764941384782
565,"Emma","Davis",1992,19383,2,2,2,2,0.999606254813491
566,"David","Johnson",1970,16061,2,2,2,2,0.999606254813491
567,"James","Jones",1997,13125,0,2,2,2,0.985296268614473
568,"Emma","Jones",1998,14428,2,0,2,2,0.9851868388166
569,"Olivia","Davis",1986,18764,0,2,2,2,0.985296268614473
570,"Emily","Brown",1996,13926,2,0,2,2,0.9851868388166
571,"James","Smith",1983,15708,2,0,2,2,0.9851868388166
572,"James","Martinez",1985,16938,2,2,2,2,0.999606254813491
573,"Emily","Williams",1988,17049,2,2,0,2,0.953764941384782
576,"Emily","Miller",1988,19992,2,2,2,2,0.999606254813491
577,"Emma","Jones",1983,11362,2,0,2,2,0.9851868388166
578,"Emma","Johnson",1974,13579,0,2,2,2,0.985296268614473
579,"David","Williams",1992,19105,2,2,2,2,0.999606254813491
580,"David","Johnson",1971,11715,2,2,2,2,0.999606254813491
581,"Emma","Smith",1992,14756,2,2,2,2,0.999606254813491
583,"Emily","Garcia",1987,18669,2,2,0,2,0.953764941384782
585,"Olivia","Martinez",1974,13995,2,2,2,2,0.999606254813491
587,"David","Johnson",1978,15638,2,2,0,2,0.953764941384782
588,"Emma","Rodriguez",1993,11903,2,2,2,2,0.999606254813491
589,"James","Miller",1987,15776,2,2,2,2,0.999606254813491
590,"Olivia","Johnson",1983,16386,2,2,2,2,0.999606254813491
591,"Michael","Martinez",1980,17595,2,2,2,2,0.999606254813491
592,"Olivia","Martinez",1979,18614,2,2,0,2,0.953764941384782
593,"Emma","Williams",1976,15161,0,2,2,2,0.985296268614473
594,"Michael","Miller",1987,13982,2,2,0,2,0.953764941384782
596,"Olivia","Davis",1985,15406,0,2,2,2,0.985296268614473
599,"William","Rodriguez",1993,14701,2,2,2,2,0.999606254813491
600,"William","Williams",1994,19524,2,2,2,2,0.999606254813491
601,"Sarah","Miller",1971,14399,0,2,2,2,0.985296268614473
602,"John","Jones",2000,14782,2,2,2,2,0.999606254813491
603,"Emily","Brown",1994,19103,2,2,0,2,0.953764941384782
604,"John","Rodriguez",1993,11677,2,2,2,2,0.999606254813491
606,"Olivia","Brown",1992,10118,2,2,2,2,0.999606254813491
607,"Olivia","Johnson",1971,10572,0,2,2,2,0.985296268614473
608,"Jane","Garcia",1988,15242,0,2,2,2,0.985296268614473
609,"William","Miller",1974,19924,2,2,2,2,0.999606254813491
610,"Emma","Garcia",1973,16074,2,2,2,2,0.999606254813491
611,"Michael","Martinez",1994,12725,0,2,2,2,0.985296268614473
612,"Jane","Smith",1993,13858,2,2,2,2,0.999606254813491
614,"Michael","Johnson",1992,18156,2,2,0,2,0.953764941384782
615,"James","Garcia",1975,14642,2,2,2,2,0.999606254813491
616,"William","Williams",1988,14497,2,2,2,2,0.999606254813491
617,"James","Rodriguez",1998,19761,0,2,2,2,0.985296268614473
618,"Sarah","Garcia",1997,17647,2,2,2,2,0.999606254813491
619,"Emma","Miller",1995,15936,2,2,2,2,0.999606254813491
620,"James","Brown",1982,11939,2,0,2,2,0.9851868388166
621,"David","Smith",1997,12549,2,2,0,2,0.953764941384782
622,"William","Garcia",1988,15028,2,2,0,2,0.953764941384782
623,"James","Johnson",1972,17565,2,2,2,2,0.999606254813491
625,"Emma","Garcia",1993,10911,2,0,2,2,0.9851868388166
626,"James","Rodriguez",1983,17713,2,2,2,2,0.999606254813491
627,"Emma","Rodriguez",1984,10302,2,0,2,2,0.9851868388166
629,"William","Smith",1999,10068,0,2,2,2,0.985296268614473
630,"Emma","Davis",1976,19426,2,2,0,2,0.953764941384782
631,"Jane","Smith",2000,13698,2,2,2,2,0.999606254813491
632,"Sarah","Rodriguez",1988,15332,2,2,0,2,0.953764941384782
633,"John","Miller",1980,17618,2,2,2,2,0.999606254813491
634,"Olivia","Brown",1977,19213,2,2,2,2,0.999606254813491
638,"James","Williams",1979,18200,2,0,2,2,0.9851868388166
639,"Jane","Johnson",1988,16403,2,0,2,2,0.9851868388166
640,"Michael","Rodriguez",1990,17450,2,0,2,2,0.9851868388166
641,"Michael","Johnson",1988,11781,0,2,2,2,0.985296268614473
643,"Olivia","Garcia",1997,14991,2,2,2,2,0.999606254813491
644,"Emma","Rodriguez",1996,16054,2,2,2,2,0.999606254813491
645,"Emma","Johnson",1973,17378,0,2,2,2,0.985296268614473
646,"Jane","Rodriguez",1972,11831,2,2,2,2,0.999606254813491
647,"Sarah","Miller",1974,15961,2,2,2,2,0.999606254813491
648,"William","Brown",1980,13551,2,2,2,2,0.999606254813491
649,"John","Rodriguez",1988,14773,2,2,2,2,0.999606254813491
650,"William","Rodriguez",1972,17898,2,2,2,2,0.999606254813491
651,"Emma","Johnson",1987,14586,2,2,2,2,0.999606254813491
652,"Sarah","Rodriguez",1995,18484,2,2,2,2,0.999606254813491
653,"Olivia","Brown",1992,10618,2,2,2,2,0.999606254813491
655,"William","Johnson",1998,19072,2,2,2,2,0.999606254813491
656,"William","Brown",1990,16231,2,2,2,2,0.999606254813491
657,"Michael","Davis",1970,12646,2,2,2,2,0.999606254813491
658,"John","Williams",1996,17863,0,2,2,2,0.985296268614473
659,"Emma","Williams",1974,11199,2,2,2,2,0.999606254813491
660,"Olivia","Miller",1971,16865,2,0,2,2,0.9851868388166
661,"John","Brown",1973,18907,2,2,2,2,0.999606254813491
662,"John","Williams",1992,13107,2,2,2,2,0.999606254813491
663,"Jane","Garcia",1981,17923,2,2,0,2,0.953764941384782
665,"Emily","Miller",1978,15424,2,2,2,2,0.999606254813491
666,"Olivia","Rodriguez",1970,17956,2,2,2,2,0.999606254813491
667,"Olivia","Jones",1987,14874,2,0,2,2,0.9851868388166
668,"David","Miller",1982,18240,2,0,2,2,0.9851868388166
669,"James","Miller",1970,17563,0,2,2,2,0.985296268614473
670,"Michael","Davis",1982,19016,2,2,2,2,0.999606254813491
671,"William","Smith",1980,10340,0,2,2,2,0.985296268614473
672,"William","Jones",1994,19413,2,0,2,2,0.9851868388166
673,"Jane","Garcia",1990,17413,2,2,2,2,0.999606254813491
674,"Jane","Williams",1994,14952,2,0,2,2,0.9851868388166
675,"David","Davis",1983,13383,2,2,2,2,0.999606254813491
676,"Emma","Garcia",1992,16512,0,2,2,2,0.985296268614473
677,"Emily","Garcia",1976,17561,2,2,2,2,0.999606254813491
678,"Emily","Brown",1971,16238,2,2,2,2,0.999606254813491
679,"William","Williams",1978,11418,2,2,0,2,0.953764941384782
680,"Olivia","Davis",1975,10921,2,2,2,2,0.999606254813491
681,"David","Smith",1984,10142,2,0,2,2,0.9851868388166
683,"Jane","Williams",1972,12231,2,2,2,2,0.999606254813491
684,"Michael","Johnson",1992,17153,0,2,2,2,0.985296268614473
685,"Sarah","Brown",1976,14124,2,2,2,2,0.999606254813491
686,"Jane","Miller",1980,11754,2,2,2,2,0.999606254813491
687,"Olivia","Brown",1990,12804,2,2,2,2,0.999606254813491
688,"James","Davis",1998,13518,0,2,2,2,0.985296268614473
689,"Michael","Johnson",1973,17826,2,2,2,2,0.999606254813491
690,"Sarah","Smith",1995,16316,0,2,2,2,0.985296268614473
691,"Michael","Williams",1979,16199,2,2,2,2,0.999606254813491
692,"Emma","Martinez",1973,16189,2,2,2,2,0.999606254813491
693,"John","Brown",2000,19595,0,2,2,2,0.985296268614473
694,"Jane","Smith",1997,16052,2,2,2,2,0.999606254813491
695,"David","Miller",1977,10480,2,2,2,2,0.999606254813491
696,"David","Miller",1998,19581,2,2,2,2,0.999606254813491
697,"Emily","Martinez",1988,13252,2,2,0,2,0.953764941384782
698,"William","Martinez",1970,18364,0,2,2,2,0.985296268614473
699,"Michael","Jones",1976,13749,2,2,0,2,0.953764941384782
700,"Olivia","Garcia",1978,17595,2,2,0,2,0.953764941384782
701,"William","Rodriguez",1998,18952,2,2,2,2,0.999606254813491
702,"Olivia","Davis",1998,15171,2,2,0,2,0.953764941384782
703,"William","Davis",1998,17978,2,0,2,2,0.9851868388166
704,"Jane","Smith",2000,17845,2,2,2,2,0.999606254813491
705,"Jane","Jones",1987,15292,2,2,2,2,0.999606254813491
706,"Jane","Martinez",1992,14041,2,2,2,2,0.999606254813491
707,"Michael","Garcia",1987,15396,2,2,2,2,0.999606254813491
708,"Emma","Smith",1973,13437,2,0,2,2,0.9851868388166
709,"James","Johnson",1978,18547,2,0,2,2,0.9851868388166
710,"John","Miller",1982,11039,2,2,2,2,0.999606254813491
711,"William","Miller",1982,13045,2,2,2,2,0.999606254813491
712,"Emma","Williams",1994,12462,2,2,2,2,0.999606254813491
713,"John","Jones",1974,15128,2,2,2,2,0.999606254813491
714,"James","Jones",1991,10250,0,2,2,2,0.985296268614473
715,"Michael","Miller",1992,19881,2,2,0,2,0.953764941384782
716,"James","Rodriguez",1975,14203,2,2,2,2,0.999606254813491
718,"Emily","Brown",1970,14974,2,2,2,2,0.999606254813491
719,"Emma","Garcia",1995,16993,2,2,2,2,0.999606254813491
720,"Emily","Davis",1970,14953,2,2,2,2,0.999606254813491
721,"Jane","Jones",1997,12630,2,2,0,2,0.953764941384782
722,"Sarah","Garcia",1991,16837,2,2,0,2,0.953764941384782
723,"Michael","Rodriguez",1979,10974,2,2,0,2,0.953764941384782
724,"William","Smith",1985,18722,2,2,2,2,0.999606254813491
725,"Michael","Miller",1989,14348,0,2,2,2,0.985296268614473
726,"William","Johnson",1992,14925,2,0,2,2,0.9851868388166
728,"William","Williams",1985,14545,2,2,2,2,0.999606254813491
731,"Emma","Garcia",1977,17220,2,2,0,2,0.953764941384782
732,"John","Miller",2000,11012,2,2,2,2,0.999606254813491
733,"David","Miller",1980,19755,2,2,2,2,0.999606254813491
734,"James","Johnson",1984,10912,2,2,2,2,0.999606254813491
735,"John","Jones",1971,14299,0,2,2,2,0.985296268614473
736,"Sarah","Miller",1973,18278,2,2,2,2,0.999606254813491
737,"James","Miller",1989,15159,0,2,2,2,0.985296268614473
738,"Olivia","Davis",1997,17300,2,0,2,2,0.9851868388166
739,"Olivia","Smith",1992,17467,2,2,0,2,0.953764941384782
741,"Emma","Williams",1979,12867,0,2,2,2,0.985296268614473
742,"William","Davis",1995,18830,2,2,2,2,0.999606254813491
743,"William","Davis",1981,19553,2,0,2,2,0.9851868388166
744,"John","Miller",1978,15409,2,2,2,2,0.999606254813491
747,"Emma","Williams",1998,17737,2,2,0,2,0.953764941384782
748,"Michael","Brown",1976,18211,2,2,0,2,0.953764941384782
749,"Emma","Johnson",1990,17192,0,2,2,2,0.985296268614473
750,"Sarah","Miller",1982,12415,2,2,2,2,0.999606254813491
751,"John","Smith",2000,18143,0,2,2,2,0.985296268614473
752,"Emily","Williams",1981,17147,2,2,2,2,0.999606254813491
753,"Michael","Martinez",1983,16189,2,2,0,2,0.953764941384782
754,"David","Rodriguez",1994,18198,0,2,2,2,0.985296268614473
756,"Jane","Smith",1983,19106,2,2,0,2,0.953764941384782
757,"Emma","Garcia",1998,12882,2,0,2,2,0.9851868388166
758,"Emma","Davis",1970,18735,2,2,0,2,0.953764941384782
759,"Emily","Jones",1985,10264,0,2,2,2,0.985296268614473
760,"Emma","Jones",1998,10949,2,2,2,2,0.999606254813491
762,"Sarah","Johnson",1973,18638,0,2,2,2,0.985296268614473
763,"Jane","Smith",1997,11429,2,2,2,2,0.999606254813491
764,"John","Brown",1977,18246,2,2,2,2,0.999606254813491
765,"James","Brown",1973,17620,2,0,2,2,0.9851868388166
767,"David","Garcia",1997,19491,2,2,2,2,0.999606254813491
768,"David","Davis",1985,13121,0,2,2,2,0.985296268614473
769,"James","Jones",1986,13563,2,0,2,2,0.9851868388166
770,"Emily","Brown",1993,10005,2,2,0,2,0.953764941384782
771,"Olivia","Smith",1989,18467,2,0,2,2,0.9851868388166
772,"Michael","Miller",1981,13417,0,2,2,2,0.985296268614473
773,"Michael","Johnson",1998,18295,2,2,2,2,0.999606254813491
774,"Sarah","Miller",1987,11163,2,2,2,2,0.999606254813491
775,"Olivia","Garcia",1980,15552,0,2,2,2,0.985296268614473
776,"Emily","Smith",1980,13914,2,2,2,2,0.999606254813491
777,"William","Johnson",1985,13314,2,0,2,2,0.9851868388166
778,"James","Jones",1990,17555,2,2,2,2,0.999606254813491
779,"Michael","Miller",1994,18794,2,0,2,2,0.9851868388166
781,"David","Miller",1990,11912,2,2,2,2,0.999606254813491
782,"James","Smith",1993,12584,2,2,2,2,0.999606254813491
785,"William","Brown",1992,19493,2,2,2,2,0.999606254813491
786,"Emily","Rodriguez",1986,11695,2,0,2,2,0.9851868388166
787,"David","Miller",1995,15310,2,2,2,2,0.999606254813491
788,"Emma","Smith",1971,18296,2,2,0,2,0.953764941384782
789,"William","Martinez",1984,12095,2,2,2,2,0.999606254813491
790,"Emma","Rodriguez",1971,19357,2,0,2,2,0.9851868388166
791,"Sarah","Smith",1987,11259,2,2,0,2,0.953764941384782
792,"Emma","Martinez",1974,10745,2,0,2,2,0.9851868388166
793,"William","Garcia",1974,11329,2,2,2,2,0.999606254813491
794,"John","Rodriguez",1982,13332,2,2,0,2,0.953764941384782
795,"Sarah","Garcia",1992,14403,2,2,2,2,0.999606254813491
797,"Sarah","Smith",1986,15071,2,2,2,2,0.999606254813491
798,"Olivia","Smith",1993,11292,2,2,0,2,0.953764941384782
799,"Emily","Smith",1990,16680,0,2,2,2,0.985296268614473
800,"James","Brown",1990,16170,2,2,2,2,0.999606254813491
801,"James","Brown",1999,18755,2,2,2,2,0.999606254813491
803,"Emily","Brown",1980,10383,0,2,2,2,0.985296268614473
804,"David","Jones",1982,19631,2,0,2,2,0.9851868388166
805,"James","Johnson",1971,14040,2,0,2,2,0.9851868388166
806,"Michael","Brown",1973,14923,2,2,2,2,0.999606254813491
808,"Jane","Martinez",1971,16797,2,2,0,2,0.953764941384782
809,"William","Garcia",1974,18698,2,2,0,2,0.953764941384782
811,"Michael","Brown",1994,18676,2,0,2,2,0.9851868388166
812,"William","Johnson",1977,19435,2,2,0,2,0.953764941384782
813,"Jane","Rodriguez",1973,16962,2,2,2,2,0.999606254813491
814,"James","Davis",1980,16525,2,2,2,2,0.999606254813491
815,"David","Rodriguez",1982,12836,2,0,2,2,0.9851868388166
816,"John","Miller",1995,15690,2,2,0,2,0.953764941384782
817,"Olivia","Davis",1997,16874,0,2,2,2,0.985296268614473
818,"James","Jones",1982,16215,2,2,2,2,0.999606254813491
819,"James","Jones",1995,11087,2,2,2,2,0.999606254813491
821,"Jane","Rodriguez",1989,13735,0,2,2,2,0.985296268614473
822,"Emma","Martinez",1980,16340,2,2,2,2,0.999606254813491
823,"William","Williams",1979,11634,2,2,2,2,0.999606254813491
824,"Sarah","Smith",1982,13502,2,2,2,2,0.999606254813491
825,"William","Smith",1987,11122,2,2,2,2,0.999606254813491
827,"Jane","Williams",1974,14761,0,2,2,2,0.985296268614473
828,"Jane","Davis",1980,10858,2,2,2,2,0.999606254813491
829,"David","Rodriguez",1991,19308,2,2,2,2,0.999606254813491
830,"William","Johnson",1995,12455,2,0,2,2,0.9851868388166
832,"James","Miller",1986,14681,2,0,2,2,0.9851868388166
833,"William","Smith",1999,16791,2,2,2,2,0.999606254813491
834,"Sarah","Davis",1986,10194,2,2,2,2,0.999606254813491
835,"Emily","Brown",1976,13190,2,2,2,2,0.999606254813491
836,"Michael","Johnson",1986,19456,0,2,2,2,0.985296268614473
837,"Michael","Smith",1984,11720,2,0,2,2,0.9851868388166
838,"Olivia","Jones",1971,15317,2,2,2,2,0.999606254813491
839,"Jane","Rodriguez",1992,11458,2,2,0,2,0.953764941384782
840,"Michael","Johnson",1971,16485,2,0,2,2,0.9851868388166
841,"John","Miller",1987,16769,2,2,2,2,0.999606254813491
842,"John","Rodriguez",1986,11170,2,2,2,2,0.999606254813491
843,"John","Davis",1982,13034,2,2,2,2,0.999606254813491
844,"Emily","Davis",1987,16785,2,2,2,2,0.999606254813491
845,"Michael","Johnson",1974,19039,2,2,2,2,0.999606254813491
846,"Jane","Garcia",1999,19138,2,2,2,2,0.999606254813491
847,"William","Miller",1998,13983,2,2,2,2,0.999606254813491
848,"Jane","Johnson",1992,18000,2,0,2,2,0.9851868388166
849,"Jane","Davis",1998,14158,2,2,2,2,0.999606254813491
850,"William","Rodriguez",1997,19445,2,2,0,2,0.953764941384782
851,"Olivia","Johnson",1983,18327,2,2,2,2,0.999606254813491
852,"Emily","Rodriguez",1999,10424,2,2,2,2,0.999606254813491
854,"Emma","Martinez",1994,10538,2,2,2,2,0.999606254813491
855,"James","Brown",1986,19296,2,2,2,2,0.999606254813491
856,"Michael","Jones",1992,14878,2,0,2,2,0.9851868388166
857,"James","Martinez",1997,17534,2,2,2,2,0.999606254813491
858,"Michael","Rodriguez",1999,16179,0,2,2,2,0.985296268614473
859,"Sarah","Johnson",1987,14315,2,2,2,2,0.999606254813491
860,"David","Johnson",1997,15333,2,2,2,2,0.999606254813491
861,"Jane","Miller",1982,12503,2,2,2,2,0.999606254813491
862,"Sarah","Martinez",1996,18887,2,2,2,2,0.999606254813491
863,"John","Garcia",1986,18317,2,2,2,2,0.999606254813491
864,"David","Rodriguez",1981,18066,2,2,2,2,0.999606254813491
865,"Michael","Martinez",1980,13099,0,2,2,2,0.985296268614473
867,"Michael","Garcia",1985,16270,2,2,0,2,0.953764941384782
868,"Sarah","Jones",1976,14765,2,2,2,2,0.999606254813491
869,"James","Davis",1985,12215,2,2,2,2,0.999606254813491
870,"Michael","Davis",1993,12352,2,2,0,2,0.953764941384782
871,"Jane","Williams",1978,12218,2,2,2,2,0.999606254813491
873,"David","Davis",1986,16707,2,0,2,2,0.9851868388166
874,"William","Martinez",1971,15833,2,2,0,2,0.953764941384782
875,"Jane","Martinez",1972,15363,2,2,0,2,0.953764941384782
877,"William","Rodriguez",1987,14310,2,2,0,2,0.953764941384782
878,"William","Davis",1972,18465,2,0,2,2,0.9851868388166
880,"David","Garcia",1985,15964,2,2,2,2,0.999606254813491
881,"Jane","Williams",1982,12283,2,2,2,2,0.999606254813491
882,"Michael","Williams",2000,14806,2,2,2,2,0.999606254813491
883,"James","Smith",1978,16135,2,2,2,2,0.999606254813491
884,"Michael","Williams",1986,12182,2,2,2,2,0.999606254813491
885,"Michael","Williams",1989,12339,2,2,2,2,0.999606254813491
886,"David","Smith",1983,16410,2,2,0,2,0.953764941384782
887,"William","Rodriguez",1972,15682,2,2,2,2,0.999606254813491
888,"Emma","Johnson",1975,10654,2,2,0,2,0.953764941384782
889,"Olivia","Davis",2000,14354,2,0,2,2,0.9851868388166
890,"Emily","Brown",1979,18861,2,2,2,2,0.999606254813491
891,"Michael","Davis",1987,13541,2,2,2,2,0.999606254813491
892,"William","Johnson",1973,18911,2,2,2,2,0.999606254813491
894,"John","Rodriguez",1989,18387,2,2,2,2,0.999606254813491
896,"James","Davis",1970,15224,0,2,2,2,0.985296268614473
897,"Michael","Johnson",1977,12963,2,2,2,2,0.999606254813491
898,"Olivia","Johnson",1999,13848,2,0,2,2,0.9851868388166
899,"Sarah","Brown",1993,18105,2,2,2,2,0.999606254813491
900,"Emily","Jones",1994,12921,2,0,2,2,0.9851868388166
902,"David","Martinez",1993,16584,0,2,2,2,0.985296268614473
903,"James","Brown",1990,15770,2,2,2,2,0.999606254813491
904,"James","Brown",1987,18652,2,2,2,2,0.999606254813491
905,"David","Brown",1979,15864,2,2,2,2,0.999606254813491
906,"Sarah","Jones",1975,19710,2,2,2,2,0.999606254813491
907,"Sarah","Johnson",1983,12167,0,2,2,2,0.985296268614473
909,"Emma","Johnson",1972,17853,2,2,2,2,0.999606254813491
910,"Emily","Smith",1992,11478,2,0,2,2,0.9851868388166
911,"Emma","Rodriguez",1995,18287,2,2,2,2,0.999606254813491
913,"William","Garcia",1973,18561,2,2,2,2,0.999606254813491
914,"David","Rodriguez",1991,16348,2,2,2,2,0.999606254813491
915,"Emma","Johnson",1997,11009,2,2,2,2,0.999606254813491
916,"John","Miller",1970,14860,2,2,0,2,0.953764941384782
917,"William","Rodriguez",1970,11836,2,2,0,2,0.953764941384782
918,"Olivia","Brown",1998,11361,2,0,2,2,0.9851868388166
919,"William","Jones",1991,18468,2,2,0,2,0.953764941384782
920,"David","Rodriguez",1994,17305,0,2,2,2,0.985296268614473
921,"John","Garcia",1980,13795,2,2,0,2,0.953764941384782
922,"William","Johnson",1989,16707,0,2,2,2,0.985296268614473
923,"William","Brown",1983,17405,2,2,2,2,0.999606254813491
925,"Michael","Miller",1985,12889,2,2,2,2,0.999606254813491
926,"James","Rodriguez",1982,10864,0,2,2,2,0.985296268614473
927,"John","Smith",1987,10317,2,2,2,2,0.999606254813491
929,"William","Miller",1978,10618,0,2,2,2,0.985296268614473
930,"Sarah","Martinez",1997,15414,2,0,2,2,0.9851868388166
932,"Emma","Williams",1975,10372,2,2,2,2,0.999606254813491
933,"David","Martinez",1976,16381,2,2,2,2,0.999606254813491
934,"Olivia","Johnson",1985,17446,2,2,2,2,0.999606254813491
935,"James","Smith",1978,15820,2,2,2,2,0.999606254813491
936,"David","Martinez",1985,10272,2,0,2,2,0.9851868388166
937,"Michael","Rodriguez",1981,12115,2,2,0,2,0.953764941384782
938,"John","Miller",1988,13913,2,2,0,2,0.953764941384782
939,"Sarah","Miller",1985,12669,2,2,0,2,0.953764941384782
940,"Emily","Davis",2000,13703,2,0,2,2,0.9851868388166
941,"Emma","Martinez",1986,12166,2,2,2,2,0.999606254813491
942,"James","Rodriguez",1997,15538,2,2,0,2,0.953764941384782
944,"Emma","Miller",1980,19564,2,2,2,2,0.999606254813491
945,"William","Garcia",1994,15483,0,2,2,2,0.985296268614473
946,"Emily","Martinez",1976,17979,2,2,2,2,0.999606254813491
947,"Emma","Jones",1971,13311,2,2,2,2,0.999606254813491
948,"David","Davis",1999,18102,2,2,2,2,0.999606254813491
949,"John","Davis",1988,13772,0,2,2,2,0.985296268614473
950,"John","Brown",1975,11648,2,0,2,2,0.9851868388166
951,"David","Jones",1975,17872,2,2,0,2,0.953764941384782
952,"Michael","Jones",1997,18405,2,2,2,2,0.999606254813491
953,"Emily","Martinez",1981,12610,2,2,2,2,0.999606254813491
954,"Michael","Johnson",1998,19955,2,0,2,2,0.9851868388166
956,"Olivia","Rodriguez",1975,17439,2,2,2,2,0.999606254813491
957,"Michael","Jones",1975,14755,2,2,2,2,0.999606254813491
958,"Olivia","Davis",1996,15466,2,2,2,2,0.999606254813491
960,"Emma","Davis",1975,19770,2,2,2,2,0.999606254813491
961,"John","Martinez",1981,16621,2,0,2,2,0.9851868388166
962,"David","Miller",1975,17132,2,2,2,2,0.999606254813491
963,"Michael","Williams",1995,16242,2,0,2,2,0.9851868388166
964,"Sarah","Jones",1971,13929,0,2,2,2,0.985296268614473
965,"Jane","Miller",1992,14052,2,2,2,2,0.999606254813491
966,"John","Jones",1996,14792,2,2,2,2,0.999606254813491
967,"William","Miller",1991,14542,2,2,2,2,0.999606254813491
968,"John","Jones",1984,10389,2,2,0,2,0.953764941384782
969,"Emma","Miller",1978,16942,2,2,2,2,0.999606254813491
970,"Michael","Miller",1971,11626,2,2,2,2,0.999606254813491
971,"Jane","Johnson",1971,12844,2,2,2,2,0.999606254813491
972,"Olivia","Miller",1990,11780,2,0,2,2,0.9851868388166
973,"Michael","Jones",1981,19177,0,2,2,2,0.985296268614473
974,"David","Miller",1989,17945,2,2,0,2,0.953764941384782
976,"John","Johnson",1997,14578,2,2,2,2,0.999606254813491
977,"Jane","Jones",1982,12913,2,2,2,2,0.999606254813491
979,"William","Johnson",1984,19563,2,0,2,2,0.9851868388166
980,"David","Smith",1991,10743,2,2,2,2,0.999606254813491
981,"Olivia","Garcia",1996,19541,2,0,2,2,0.9851868388166
982,"Emily","Jones",1975,16333,2,2,0,2,0.953764941384782
983,"Emma","Martinez",1980,17714,0,2,2,2,0.985296268614473
984,"John","Garcia",1979,13400,2,2,2,2,0.999606254813491
985,"David","Jones",1978,13158,0,2,2,2,0.985296268614473
986,"William","Garcia",1988,16783,2,0,2,2,0.9851868388166
987,"Sarah","Garcia",1986,18957,2,2,2,2,0.999606254813491
988,"Olivia","Smith",1978,17470,2,0,2,2,0.9851868388166
989,"John","Martinez",1988,13542,0,2,2,2,0.985296268614473
990,"Olivia","Williams",2000,18902,2,0,2,2,0.9851868388166
991,"William","Martinez",1988,15679,2,2,0,2,0.953764941384782
992,"Jane","Smith",1996,18564,2,0,2,2,0.9851868388166
993,"Olivia","Jones",1979,11016,2,2,2,2,0.999606254813491
994,"David","Brown",1997,15392,0,2,2,2,0.985296268614473
995,"Michael","Martinez",1978,12951,2,2,2,2,0.999606254813491
996,"Jane","Johnson",1999,16457,2,0,2,2,0.9851868388166
997,"Sarah","Williams",1986,13383,2,2,2,2,0.999606254813491
998,"Jane","Williams",1976,14441,2,2,2,2,0.999606254813491
1000,"Michael","Jones",1990,15600,2,0,2,2,0.9851868388166
1001,"Emily","Williams",1971,18351,2,2,2,2,0.999606254813491
1002,"James","Johnson",1982,10560,2,2,2,2,0.999606254813491
1003,"David","Williams",1981,18618,2,2,2,2,0.999606254813491
1004,"Jane","Johnson",1991,11171,2,2,2,2,0.999606254813491
1005,"James","Brown",1973,14147,2,2,2,2,0.999606254813491
1006,"John","Smith",1980,10184,0,2,2,2,0.985296268614473
1007,"William","Martinez",1983,10153,2,0,2,2,0.9851868388166
1008,"John","Smith",1992,11610,2,2,2,2,0.999606254813491
1009,"Sarah","Miller",1994,12524,0,2,2,2,0.985296268614473
1010,"John","Johnson",1993,17997,2,2,2,2,0.999606254813491
1011,"Sarah","Jones",1982,18110,2,2,2,2,0.999606254813491
1012,"Emma","Williams",1979,14360,2,2,2,2,0.999606254813491
1013,"Olivia","Garcia",1978,19344,2,2,2,2,0.999606254813491
1014,"Jane","Garcia",1971,15804,0,2,2,2,0.985296268614473
1016,"Olivia","Brown",1984,13759,2,2,2,2,0.999606254813491
1017,"Jane","Martinez",1987,11954,2,2,2,2,0.999606254813491
1018,"David","Johnson",1989,19484,2,2,2,2,0.999606254813491
1019,"Michael","Williams",1986,17548,2,2,0,2,0.953764941384782
1020,"Sarah","Jones",1981,17348,2,2,2,2,0.999606254813491
1021,"Sarah","Rodriguez",1975,19640,2,0,2,2,0.9851868388166
1022,"James","Brown",1983,14675,2,2,2,2,0.999606254813491
1023,"Sarah","Rodriguez",1991,10348,2,2,0,2,0.953764941384782
1024,"Emily","Smith",1983,10102,2,0,2,2,0.9851868388166
1025,"Jane","Davis",1990,11212,2,2,0,2,0.953764941384782
1026,"William","Davis",1995,11282,2,0,2,2,0.9851868388166
1027,"James","Rodriguez",1975,10399,2,2,2,2,0.999606254813491
1029,"John","Rodriguez",1977,16276,2,2,2,2,0.999606254813491
1030,"Emma","Garcia",1989,18033,2,0,2,2,0.9851868388166
1031,"Michael","Davis",1974,11527,2,2,0,2,0.953764941384782
1032,"James","Davis",1979,14116,2,2,2,2,0.999606254813491
1033,"Sarah","Williams",1975,11641,2,2,2,2,0.999606254813491
1034,"Michael","Williams",1984,15602,2,0,2,2,0.9851868388166
1035,"Michael","Jones",1984,13532,2,2,2,2,0.999606254813491
1036,"Emily","Smith",1987,18786,2,0,2,2,0.9851868388166
1037,"Sarah","Johnson",1983,16892,2,2,2,2,0.999606254813491
1038,"Jane","Williams",1988,14025,2,2,0,2,0.953764941384782
1039,"William","Martinez",1971,19164,2,0,2,2,0.9851868388166
1040,"Sarah","Martinez",1983,17593,2,2,2,2,0.999606254813491
1041,"William","Brown",1979,16364,0,2,2,2,0.985296268614473
1042,"Emily","Brown",1989,11568,0,2,2,2,0.985296268614473
1043,"William","Miller",1998,18600,2,0,2,2,0.9851868388166
1044,"Olivia","Rodriguez",1972,12775,2,2,2,2,0.999606254813491
1045,"Emily","Davis",1976,16150,2,2,2,2,0.999606254813491
1046,"James","Williams",1984,19209,2,2,2,2,0.999606254813491
1047,"David","Jones",1999,15057,2,2,2,2,0.999606254813491
1048,"James","Johnson",1993,17298,0,2,2,2,0.985296268614473
1049,"James","Miller",1983,15365,2,2,0,2,0.953764941384782
1050,"Michael","Davis",1999,16321,2,2,2,2,0.999606254813491
1051,"John","Jones",1997,19765,2,2,2,2,0.999606254813491
1052,"James","Martinez",1995,12487,2,2,2,2,0.999606254813491
1053,"James","Brown",1992,10455,2,2,2,2,0.999606254813491
1054,"Michael","Davis",1978,16149,2,2,2,2,0.999606254813491
1055,"Emily","Johnson",1992,16199,2,2,2,2,0.999606254813491
1056,"William","Rodriguez",1998,13502,2,2,0,2,0.953764941384782
1057,"James","Garcia",1976,16222,2,0,2,2,0.9851868388166
1058,"Olivia","Rodriguez",1997,10698,2,2,2,2,0.999606254813491
1060,"Michael","Williams",1994,19843,2,0,2,2,0.9851868388166
1061,"Sarah","Rodriguez",1970,10146,0,2,2,2,0.985296268614473
1062,"John","Garcia",1975,12384,2,2,2,2,0.999606254813491
1064,"James","Miller",1979,18775,2,2,2,2,0.999606254813491
1068,"Olivia","Rodriguez",1983,10461,2,2,2,2,0.999606254813491
1069,"Emma","Brown",1988,14180,2,2,2,2,0.999606254813491
1070,"Jane","Williams",1983,14363,2,2,2,2,0.999606254813491
1071,"Emma","Williams",1980,12575,0,2,2,2,0.985296268614473
1072,"Sarah","Davis",1974,10247,2,2,2,2,0.999606254813491
1073,"James","Miller",1999,12947,0,2,2,2,0.985296268614473
1074,"Jane","Brown",2000,15440,2,0,2,2,0.9851868388166
1075,"William","Smith",1978,12366,2,2,2,2,0.999606254813491
1076,"William","Johnson",1972,10707,2,2,2,2,0.999606254813491
1077,"James","Williams",1973,17733,2,0,2,2,0.9851868388166
1078,"Michael","Smith",1997,19266,2,0,2,2,0.9851868388166
1080,"David","Martinez",1997,18769,2,0,2,2,0.9851868388166
1082,"Emily","Williams",1979,17919,2,0,2,2,0.9851868388166
1083,"Olivia","Miller",1973,19302,2,2,0,2,0.953764941384782
1084,"John","Smith",1993,18714,0,2,2,2,0.985296268614473
1085,"Olivia","Johnson",1970,12888,2,2,2,2,0.999606254813491
1086,"David","Johnson",1986,17638,2,2,0,2,0.953764941384782
1088,"Emma","Rodriguez",1980,11698,2,2,0,2,0.953764941384782
1089,"David","Brown",1976,18304,2,2,0,2,0.953764941384782
1090,"Sarah","Brown",1987,14986,2,2,0,2,0.953764941384782
1091,"James","Brown",1980,16602,2,0,2,2,0.9851868388166
1092,"Michael","Miller",1997,10239,2,0,2,2,0.9851868388166
1093,"John","Williams",1971,16406,0,2,2,2,0.985296268614473
1094,"James","Johnson",1999,16614,0,2,2,2,0.985296268614473
1095,"Jane","Johnson",1988,10034,0,2,2,2,0.985296268614473
1096,"John","Brown",1974,19153,2,2,0,2,0.953764941384782
1098,"James","Martinez",1986,15609,2,2,0,2,0.953764941384782
1101,"Sarah","Smith",1988,14397,0,2,2,2,0.985296268614473
1104,"Jane","Garcia",1994,13643,2,0,2,2,0.9851868388166
1105,"David","Jones",1971,11828,2,2,0,2,0.953764941384782
1107,"Michael","Davis",1973,16384,2,2,2,2,0.999606254813491
1108,"William","Martinez",1996,14034,2,0,2,2,0.9851868388166
1109,"Jane","Martinez",1993,11220,2,2,2,2,0.999606254813491
1110,"Emma","Williams",1998,10051,0,2,2,2,0.985296268614473
1111,"Michael","Williams",1999,15816,2,2,2,2,0.999606254813491
1112,"Emily","Williams",1985,12223,2,2,2,2,0.999606254813491
1113,"Michael","Garcia",1982,14220,2,2,2,2,0.999606254813491
1114,"Michael","Smith",1983,19672,2,2,2,2,0.999606254813491
1116,"Emily","Davis",1997,13964,0,2,2,2,0.985296268614473
1119,"Sarah","Martinez",1972,16909,2,0,2,2,0.9851868388166
1120,"Michael","Davis",1981,14506,0,2,2,2,0.985296268614473
1122,"David","Smith",1995,12284,2,2,0,2,0.953764941384782
1123,"David","Brown",1970,15624,2,2,0,2,0.953764941384782
1124,"Emma","Rodriguez",1999,11449,2,0,2,2,0.9851868388166
1125,"David","Rodriguez",1982,18918,0,2,2,2,0.985296268614473
1126,"David","Martinez",2000,13635,2,2,2,2,0.999606254813491
1127,"Michael","Smith",1988,14882,2,2,2,2,0.999606254813491
1129,"John","Jones",1994,17496,2,2,2,2,0.999606254813491
1130,"Jane","Johnson",1989,16105,2,2,0,2,0.953764941384782
1131,"John","Rodriguez",1997,19216,2,2,2,2,0.999606254813491
1132,"Emma","Rodriguez",1984,17099,2,2,2,2,0.999606254813491
1133,"John","Jones",1973,19546,2,0,2,2,0.9851868388166
1134,"Jane","Johnson",1991,12604,0,2,2,2,0.985296268614473
1135,"Olivia","Rodriguez",1987,17103,0,2,2,2,0.985296268614473
1137,"Sarah","Miller",1989,11434,0,2,2,2,0.985296268614473
1138,"Michael","Brown",1997,17912,2,2,2,2,0.999606254813491
1139,"Emma","Miller",1971,11949,2,2,2,2,0.999606254813491
1140,"John","Johnson",1988,13487,2,2,2,2,0.999606254813491
1141,"Sarah","Williams",1979,17319,2,0,2,2,0.9851868388166
1142,"Emma","Garcia",1977,12528,2,2,2,2,0.999606254813491
1143,"John","Johnson",1978,12979,2,0,2,2,0.9851868388166
1144,"Emily","Davis",1987,11822,0,2,2,2,0.985296268614473
1146,"Michael","Williams",1973,17081,2,2,2,2,0.999606254813491
1147,"John","Martinez",2000,18472,0,2,2,2,0.985296268614473
1148,"Sarah","Davis",1972,16823,0,2,2,2,0.985296268614473
1149,"Michael","Jones",1993,17795,2,2,2,2,0.999606254813491
1150,"David","Miller",1991,13214,2,2,2,2,0.999606254813491
1151,"John","Williams",1994,19046,2,0,2,2,0.9851868388166
1152,"Sarah","Brown",1973,16403,2,2,0,2,0.953764941384782
1154,"John","Rodriguez",1977,13671,2,0,2,2,0.9851868388166
1155,"Emma","Garcia",1987,17498,0,2,2,2,0.985296268614473
1156,"James","Martinez",1994,15846,2,2,2,2,0.999606254813491
1157,"David","Williams",1988,18332,2,2,2,2,0.999606254813491
1158,"David","Smith",1971,12111,2,2,2,2,0.999606254813491
1159,"Emma","Smith",1994,11411,0,2,2,2,0.985296268614473
1160,"Emily","Davis",1980,16563,2,2,0,2,0.953764941384782
1161,"Emily","Miller",1979,17597,2,2,2,2,0.999606254813491
1163,"David","Davis",1996,11089,2,2,2,2,0.999606254813491
1164,"Emily","Jones",1971,15898,2,2,2,2,0.999606254813491
1165,"Sarah","Rodriguez",1995,17752,2,2,2,2,0.999606254813491
1166,"Olivia","Brown",1972,19000,2,2,0,2,0.953764941384782
1168,"John","Garcia",1982,18558,0,2,2,2,0.985296268614473
1169,"Emma","Davis",1991,14991,2,0,2,2,0.9851868388166
1170,"David","Jones",1977,14684,0,2,2,2,0.985296268614473
1171,"David","Jones",1975,16204,2,2,2,2,0.999606254813491
1172,"Olivia","Davis",1977,18943,2,2,2,2,0.999606254813491
1173,"Michael","Rodriguez",1996,19526,2,2,2,2,0.999606254813491
1174,"John","Miller",1994,16862,0,2,2,2,0.985296268614473
1176,"Michael","Brown",1977,19829,2,0,2,2,0.9851868388166
1177,"Emily","Davis",1997,16888,2,0,2,2,0.9851868388166
1178,"Olivia","Brown",1980,10835,2,2,0,2,0.953764941384782
1179,"Emily","Smith",1980,18992,2,2,2,2,0.999606254813491
1181,"Olivia","Jones",1983,12851,2,2,2,2,0.999606254813491
1183,"James","Johnson",1998,16734,2,0,2,2,0.9851868388166
1184,"John","Williams",1995,12202,2,2,2,2,0.999606254813491
1185,"David","Davis",1974,18258,2,2,2,2,0.999606254813491
1186,"Emily","Williams",1993,16231,2,2,2,2,0.999606254813491
1187,"John","Jones",1995,12803,2,2,2,2,0.999606254813491
1188,"William","Williams",1986,12170,2,2,0,2,0.953764941384782
1189,"James","Miller",1991,15438,2,0,2,2,0.9851868388166
1190,"David","Rodriguez",1970,17751,2,0,2,2,0.9851868388166
1191,"James","Martinez",1991,13880,0,2,2,2,0.985296268614473
1192,"Sarah","Jones",1994,11009,2,0,2,2,0.9851868388166
1193,"James","Martinez",2000,19998,2,2,0,2,0.953764941384782
1194,"Michael","Brown",1994,19402,2,0,2,2,0.9851868388166
1195,"James","Brown",1971,14156,2,2,2,2,0.999606254813491
1196,"John","Davis",1978,16002,2,2,2,2,0.999606254813491
1197,"Michael","Miller",1985,18779,2,2,2,2,0.999606254813491
1198,"Sarah","Garcia",1981,11656,0,2,2,2,0.985296268614473
1199,"Jane","Brown",1985,10116,2,2,2,2,0.999606254813491
1200,"John","Garcia",1982,15505,2,2,2,2,0.999606254813491
1202,"David","Jones",1985,17416,2,2,2,2,0.999606254813491
1203,"John","Martinez",1970,10128,2,2,2,2,0.999606254813491
1204,"Sarah","Rodriguez",1993,12619,2,2,2,2,0.999606254813491
1205,"Sarah","Miller",1984,17990,2,0,2,2,0.9851868388166
1206,"Emma","Jones",2000,18302,0,2,2,2,0.985296268614473
1207,"John","Brown",1971,16149,2,2,2,2,0.999606254813491
1208,"Sarah","Martinez",1978,15678,2,2,2,2,0.999606254813491
1210,"Sarah","Brown",1987,14008,0,2,2,2,0.985296268614473
1212,"David","Martinez",1982,14786,2,0,2,2,0.9851868388166
1213,"Olivia","Davis",1977,11023,2,2,0,2,0.953764941384782
1214,"James","Garcia",1991,13650,0,2,2,2,0.985296268614473
1215,"Olivia","Garcia",1978,18225,2,2,2,2,0.999606254813491
1216,"Michael","Miller",1992,18941,2,2,2,2,0.999606254813491
1217,"James","Davis",1975,14404,2,2,2,2,0.999606254813491
1218,"David","Davis",1983,10461,2,2,2,2,0.999606254813491
1219,"William","Miller",1994,19271,2,2,2,2,0.999606254813491
1220,"Jane","Johnson",1975,12838,2,0,2,2,0.9851868388166
1221,"Sarah","Brown",1984,19403,2,2,2,2,0.999606254813491
1223,"William","Williams",1982,19060,2,0,2,2,0.9851868388166
1224,"James","Williams",1990,14468,2,2,2,2,0.999606254813491
1225,"Michael","Davis",1986,17545,2,2,2,2,0.999606254813491
1227,"Sarah","Brown",1997,12780,2,2,2,2,0.999606254813491
1228,"Sarah","Miller",1979,10379,2,2,0,2,0.953764941384782
1229,"Emma","Martinez",1979,19742,2,0,2,2,0.9851868388166
1230,"Emily","Garcia",1979,16651,0,2,2,2,0.985296268614473
1231,"Sarah","Jones",1979,14165,2,2,2,2,0.999606254813491
1232,"John","Smith",1980,16032,2,2,0,2,0.953764941384782
1233,"Emily","Davis",1970,19601,2,2,2,2,0.999606254813491
1234,"Sarah","Jones",1990,10524,2,0,2,2,0.9851868388166
1235,"Olivia","Rodriguez",1974,18963,2,2,0,2,0.953764941384782
1236,"William","Miller",1997,13294,2,2,2,2,0.999606254813491
1237,"William","Rodriguez",1985,15004,2,2,2,2,0.999606254813491
1238,"David","Johnson",1971,17052,2,2,2,2,0.999606254813491
1239,"John","Davis",1991,10547,2,2,2,2,0.999606254813491
1240,"Michael","Smith",1970,12627,2,2,2,2,0.999606254813491
1241,"Emma","Davis",1979,18075,2,2,2,2,0.999606254813491
1242,"John","Miller",1988,19157,2,2,2,2,0.999606254813491
1244,"William","Williams",1979,16447,2,2,2,2,0.999606254813491
1245,"Michael","Jones",1975,12902,2,0,2,2,0.9851868388166
1247,"Emma","Davis",1978,14513,0,2,2,2,0.985296268614473
1248,"Emma","Johnson",1978,15926,2,2,2,2,0.999606254813491
1250,"James","Davis",1976,17786,2,2,2,2,0.999606254813491
1251,"John","Garcia",1990,17592,2,2,0,2,0.953764941384782
1252,"Emma","Smith",1994,10843,2,2,2,2,0.999606254813491
1253,"John","Brown",1976,11132,2,0,2,2,0.9851868388166
1254,"Sarah","Johnson",1994,13923,2,2,2,2,0.999606254813491
1255,"Jane","Brown",1996,10503,2,2,2,2,0.999606254813491
1256,"David","Williams",1993,11535,2,2,2,2,0.999606254813491
1257,"Olivia","Smith",1970,16877,2,2,2,2,0.999606254813491
1258,"Michael","Davis",2000,17945,0,2,2,2,0.985296268614473
1259,"Olivia","Jones",1971,19931,2,0,2,2,0.9851868388166
1260,"Emily","Davis",1988,13851,2,2,2,2,0.999606254813491
1261,"Emma","Smith",1977,18092,2,2,2,2,0.999606254813491
1262,"Sarah","Brown",1990,19542,2,2,2,2,0.999606254813491
1263,"James","Smith",1973,11074,2,2,2,2,0.999606254813491
1264,"David","Martinez",1987,13675,2,2,2,2,0.999606254813491
1265,"John","Brown",1970,15546,0,2,2,2,0.985296268614473
1266,"John","Jones",1979,18051,2,2,2,2,0.999606254813491
1267,"Jane","Jones",1984,17433,2,0,2,2,0.9851868388166
1268,"Olivia","Martinez",1986,19529,2,2,2,2,0.999606254813491
1270,"John","Davis",1983,11185,0,2,2,2,0.985296268614473
1271,"Jane","Davis",1993,19997,0,2,2,2,0.985296268614473
1272,"James","Smith",1990,10170,2,2,0,2,0.953764941384782
1273,"John","Williams",1990,13840,2,2,2,2,0.999606254813491
1275,"Emily","Garcia",1976,19873,2,2,0,2,0.953764941384782
1276,"Emma","Williams",1983,15137,2,2,2,2,0.999606254813491
1277,"Emma","Jones",1995,14382,2,2,2,2,0.999606254813491
1278,"David","Smith",1976,17565,2,0,2,2,0.9851868388166
1281,"John","Martinez",1990,13623,2,2,2,2,0.999606254813491
1283,"William","Garcia",1973,19855,2,2,2,2,0.999606254813491
1284,"Sarah","Brown",1982,17482,2,2,2,2,0.999606254813491
1285,"Jane","Rodriguez",1976,11169,2,2,0,2,0.953764941384782
1286,"William","Williams",1988,10382,2,0,2,2,0.9851868388166
1288,"Jane","Brown",1977,15724,2,2,2,2,0.999606254813491
1289,"John","Smith",1997,19184,2,2,2,2,0.999606254813491
1290,"Sarah","Johnson",1993,19991,2,0,2,2,0.9851868388166
1291,"Sarah","Brown",1971,19862,2,2,2,2,0.999606254813491
1292,"Emily","Jones",1994,19717,2,2,2,2,0.999606254813491
1293,"David","Williams",1971,11862,2,2,0,2,0.953764941384782
1294,"David","Miller",1970,12431,2,2,0,2,0.953764941384782
1295,"Olivia","Rodriguez",2000,16449,0,2,2,2,0.985296268614473
1296,"Emma","Garcia",1981,11413,2,2,2,2,0.999606254813491
1297,"Sarah","Smith",1972,11812,2,2,2,2,0.999606254813491
1298,"Olivia","Miller",1979,14020,2,2,0,2,0.953764941384782
1299,"William","Brown",1975,15343,2,2,2,2,0.999606254813491
1300,"Michael","Rodriguez",1972,12752,0,2,2,2,0.985296268614473
1301,"John","Jones",1999,10685,2,2,0,2,0.953764941384782
1302,"Jane","Johnson",2000,12496,2,2,2,2,0.999606254813491
1303,"Olivia","Jones",1985,14475,2,2,2,2,0.999606254813491
1304,"David","Miller",1999,18752,2,2,2,2,0.999606254813491
1305,"David","Garcia",1978,17233,2,2,2,2,0.999606254813491
1306,"William","Johnson",1994,16759,2,2,2,2,0.999606254813491
1307,"John","Miller",1971,17892,2,2,0,2,0.953764941384782
1308,"John","Davis",1990,17594,2,0,2,2,0.9851868388166
1309,"Olivia","Johnson",1992,19225,2,2,2,2,0.999606254813491
1310,"Jane","Martinez",1982,15914,2,2,2,2,0.999606254813491
1311,"Jane","Johnson",1996,16308,2,2,2,2,0.999606254813491
1312,"David","Martinez",1978,15176,2,0,2,2,0.9851868388166
1313,"John","Williams",1978,11582,2,2,2,2,0.999606254813491
1314,"Michael","Johnson",1990,17378,2,0,2,2,0.9851868388166
1315,"Olivia","Martinez",1982,10918,2,2,2,2,0.999606254813491
1316,"James","Martinez",1979,10978,2,2,2,2,0.999606254813491
1317,"Michael","Rodriguez",1994,13970,2,2,2,2,0.999606254813491
1318,"Jane","Martinez",1979,10361,2,2,2,2,0.999606254813491
1321,"Michael","Brown",1980,14868,2,2,0,2,0.953764941384782
1322,"Jane","Smith",1982,12066,2,2,2,2,0.999606254813491
1323,"James","Smith",1988,12984,2,2,2,2,0.999606254813491
1324,"Olivia","Smith",1990,12185,2,2,2,2,0.999606254813491
1325,"Olivia","Williams",1996,15657,2,2,2,2,0.999606254813491
1326,"Sarah","Williams",1989,13133,2,2,0,2,0.953764941384782
1327,"Sarah","Williams",1996,11911,2,2,2,2,0.999606254813491
1328,"Emma","Jones",1992,10869,2,2,2,2,0.999606254813491
1329,"Emily","Williams",1994,14805,2,2,2,2,0.999606254813491
1330,"Jane","Williams",1995,15086,0,2,2,2,0.985296268614473
1332,"Jane","Davis",1998,14043,2,0,2,2,0.9851868388166
1333,"William","Davis",1970,13058,2,2,2,2,0.999606254813491
1334,"William","Martinez",1980,14031,2,0,2,2,0.9851868388166
1335,"Emily","Brown",1995,12465,2,0,2,2,0.9851868388166
1336,"David","Rodriguez",1976,10110,2,2,2,2,0.999606254813491
1337,"Olivia","Jones",1978,17748,2,2,2,2,0.999606254813491
1338,"John","Brown",1970,15197,2,2,2,2,0.999606254813491
1339,"Olivia","Brown",2000,14525,2,2,2,2,0.999606254813491
1340,"James","Davis",1977,10357,2,2,0,2,0.953764941384782
1341,"William","Davis",1975,13616,2,2,2,2,0.999606254813491
1342,"David","Rodriguez",1984,15892,2,2,2,2,0.999606254813491
1343,"William","Martinez",1971,14899,2,2,2,2,0.999606254813491
1344,"David","Brown",1975,16265,2,2,2,2,0.999606254813491
1347,"William","Rodriguez",1971,18145,2,2,2,2,0.999606254813491
1348,"Olivia","Martinez",1974,19212,2,2,2,2,0.999606254813491
1350,"James","Martinez",1996,13280,2,2,2,2,0.999606254813491
1351,"Michael","Johnson",1977,15469,2,2,2,2,0.999606254813491
1352,"Sarah","Garcia",1980,19508,2,2,0,2,0.953764941384782
1353,"William","Smith",1987,10185,2,2,2,2,0.999606254813491
1354,"Michael","Rodriguez",1982,14323,2,2,2,2,0.999606254813491
1355,"Emma","Davis",1996,18118,2,0,2,2,0.9851868388166
1357,"James","Williams",1986,13063,2,2,0,2,0.953764941384782
1358,"Sarah","Jones",1985,18038,2,2,2,2,0.999606254813491
1359,"James","Rodriguez",1984,13754,0,2,2,2,0.985296268614473
1360,"Michael","Davis",1995,13018,2,2,2,2,0.999606254813491
1361,"Michael","Johnson",1999,10548,2,0,2,2,0.9851868388166
1362,"Sarah","Davis",1974,16535,2,0,2,2,0.9851868388166
1363,"James","Johnson",1986,15230,2,2,2,2,0.999606254813491
1364,"James","Brown",1977,19190,2,2,2,2,0.999606254813491
1365,"Michael","Johnson",1987,12989,2,2,0,2,0.953764941384782
1366,"David","Rodriguez",1970,18680,2,2,2,2,0.999606254813491
1367,"William","Williams",1989,17807,2,2,0,2,0.953764941384782
1369,"Sarah","Smith",1989,17790,2,2,2,2,0.999606254813491
1370,"Emma","Rodriguez",1986,10374,2,2,2,2,0.999606254813491
1372,"Michael","Davis",1987,18812,2,2,2,2,0.999606254813491
1373,"Olivia","Brown",1984,15055,2,2,2,2,0.999606254813491
1374,"David","Martinez",1989,19850,2,2,2,2,0.999606254813491
1375,"Emily","Martinez",1995,16342,2,2,2,2,0.999606254813491
1376,"Emily","Martinez",1978,18634,2,2,2,2,0.999606254813491
1378,"John","Brown",1998,14217,0,2,2,2,0.985296268614473
1379,"Jane","Davis",1975,14947,0,2,2,2,0.985296268614473
1380,"David","Rodriguez",1976,15334,2,2,2,2,0.999606254813491
1381,"Michael","Garcia",1973,10523,2,2,2,2,0.999606254813491
1382,"William","Garcia",1979,15818,2,0,2,2,0.9851868388166
1384,"David","Jones",1999,15007,2,2,2,2,0.999606254813491
1386,"Michael","Rodriguez",1971,13288,2,2,2,2,0.999606254813491
1387,"Sarah","Martinez",1973,18954,2,0,2,2,0.9851868388166
1388,"Emma","Davis",1994,15122,2,0,2,2,0.9851868388166
1389,"Olivia","Miller",1992,14896,2,2,2,2,0.999606254813491
1390,"Sarah","Martinez",1995,11691,2,2,2,2,0.999606254813491
1391,"Olivia","Johnson",1995,18425,2,2,2,2,0.999606254813491
1392,"Emma","Garcia",1996,16886,2,2,2,2,0.999606254813491
1393,"Olivia","Brown",1986,17581,2,2,2,2,0.999606254813491
1394,"Sarah","Martinez",1971,12479,2,2,2,2,0.999606254813491
1395,"Michael","Smith",1996,12373,2,0,2,2,0.9851868388166
1396,"William","Jones",2000,14474,2,0,2,2,0.9851868388166
1397,"John","Johnson",1987,19063,2,2,0,2,0.953764941384782
1398,"Sarah","Brown",1995,10671,2,2,2,2,0.999606254813491
1399,"David","Garcia",1981,17329,2,2,0,2,0.953764941384782
1400,"Jane","Jones",1980,11705,2,2,2,2,0.999606254813491
1401,"William","Johnson",1973,13016,2,2,2,2,0.999606254813491
1402,"Michael","Smith",1994,12858,2,2,2,2,0.999606254813491
1403,"Michael","Miller",1998,11944,2,2,2,2,0.999606254813491
1404,"Emily","Jones",1994,10155,2,2,2,2,0.999606254813491
1405,"John","Williams",2000,16466,2,2,2,2,0.999606254813491
1407,"David","Smith",1992,12663,2,2,0,2,0.953764941384782
1408,"Jane","Miller",1983,12665,2,0,2,2,0.9851868388166
1409,"William","Brown",1981,13579,2,2,0,2,0.953764941384782
1410,"Olivia","Johnson",1990,16780,2,2,2,2,0.999606254813491
1411,"John","Miller",1978,17576,2,0,2,2,0.9851868388166
1412,"David","Brown",1996,17234,2,2,2,2,0.999606254813491
1413,"David","Garcia",1973,16844,2,2,2,2,0.999606254813491
1415,"Michael","Martinez",1970,13395,0,2,2,2,0.985296268614473
1416,"John","Rodriguez",1983,10227,2,0,2,2,0.9851868388166
1417,"Emily","Miller",1970,11411,0,2,2,2,0.985296268614473
1418,"Emma","Miller",1972,13530,0,2,2,2,0.985296268614473
1419,"Jane","Johnson",1982,10709,2,2,2,2,0.999606254813491
1420,"Emily","Johnson",1974,18202,2,0,2,2,0.9851868388166
1421,"Emma","Martinez",1973,13302,2,2,2,2,0.999606254813491
1422,"Emma","Williams",1970,13502,2,2,2,2,0.999606254813491
1424,"Sarah","Martinez",1976,14638,2,0,2,2,0.9851868388166
1425,"William","Jones",1981,16239,2,0,2,2,0.9851868388166
1427,"William","Johnson",1987,14314,2,2,2,2,0.999606254813491
1429,"Jane","Davis",1998,12111,2,2,0,2,0.953764941384782
1430,"Emma","Rodriguez",1974,16249,2,2,2,2,0.999606254813491
1431,"Emma","Miller",1989,16051,2,2,2,2,0.999606254813491
1433,"William","Martinez",1984,16597,2,2,2,2,0.999606254813491
1434,"Jane","Jones",1998,13422,2,2,2,2,0.999606254813491
1435,"Olivia","Brown",1972,16269,2,2,2,2,0.999606254813491
1436,"Sarah","Smith",1991,13343,0,2,2,2,0.985296268614473
1439,"Olivia","Rodriguez",1991,15520,2,2,2,2,0.999606254813491
1440,"Michael","Jones",1986,15797,2,2,2,2,0.999606254813491
1441,"Sarah","Davis",1974,16120,0,2,2,2,0.985296268614473
1442,"James","Martinez",1991,16963,0,2,2,2,0.985296268614473
1443,"Emma","Martinez",1982,10787,0,2,2,2,0.985296268614473
1445,"William","Davis",1990,16959,2,2,2,2,0.999606254813491
1446,"Michael","Brown",1973,14548,0,2,2,2,0.985296268614473
1447,"Emma","Davis",1992,11851,2,2,2,2,0.999606254813491
1448,"Olivia","Miller",1971,19915,2,0,2,2,0.9851868388166
1449,"Jane","Garcia",1977,15728,2,2,2,2,0.999606254813491
1450,"Emma","Davis",1984,15672,2,2,2,2,0.999606254813491
1451,"Emma","Johnson",1978,13360,2,0,2,2,0.9851868388166
1452,"Emma","Brown",1983,10801,2,0,2,2,0.9851868388166
1453,"Jane","Brown",1982,12200,2,0,2,2,0.9851868388166
1454,"John","Rodriguez",1986,16978,2,2,0,2,0.953764941384782
1455,"James","Miller",1973,18586,0,2,2,2,0.985296268614473
1456,"David","Miller",1971,15566,2,0,2,2,0.9851868388166
1457,"William","Rodriguez",1999,15278,2,2,2,2,0.999606254813491
1458,"Michael","Rodriguez",1971,11796,2,0,2,2,0.9851868388166
1459,"Sarah","Williams",1975,10460,2,0,2,2,0.9851868388166
1460,"Emma","Miller",1978,15993,2,2,2,2,0.999606254813491
1461,"James","Johnson",1974,13545,0,2,2,2,0.985296268614473
1462,"Michael","Miller",2000,15038,2,2,2,2,0.999606254813491
1463,"John","Martinez",1991,17114,2,2,2,2,0.999606254813491
1465,"William","Garcia",1974,13939,2,2,2,2,0.999606254813491
1466,"David","Williams",1972,14789,2,2,2,2,0.999606254813491
1468,"William","Jones",1981,17026,2,2,2,2,0.999606254813491
1469,"Emily","Garcia",1994,17359,0,2,2,2,0.985296268614473
1470,"James","Rodriguez",1975,15981,2,2,2,2,0.999606254813491
1471,"David","Smith",1980,15006,2,0,2,2,0.9851868388166
1472,"James","Rodriguez",1994,11412,2,2,2,2,0.999606254813491
1473,"William","Williams",1973,10105,2,2,2,2,0.999606254813491
1474,"James","Smith",1971,11810,2,2,2,2,0.999606254813491
1475,"James","Martinez",1995,13493,0,2,2,2,0.985296268614473
1476,"William","Williams",1980,17885,2,2,0,2,0.953764941384782
1477,"Emily","Jones",1989,19232,2,2,2,2,0.999606254813491
1478,"Michael","Garcia",1979,16830,2,2,2,2,0.999606254813491
1479,"James","Davis",1997,16814,2,0,2,2,0.9851868388166
1480,"Jane","Miller",1989,18025,2,2,2,2,0.999606254813491
1481,"Emma","Williams",1998,11687,2,2,2,2,0.999606254813491
1483,"Olivia","Williams",1976,11939,0,2,2,2,0.985296268614473
1484,"William","Brown",1998,13616,2,2,2,2,0.999606254813491
1485,"Jane","Miller",1998,15096,2,0,2,2,0.9851868388166
1486,"Olivia","Rodriguez",1979,14732,2,2,2,2,0.999606254813491
1487,"Michael","Davis",1971,18271,2,2,2,2,0.999606254813491
1488,"Jane","Garcia",1998,15894,2,0,2,2,0.9851868388166
1490,"Emma","Jones",1990,16948,0,2,2,2,0.985296268614473
1491,"John","Garcia",1983,10342,2,2,2,2,0.999606254813491
1492,"John","Brown",1994,17538,2,2,2,2,0.999606254813491
1493,"Emma","Martinez",1980,19675,2,0,2,2,0.9851868388166
1494,"Jane","Rodriguez",1985,19527,0,2,2,2,0.985296268614473
1495,"Emma","Martinez",1998,15586,2,2,2,2,0.999606254813491
1496,"Michael","Davis",1999,12130,2,0,2,2,0.9851868388166
1497,"Emily","Johnson",1987,12534,2,0,2,2,0.9851868388166
1498,"William","Smith",1997,10292,2,2,2,2,0.999606254813491
1499,"Jane","Miller",1974,14606,2,2,2,2,0.999606254813491
1500,"Emily","Brown",1989,17504,2,0,2,2,0.9851868388166
1502,"Michael","Martinez",1976,18471,2,2,2,2,0.999606254813491
1503,"William","Garcia",1976,12682,2,2,2,2,0.999606254813491
1504,"Emma","Rodriguez",2000,11111,2,2,2,2,0.999606254813491
1505,"Michael","Johnson",1995,17902,2,2,2,2,0.999606254813491
1506,"William","Rodriguez",1977,12173,2,2,2,2,0.999606254813491
1507,"Jane","Miller",1991,16656,2,2,2,2,0.999606254813491
1508,"Jane","Rodriguez",1997,19228,2,2,2,2,0.999606254813491
1509,"James","Martinez",1994,18534,2,2,0,2,0.953764941384782
1511,"William","Miller",1995,15987,2,2,2,2,0.999606254813491
1512,"John","Williams",1994,19136,2,2,2,2,0.999606254813491
1513,"Jane","Davis",1983,16290,2,2,2,2,0.999606254813491
1515,"James","Rodriguez",1976,17911,2,2,2,2,0.999606254813491
1516,"John","Davis",1971,19587,2,2,2,2,0.999606254813491
1517,"Sarah","Brown",1974,10400,2,2,0,2,0.953764941384782
1518,"Sarah","Martinez",1970,16884,2,2,2,2,0.999606254813491
1519,"James","Johnson",1980,16187,2,2,0,2,0.953764941384782
1520,"William","Miller",1997,13988,2,0,2,2,0.9851868388166
1521,"James","Garcia",1997,15872,2,2,2,2,0.999606254813491
1522,"Michael","Miller",1994,11568,2,2,2,2,0.999606254813491
1523,"Emma","Miller",1971,19115,0,2,2,2,0.985296268614473
1524,"Olivia","Davis",1995,16035,2,2,0,2,0.953764941384782
1525,"Sarah","Davis",1981,18977,0,2,2,2,0.985296268614473
1526,"Olivia","Jones",2000,19004,0,2,2,2,0.985296268614473
1527,"James","Johnson",1980,15646,0,2,2,2,0.985296268614473
1528,"James","Miller",1979,14476,2,0,2,2,0.9851868388166
1529,"Emily","Garcia",1986,16945,2,2,2,2,0.999606254813491
1530,"James","Davis",1975,12151,2,0,2,2,0.9851868388166
1531,"James","Johnson",1978,10847,2,2,2,2,0.999606254813491
1532,"David","Garcia",1979,13860,2,2,2,2,0.999606254813491
1534,"Jane","Jones",1980,17677,0,2,2,2,0.985296268614473
1535,"Michael","Garcia",1988,13937,2,2,0,2,0.953764941384782
1536,"David","Brown",1988,16699,2,0,2,2,0.9851868388166
1537,"Emma","Johnson",1989,15989,0,2,2,2,0.985296268614473
1538,"John","Smith",1978,16794,2,2,0,2,0.953764941384782
1540,"Olivia","Martinez",1979,15288,2,0,2,2,0.9851868388166
1541,"David","Garcia",1996,13019,2,2,2,2,0.999606254813491
1542,"William","Martinez",1998,19071,2,0,2,2,0.9851868388166
1543,"James","Smith",1990,10036,0,2,2,2,0.985296268614473
1544,"Olivia","Smith",1974,19604,2,0,2,2,0.9851868388166
1545,"Jane","Smith",1987,16187,0,2,2,2,0.985296268614473
1546,"Sarah","Davis",1973,15032,0,2,2,2,0.985296268614473
1547,"Michael","Williams",1996,10374,2,2,0,2,0.953764941384782
1548,"Michael","Davis",1979,15006,2,2,2,2,0.999606254813491
1549,"Emma","Johnson",1993,17708,2,0,2,2,0.9851868388166
1551,"Jane","Rodriguez",1985,16411,0,2,2,2,0.985296268614473
1553,"Sarah","Rodriguez",1976,14292,2,0,2,2,0.9851868388166
1554,"Michael","Miller",1988,12493,2,2,2,2,0.999606254813491
1555,"John","Rodriguez",1976,19708,2,2,2,2,0.999606254813491
1557,"Emma","Garcia",1974,13663,2,2,2,2,0.999606254813491
1558,"James","Rodriguez",1999,10278,0,2,2,2,0.985296268614473
1559,"John","Davis",2000,10970,2,2,2,2,0.999606254813491
1560,"Emma","Miller",1995,12330,2,2,0,2,0.953764941384782
1561,"Emma","Davis",1971,16548,2,2,2,2,0.999606254813491
1562,"Emma","Williams",1982,15214,2,0,2,2,0.9851868388166
1563,"Olivia","Rodriguez",1986,16603,2,0,2,2,0.9851868388166
1564,"Olivia","Smith",1979,13557,0,2,2,2,0.985296268614473
1565,"Emma","Garcia",1979,19180,2,2,2,2,0.999606254813491
1566,"Emma","Jones",2000,12228,2,2,2,2,0.999606254813491
1567,"Emma","Rodriguez",1972,16347,0,2,2,2,0.985296268614473
1568,"Jane","Miller",1983,17646,2,2,0,2,0.953764941384782
1569,"Jane","Rodriguez",1995,15992,2,2,0,2,0.953764941384782
1570,"Jane","Johnson",1979,11426,2,2,2,2,0.999606254813491
1571,"Michael","Smith",1985,15097,2,2,2,2,0.999606254813491
1572,"Jane","Miller",1974,12772,0,2,2,2,0.985296268614473
1573,"James","Brown",1977,16967,2,2,2,2,0.999606254813491
1574,"James","Martinez",1991,13689,2,2,2,2,0.999606254813491
1575,"William","Rodriguez",1978,17136,2,0,2,2,0.9851868388166
1576,"David","Garcia",1996,14184,2,2,2,2,0.999606254813491
1580,"John","Johnson",1984,13759,2,2,0,2,0.953764941384782
1581,"Jane","Rodriguez",1988,13308,2,2,2,2,0.999606254813491
1582,"Jane","Jones",1983,10059,2,2,2,2,0.999606254813491
1583,"Olivia","Johnson",1995,11470,2,0,2,2,0.9851868388166
1584,"David","Johnson",1972,15020,2,2,2,2,0.999606254813491
1585,"Emma","Garcia",1982,13509,2,0,2,2,0.9851868388166
1586,"Michael","Miller",2000,16600,2,2,2,2,0.999606254813491
1587,"Jane","Martinez",1996,17050,2,2,0,2,0.953764941384782
1588,"Emma","Rodriguez",1989,16264,2,0,2,2,0.9851868388166
1589,"James","Miller",1971,18153,2,2,2,2,0.999606254813491
1591,"William","Brown",1997,12813,0,2,2,2,0.985296268614473
1592,"Jane","Smith",1991,19458,2,2,2,2,0.999606254813491
1593,"David","Rodriguez",1989,14219,2,0,2,2,0.9851868388166
1594,"James","Garcia",1998,16846,2,2,2,2,0.999606254813491
1595,"Michael","Williams",1972,14430,0,2,2,2,0.985296268614473
1597,"James","Jones",1971,10821,0,2,2,2,0.985296268614473
1598,"David","Johnson",1988,15964,2,2,2,2,0.999606254813491
1599,"Emma","Martinez",1978,16877,0,2,2,2,0.985296268614473
1600,"Jane","Smith",1994,13719,0,2,2,2,0.985296268614473
1601,"Sarah","Smith",1981,17144,2,2,2,2,0.999606254813491
1602,"Emma","Williams",1987,14102,2,2,2,2,0.999606254813491
1603,"Sarah","Martinez",1993,17002,2,0,2,2,0.9851868388166
1605,"Sarah","Johnson",1989,15453,2,0,2,2,0.9851868388166
1606,"Emily","Brown",1975,14091,0,2,2,2,0.985296268614473
1607,"John","Johnson",1985,14107,2,0,2,2,0.9851868388166
1608,"Emma","Martinez",1998,11999,2,2,2,2,0.999606254813491
1609,"James","Martinez",1973,18506,2,0,2,2,0.9851868388166
1611,"Sarah","Johnson",1997,15772,2,2,2,2,0.999606254813491
1612,"Jane","Smith",1971,19161,2,0,2,2,0.9851868388166
1613,"James","Rodriguez",1978,19825,2,0,2,2,0.9851868388166
1614,"Emma","Miller",1996,15666,2,2,2,2,0.999606254813491
1615,"Michael","Williams",1994,19732,2,2,2,2,0.999606254813491
1616,"Olivia","Rodriguez",1997,11677,2,2,0,2,0.953764941384782
1617,"Michael","Williams",1988,18771,0,2,2,2,0.985296268614473
1618,"James","Williams",1981,15362,0,2,2,2,0.985296268614473
1619,"Sarah","Rodriguez",1982,12803,2,0,2,2,0.9851868388166
1621,"Olivia","Miller",1973,19491,2,2,2,2,0.999606254813491
1622,"William","Davis",1975,19217,2,0,2,2,0.9851868388166
1624,"James","Smith",1980,14969,2,2,2,2,0.999606254813491
1625,"David","Brown",1982,13202,0,2,2,2,0.985296268614473
1626,"Emily","Davis",1995,10010,2,2,2,2,0.999606254813491
1627,"Olivia","Williams",1996,14253,2,0,2,2,0.9851868388166
1628,"William","Johnson",1982,13597,2,2,2,2,0.999606254813491
1629,"Michael","Garcia",1999,18981,2,2,2,2,0.999606254813491
1632,"William","Garcia",1971,16120,2,2,2,2,0.999606254813491
1633,"David","Jones",1979,14750,2,0,2,2,0.9851868388166
1634,"Sarah","Smith",1989,10974,2,2,0,2,0.953764941384782
1635,"Jane","Brown",1978,12116,2,2,0,2,0.953764941384782
1637,"Sarah","Williams",1985,19133,2,2,2,2,0.999606254813491
1638,"Sarah","Johnson",2000,11639,2,2,2,2,0.999606254813491
1639,"Olivia","Rodriguez",1997,18865,2,0,2,2,0.9851868388166
1640,"David","Brown",1980,12873,2,2,2,2,0.999606254813491
1641,"Emily","Brown",1989,17740,2,2,2,2,0.999606254813491
1642,"Michael","Martinez",1978,15304,2,0,2,2,0.9851868388166
1643,"William","Brown",1974,13122,2,0,2,2,0.9851868388166
1644,"Sarah","Miller",1995,11014,2,2,2,2,0.999606254813491
1645,"Jane","Jones",1977,16496,2,0,2,2,0.9851868388166
1646,"James","Williams",1970,11065,0,2,2,2,0.985296268614473
1647,"William","Smith",1975,12867,2,2,2,2,0.999606254813491
1648,"Emma","Martinez",1986,16928,2,2,2,2,0.999606254813491
1649,"Emma","Jones",1975,19594,2,2,2,2,0.999606254813491
1650,"Sarah","Miller",1987,10094,2,2,2,2,0.999606254813491
1651,"David","Garcia",1981,11270,2,0,2,2,0.9851868388166
1652,"James","Johnson",1999,13378,2,2,2,2,0.999606254813491
1653,"James","Smith",1981,17006,2,2,2,2,0.999606254813491
1654,"David","Garcia",1980,15066,2,2,2,2,0.999606254813491
1655,"Olivia","Smith",1984,19298,2,2,2,2,0.999606254813491
1657,"Olivia","Davis",1991,10411,0,2,2,2,0.985296268614473
1658,"Jane","Martinez",1979,15278,2,2,2,2,0.999606254813491
1659,"Michael","Davis",1985,10439,2,2,2,2,0.999606254813491
1660,"William","Johnson",1990,14937,2,2,2,2,0.999606254813491
1661,"Sarah","Smith",1987,16969,2,2,2,2,0.999606254813491
1664,"John","Brown",1991,13437,2,2,2,2,0.999606254813491
1665,"Michael","Garcia",1980,15446,2,0,2,2,0.9851868388166
1666,"James","Garcia",1977,19991,2,2,2,2,0.999606254813491
1667,"Jane","Jones",1996,13336,2,2,2,2,0.999606254813491
1669,"Emma","Garcia",1978,15369,2,2,2,2,0.999606254813491
1670,"Emma","Rodriguez",1971,16177,2,0,2,2,0.9851868388166
1672,"Emily","Rodriguez",1973,11382,2,2,2,2,0.999606254813491
1673,"Emily","Martinez",1975,17214,2,0,2,2,0.9851868388166
1675,"Jane","Brown",1996,12841,2,2,2,2,0.999606254813491
1677,"Emma","Martinez",1974,12272,0,2,2,2,0.985296268614473
1678,"James","Brown",1997,15600,2,2,2,2,0.999606254813491
1680,"David","Davis",1989,12419,2,0,2,2,0.9851868388166
1681,"Sarah","Brown",1996,18341,2,0,2,2,0.9851868388166
1682,"Olivia","Garcia",1979,13580,2,2,2,2,0.999606254813491
1684,"Olivia","Johnson",1989,19760,2,2,2,2,0.999606254813491
1686,"Sarah","Johnson",1972,16280,2,2,2,2,0.999606254813491
1687,"David","Johnson",1980,13101,2,2,2,2,0.999606254813491
1688,"John","Brown",1973,18066,2,0,2,2,0.9851868388166
1689,"Olivia","Martinez",1970,13703,2,2,2,2,0.999606254813491
1690,"David","Rodriguez",1981,15024,2,2,2,2,0.999606254813491
1691,"Emma","Jones",1979,17156,2,2,2,2,0.999606254813491
1692,"Emma","Williams",1973,11333,0,2,2,2,0.985296268614473
1694,"William","Garcia",1989,17522,2,2,2,2,0.999606254813491
1695,"Michael","Martinez",1974,10982,2,2,2,2,0.999606254813491
1696,"Olivia","Jones",1979,13339,2,2,2,2,0.999606254813491
1697,"Emily","Jones",1984,14032,2,0,2,2,0.9851868388166
1698,"William","Rodriguez",1980,17618,2,2,2,2,0.999606254813491
1699,"William","Brown",1974,14590,2,2,2,2,0.999606254813491
1700,"William","Miller",1980,12736,0,2,2,2,0.985296268614473
1701,"Sarah","Smith",1986,17639,2,2,2,2,0.999606254813491
1702,"James","Williams",1999,18999,2,2,2,2,0.999606254813491
1703,"Emily","Brown",1981,10305,2,2,2,2,0.999606254813491
1704,"James","Miller",1973,10944,2,0,2,2,0.9851868388166
1705,"Michael","Williams",1980,10293,0,2,2,2,0.985296268614473
1706,"Michael","Garcia",1979,15515,2,0,2,2,0.9851868388166
1707,"Emma","Miller",1984,16789,0,2,2,2,0.985296268614473
1708,"James","Jones",1978,14079,2,2,2,2,0.999606254813491
1709,"John","Davis",1980,12860,2,2,2,2,0.999606254813491
1710,"Emily","Garcia",1985,16587,2,0,2,2,0.9851868388166
1711,"Olivia","Miller",1992,18886,2,0,2,2,0.9851868388166
1712,"John","Davis",1990,18513,0,2,2,2,0.985296268614473
1713,"Olivia","Rodriguez",1980,18917,2,0,2,2,0.9851868388166
1714,"David","Garcia",1971,19989,2,2,2,2,0.999606254813491
1715,"James","Garcia",1996,16953,2,2,2,2,0.999606254813491
1716,"David","Miller",1973,14866,2,0,2,2,0.9851868388166
1717,"Emma","Jones",1981,16053,2,2,2,2,0.999606254813491
1718,"Emily","Smith",1982,12152,2,2,0,2,0.953764941384782
1719,"Jane","Jones",1986,13143,2,2,2,2,0.999606254813491
1720,"John","Rodriguez",1973,10450,2,2,2,2,0.999606254813491
1721,"Michael","Martinez",1970,13098,2,2,0,2,0.953764941384782
1722,"William","Williams",1978,15798,2,2,2,2,0.999606254813491
1723,"Emma","Johnson",1980,15943,2,0,2,2,0.9851868388166
1724,"David","Martinez",1993,14551,2,2,2,2,0.999606254813491
1726,"James","Garcia",1985,11389,0,2,2,2,0.985296268614473
1727,"Olivia","Davis",1996,12695,2,2,2,2,0.999606254813491
1728,"David","Garcia",1987,10102,2,2,0,2,0.953764941384782
1729,"Sarah","Davis",1975,16881,2,0,2,2,0.9851868388166
1730,"Olivia","Garcia",1996,16465,2,0,2,2,0.9851868388166
1732,"William","Jones",1979,19446,2,2,2,2,0.999606254813491
1733,"Emily","Miller",1997,14476,0,2,2,2,0.985296268614473
1734,"Sarah","Garcia",1978,19284,2,2,2,2,0.999606254813491
1735,"Sarah","Williams",1999,17330,2,2,2,2,0.999606254813491
1736,"James","Martinez",1970,13976,2,2,0,2,0.953764941384782
1737,"Michael","Garcia",2000,17282,2,2,2,2,0.999606254813491
1738,"David","Garcia",1988,12710,2,2,0,2,0.953764941384782
1739,"Olivia","Brown",1982,18275,2,2,2,2,0.999606254813491
1740,"David","Johnson",1979,17812,2,2,2,2,0.999606254813491
1741,"James","Davis",1973,10055,2,2,2,2,0.999606254813491
1742,"Sarah","Miller",1999,11567,0,2,2,2,0.985296268614473
1743,"John","Brown",1981,10141,2,2,2,2,0.999606254813491
1745,"Emma","Jones",2000,16804,2,2,2,2,0.999606254813491
1746,"Jane","Davis",1984,14025,2,2,2,2,0.999606254813491
1747,"Michael","Johnson",1994,16657,2,2,2,2,0.999606254813491
1748,"Olivia","Johnson",2000,18036,2,2,2,2,0.999606254813491
1749,"John","Williams",1991,11507,2,2,2,2,0.999606254813491
1750,"William","Jones",1980,18196,2,0,2,2,0.9851868388166
1751,"Michael","Davis",1970,17834,2,2,2,2,0.999606254813491
1752,"David","Martinez",1975,16615,2,0,2,2,0.9851868388166
1753,"Emma","Williams",1971,12393,2,2,2,2,0.999606254813491
1754,"James","Miller",1984,14339,2,2,2,2,0.999606254813491
1755,"John","Jones",1990,16755,0,2,2,2,0.985296268614473
1756,"John","Garcia",1996,16731,0,2,2,2,0.985296268614473
1757,"John","Martinez",1972,15113,2,2,2,2,0.999606254813491
1758,"David","Davis",1977,12210,2,2,2,2,0.999606254813491
1759,"Emma","Smith",1997,19651,2,0,2,2,0.9851868388166
1760,"David","Rodriguez",1999,10747,2,2,2,2,0.999606254813491
1761,"Emily","Davis",1973,10390,2,2,0,2,0.953764941384782
1762,"Emily","Williams",1999,18680,0,2,2,2,0.985296268614473
1763,"David","Williams",1978,17372,2,2,0,2,0.953764941384782
1764,"Emma","Rodriguez",1987,16718,2,2,2,2,0.999606254813491
1765,"James","Martinez",2000,15956,0,2,2,2,0.985296268614473
1766,"Jane","Smith",1987,17941,2,2,2,2,0.999606254813491
1767,"Emma","Martinez",1986,11642,2,2,2,2,0.999606254813491
1768,"Michael","Brown",1976,19682,2,2,2,2,0.999606254813491
1769,"Michael","Smith",1995,12578,2,2,2,2,0.999606254813491
1770,"David","Smith",1974,10366,2,2,2,2,0.999606254813491
1771,"Emma","Smith",1975,13624,2,2,2,2,0.999606254813491
1772,"David","Brown",1976,15831,2,2,2,2,0.999606254813491
1773,"William","Smith",1979,10281,2,2,2,2,0.999606254813491
1775,"James","Miller",1995,18999,2,2,2,2,0.999606254813491
1777,"Olivia","Garcia",1995,14020,2,2,0,2,0.953764941384782
1778,"Sarah","Martinez",1995,10983,0,2,2,2,0.985296268614473
1779,"Sarah","Jones",1980,18369,2,2,0,2,0.953764941384782
1781,"James","Davis",1979,11586,2,2,2,2,0.999606254813491
1782,"James","Williams",1992,11358,2,2,0,2,0.953764941384782
1783,"David","Johnson",1996,15807,2,2,2,2,0.999606254813491
1784,"John","Miller",2000,12587,2,2,2,2,0.999606254813491
1785,"James","Williams",1976,10551,2,2,2,2,0.999606254813491
1786,"Olivia","Williams",1989,14423,2,2,2,2,0.999606254813491
1788,"David","Davis",1998,17144,2,2,2,2,0.999606254813491
1789,"James","Jones",1992,16951,2,0,2,2,0.9851868388166
1790,"William","Rodriguez",1995,18788,2,2,2,2,0.999606254813491
1793,"David","Garcia",1980,19408,2,0,2,2,0.9851868388166
1794,"Olivia","Williams",1991,10018,2,2,2,2,0.999606254813491
1795,"Emma","Davis",1993,14050,2,2,2,2,0.999606254813491
1796,"William","Garcia",1990,13575,2,2,0,2,0.953764941384782
1797,"Michael","Williams",1979,12154,2,2,2,2,0.999606254813491
1798,"James","Davis",1983,16352,0,2,2,2,0.985296268614473
1799,"James","Garcia",1998,14203,2,2,2,2,0.999606254813491
1800,"David","Williams",1979,14829,2,2,2,2,0.999606254813491
1802,"Emily","Miller",1975,16476,2,2,2,2,0.999606254813491
1803,"Emily","Jones",1988,12009,2,2,2,2,0.999606254813491
1805,"Emma","Miller",1979,13410,0,2,2,2,0.985296268614473
1806,"John","Rodriguez",1993,17810,2,2,0,2,0.953764941384782
1807,"David","Davis",1995,13685,2,2,2,2,0.999606254813491
1809,"James","Jones",1970,17485,2,0,2,2,0.9851868388166
1810,"John","Williams",1990,10122,0,2,2,2,0.985296268614473
1811,"Olivia","Miller",1994,14418,0,2,2,2,0.985296268614473
1812,"John","Williams",1977,19663,2,2,2,2,0.999606254813491
1813,"David","Martinez",1970,10893,2,2,2,2,0.999606254813491
1814,"William","Smith",1993,16520,2,2,2,2,0.999606254813491
1815,"Sarah","Rodriguez",1983,15905,2,2,2,2,0.999606254813491
1816,"John","Martinez",1980,10871,2,0,2,2,0.9851868388166
1817,"Sarah","Miller",1973,13379,2,2,2,2,0.999606254813491
1818,"Emily","Davis",1984,18819,2,2,0,2,0.953764941384782
1820,"William","Garcia",1987,11861,2,2,0,2,0.953764941384782
1821,"Jane","Jones",1985,12831,2,2,2,2,0.999606254813491
1822,"William","Martinez",1982,14877,2,2,0,2,0.953764941384782
1823,"Jane","Rodriguez",1981,18554,2,0,2,2,0.9851868388166
1824,"James","Brown",1987,13579,2,2,2,2,0.999606254813491
1825,"John","Williams",1998,19023,2,2,2,2,0.999606254813491
1826,"Emma","Brown",1980,18079,2,2,2,2,0.999606254813491
1828,"Emma","Rodriguez",1984,18392,2,2,2,2,0.999606254813491
1829,"Emma","Davis",1998,19703,2,0,2,2,0.9851868388166
1830,"William","Davis",1985,14958,2,2,2,2,0.999606254813491
1831,"Emily","Martinez",1991,13671,2,2,0,2,0.953764941384782
1832,"Jane","Martinez",1998,18528,0,2,2,2,0.985296268614473
1833,"Emma","Davis",1999,13348,2,2,2,2,0.999606254813491
1834,"James","Miller",1981,16436,2,2,2,2,0.999606254813491
1835,"Sarah","Miller",2000,18142,2,2,2,2,0.999606254813491
1836,"Olivia","Johnson",1996,19676,2,2,2,2,0.999606254813491
1837,"David","Rodriguez",1978,13951,2,2,0,2,0.953764941384782
1838,"Emma","Smith",1997,11979,2,2,2,2,0.999606254813491
1840,"James","Jones",1982,18307,2,2,2,2,0.999606254813491
1841,"Michael","Jones",1990,12563,2,2,2,2,0.999606254813491
1842,"Jane","Rodriguez",1973,18152,2,0,2,2,0.9851868388166
1843,"Michael","Garcia",1998,15975,2,2,2,2,0.999606254813491
1844,"John","Davis",1998,17830,2,2,2,2,0.999606254813491
1845,"Emma","Jones",1988,12989,2,2,2,2,0.999606254813491
1846,"Olivia","Rodriguez",1986,14606,2,0,2,2,0.9851868388166
1847,"Michael","Brown",1980,12316,2,2,0,2,0.953764941384782
1850,"John","Garcia",1980,15341,2,2,2,2,0.999606254813491
1851,"Emily","Johnson",1982,14187,2,2,2,2,0.999606254813491
1852,"Michael","Miller",1977,15713,2,2,2,2,0.999606254813491
1853,"Jane","Davis",1981,14111,2,2,0,2,0.953764941384782
1854,"Michael","Jones",1976,14276,2,2,0,2,0.953764941384782
1855,"William","Rodriguez",1975,10248,2,2,0,2,0.953764941384782
1856,"David","Martinez",1988,18784,2,2,2,2,0.999606254813491
1857,"Michael","Rodriguez",1970,19100,0,2,2,2,0.985296268614473
1858,"Sarah","Williams",1993,17456,2,2,2,2,0.999606254813491
1859,"Emily","Garcia",1984,18445,2,2,2,2,0.999606254813491
1860,"William","Smith",1996,12154,2,2,2,2,0.999606254813491
1861,"David","Martinez",1993,11871,2,2,0,2,0.953764941384782
1862,"Olivia","Johnson",1972,13811,2,2,0,2,0.953764941384782
1863,"Emily","Martinez",1970,15871,2,2,0,2,0.953764941384782
1865,"Olivia","Johnson",1985,16855,2,2,0,2,0.953764941384782
1866,"Jane","Garcia",2000,19872,2,2,2,2,0.999606254813491
1867,"Jane","Brown",2000,13172,0,2,2,2,0.985296268614473
1868,"Jane","Davis",1975,13348,2,0,2,2,0.9851868388166
1869,"David","Davis",1982,16674,2,2,2,2,0.999606254813491
1871,"David","Brown",1973,14634,2,2,2,2,0.999606254813491
1873,"Olivia","Jones",1976,10947,2,2,2,2,0.999606254813491
1874,"William","Williams",1972,11243,0,2,2,2,0.985296268614473
1875,"Michael","Davis",1986,16258,2,2,2,2,0.999606254813491
1876,"Emma","Smith",1996,18891,2,2,2,2,0.999606254813491
1878,"Olivia","Williams",1986,14217,0,2,2,2,0.985296268614473
1879,"David","Johnson",1986,17868,2,2,2,2,0.999606254813491
1880,"Emily","Rodriguez",1988,17432,2,2,2,2,0.999606254813491
1881,"Sarah","Martinez",1984,14157,2,2,2,2,0.999606254813491
1883,"David","Martinez",1970,16624,2,2,2,2,0.999606254813491
1884,"Jane","Garcia",1973,11242,2,2,2,2,0.999606254813491
1885,"James","Garcia",1982,15621,2,2,2,2,0.999606254813491
1886,"John","Davis",1998,12437,2,0,2,2,0.9851868388166
1887,"William","Brown",1973,15270,2,2,2,2,0.999606254813491
1888,"Emma","Martinez",1987,19695,2,2,2,2,0.999606254813491
1889,"Michael","Martinez",1988,19471,2,2,2,2,0.999606254813491
1890,"John","Miller",1989,14178,2,2,2,2,0.999606254813491
1892,"David","Rodriguez",1977,12135,2,2,2,2,0.999606254813491
1894,"Emma","Brown",1973,16214,2,2,2,2,0.999606254813491
1895,"Michael","Johnson",1986,14382,2,0,2,2,0.9851868388166
1896,"Emily","Williams",1980,16144,2,2,2,2,0.999606254813491
1897,"Emma","Rodriguez",1998,13749,2,0,2,2,0.9851868388166
1899,"Michael","Miller",1984,14045,2,0,2,2,0.9851868388166
1900,"William","Garcia",1974,18120,0,2,2,2,0.985296268614473
1901,"David","Miller",1998,11042,2,2,2,2,0.999606254813491
1903,"David","Davis",1978,15898,2,2,2,2,0.999606254813491
1904,"Jane","Davis",1976,16910,2,2,2,2,0.999606254813491
1905,"James","Martinez",1997,15600,2,2,2,2,0.999606254813491
1906,"William","Brown",1997,13527,0,2,2,2,0.985296268614473
1907,"Emily","Martinez",1970,19174,2,0,2,2,0.9851868388166
1908,"Emily","Smith",1988,17821,2,0,2,2,0.9851868388166
1909,"Michael","Garcia",1984,13339,2,0,2,2,0.9851868388166
1910,"Olivia","Rodriguez",1978,18750,2,2,0,2,0.953764941384782
1911,"Emily","Johnson",1985,15632,0,2,2,2,0.985296268614473
1912,"John","Brown",1986,10495,2,2,2,2,0.999606254813491
1913,"Emily","Rodriguez",1970,12595,2,2,2,2,0.999606254813491
1914,"Michael","Garcia",1994,17303,0,2,2,2,0.985296268614473
1915,"William","Jones",1997,17878,2,0,2,2,0.9851868388166
1916,"Olivia","Smith",1989,13753,2,2,2,2,0.999606254813491
1917,"William","Martinez",1976,18414,2,2,2,2,0.999606254813491
1918,"William","Johnson",1980,16118,2,2,2,2,0.999606254813491
1919,"David","Johnson",1971,19312,0,2,2,2,0.985296268614473
1921,"Sarah","Johnson",1982,18026,2,2,2,2,0.999606254813491
1922,"David","Davis",1991,11276,2,0,2,2,0.9851868388166
1923,"David","Williams",1974,11825,2,2,2,2,0.999606254813491
1924,"Olivia","Miller",1994,11679,0,2,2,2,0.985296268614473
1925,"James","Jones",1997,15566,2,2,2,2,0.999606254813491
1926,"John","Garcia",1993,16805,2,2,2,2,0.999606254813491
1927,"David","Miller",1975,11134,2,2,0,2,0.953764941384782
1928,"Emily","Williams",1999,17056,2,0,2,2,0.9851868388166
1929,"William","Johnson",1988,12737,2,2,2,2,0.999606254813491
1930,"John","Brown",1997,10355,2,2,2,2,0.999606254813491
1931,"James","Jones",1980,12077,2,0,2,2,0.9851868388166
1932,"Sarah","Rodriguez",1995,18570,2,2,2,2,0.999606254813491
1933,"William","Brown",1985,11867,2,2,2,2,0.999606254813491
1934,"Olivia","Jones",1989,10929,2,0,2,2,0.9851868388166
1936,"William","Williams",1971,15661,0,2,2,2,0.985296268614473
1937,"James","Johnson",1978,13548,2,0,2,2,0.9851868388166
1938,"Emily","Rodriguez",1980,16600,2,2,0,2,0.953764941384782
1939,"Olivia","Davis",1975,18681,2,2,2,2,0.999606254813491
1940,"Michael","Brown",1995,19734,2,0,2,2,0.9851868388166
1941,"James","Garcia",2000,12797,2,2,2,2,0.999606254813491
1942,"William","Martinez",1972,12608,2,0,2,2,0.9851868388166
1943,"John","Smith",1985,19868,2,2,2,2,0.999606254813491
1944,"Emily","Davis",1984,18170,0,2,2,2,0.985296268614473
1945,"James","Rodriguez",1995,10966,2,2,2,2,0.999606254813491
1946,"John","Garcia",1988,15851,2,2,2,2,0.999606254813491
1947,"David","Davis",1990,14447,2,2,0,2,0.953764941384782
1949,"William","Williams",1971,17489,0,2,2,2,0.985296268614473
1950,"David","Jones",1988,11988,2,2,2,2,0.999606254813491
1952,"Emma","Miller",1975,19873,2,2,2,2,0.999606254813491
1953,"John","Williams",1992,11344,2,2,2,2,0.999606254813491
1954,"Emily","Williams",1997,13284,2,2,2,2,0.999606254813491
1955,"William","Brown",1977,16147,2,2,2,2,0.999606254813491
1956,"Michael","Davis",1986,10736,2,0,2,2,0.9851868388166
1957,"William","Rodriguez",2000,13496,2,2,2,2,0.999606254813491
1958,"David","Williams",2000,18720,2,2,2,2,0.999606254813491
1959,"Sarah","Jones",1972,10426,0,2,2,2,0.985296268614473
1960,"Sarah","Rodriguez",1980,15454,2,2,2,2,0.999606254813491
1961,"Michael","Brown",1984,13678,2,2,2,2,0.999606254813491
1962,"William","Miller",1987,18115,2,2,0,2,0.953764941384782
1963,"Olivia","Jones",1981,16823,2,2,2,2,0.999606254813491
1964,"Michael","Davis",1979,17742,2,2,2,2,0.999606254813491
1965,"David","Garcia",1981,18217,2,2,2,2,0.999606254813491
1966,"Emily","Jones",1996,17176,2,2,2,2,0.999606254813491
1968,"Emily","Martinez",1974,11254,2,2,2,2,0.999606254813491
1969,"Olivia","Miller",1993,14996,2,2,2,2,0.999606254813491
1970,"Emma","Williams",1981,14862,2,2,2,2,0.999606254813491
1971,"Emily","Davis",1980,15266,2,2,2,2,0.999606254813491
1972,"John","Martinez",1996,18350,2,2,2,2,0.999606254813491
1973,"Olivia","Williams",1994,14310,0,2,2,2,0.985296268614473
1975,"James","Garcia",1979,10646,2,2,2,2,0.999606254813491
1976,"David","Smith",1997,14934,2,2,2,2,0.999606254813491
1977,"David","Brown",1993,17235,0,2,2,2,0.985296268614473
1978,"William","Williams",1990,11167,0,2,2,2,0.985296268614473
1980,"Emma","Davis",1976,10656,2,2,2,2,0.999606254813491
1981,"Sarah","Jones",1988,19237,2,2,2,2,0.999606254813491
1982,"John","Williams",1975,17972,2,0,2,2,0.9851868388166
1983,"Sarah","Smith",1988,18784,2,0,2,2,0.9851868388166
1985,"Emily","Brown",1971,15371,0,2,2,2,0.985296268614473
1987,"David","Brown",2000,12310,2,2,0,2,0.953764941384782
1988,"Michael","Martinez",1994,11980,2,2,2,2,0.999606254813491
1989,"John","Brown",1984,15994,2,2,2,2,0.999606254813491
1990,"Olivia","Johnson",1973,18021,2,2,2,2,0.999606254813491
1991,"Emily","Martinez",1990,11778,2,2,2,2,0.999606254813491
1992,"Olivia","Brown",1979,16738,2,2,2,2,0.999606254813491
1993,"Emily","Williams",1994,14730,2,2,2,2,0.999606254813491
1994,"Olivia","Rodriguez",1972,16516,2,2,2,2,0.999606254813491
1995,"Emma","Garcia",1982,10906,0,2,2,2,0.985296268614473
1996,"Sarah","Martinez",1991,14596,2,2,2,2,0.999606254813491
1998,"Olivia","Rodriguez",1973,17506,2,2,2,2,0.999606254813491
2000,"Emily","Jones",1971,17765,2,2,2,2,0.999606254813491
2001,"William","Johnson",1970,19192,2,2,2,2,0.999606254813491
2002,"Emma","Rodriguez",1992,15187,2,2,2,2,0.999606254813491
2003,"David","Williams",1977,11396,0,2,2,2,0.985296268614473
2004,"Olivia","Brown",1996,14652,2,2,2,2,0.999606254813491
2005,"Emily","Martinez",1993,10526,0,2,2,2,0.985296268614473
2006,"William","Williams",2000,11430,2,2,0,2,0.953764941384782
2008,"Emily","Jones",1973,17142,0,2,2,2,0.985296268614473
2009,"David","Jones",1980,17421,2,0,2,2,0.9851868388166
2010,"John","Miller",1971,12636,2,0,2,2,0.9851868388166
2011,"Jane","Martinez",1988,13104,0,2,2,2,0.985296268614473
2012,"Emma","Smith",1977,18778,2,0,2,2,0.9851868388166
2014,"David","Garcia",1970,18363,0,2,2,2,0.985296268614473
2015,"David","Williams",1970,17670,2,0,2,2,0.9851868388166
2016,"Emily","Martinez",1984,13531,0,2,2,2,0.985296268614473
2017,"Sarah","Williams",1981,14168,2,0,2,2,0.9851868388166
2018,"William","Williams",1972,13890,2,2,0,2,0.953764941384782
2019,"Michael","Miller",1982,12702,2,2,2,2,0.999606254813491
2020,"Emily","Davis",1970,18635,2,2,2,2,0.999606254813491
2021,"James","Williams",1999,13630,2,2,2,2,0.999606254813491
2022,"Emily","Miller",1982,11003,2,2,2,2,0.999606254813491
2023,"Sarah","Davis",2000,16574,2,2,2,2,0.999606254813491
2024,"Emily","Jones",1982,12747,2,0,2,2,0.9851868388166
2025,"William","Rodriguez",1971,10850,2,2,0,2,0.953764941384782
2026,"Michael","Jones",1979,10132,0,2,2,2,0.985296268614473
2027,"Emma","Smith",1983,11753,2,0,2,2,0.9851868388166
2028,"Sarah","Garcia",1992,13889,0,2,2,2,0.985296268614473
2029,"Jane","Smith",1980,17516,2,2,2,2,0.999606254813491
2031,"Sarah","Martinez",1985,12906,2,2,0,2,0.953764941384782
2032,"William","Johnson",1972,16322,0,2,2,2,0.985296268614473
2033,"Michael","Williams",1973,17364,2,2,2,2,0.999606254813491
2034,"Michael","Brown",1999,10023,2,2,2,2,0.999606254813491
2037,"James","Garcia",1973,13407,2,2,2,2,0.999606254813491
2038,"Michael","Johnson",1980,18045,2,2,2,2,0.999606254813491
2039,"Jane","Smith",1977,12522,0,2,2,2,0.985296268614473
2040,"William","Williams",1999,16392,2,2,2,2,0.999606254813491
2042,"Jane","Martinez",1998,12745,2,2,0,2,0.953764941384782
2046,"Michael","Brown",1982,10839,2,2,2,2,0.999606254813491
2047,"Sarah","Johnson",1980,11889,2,2,2,2,0.999606254813491
2048,"William","Davis",1976,10199,2,2,2,2,0.999606254813491
2050,"Emily","Jones",1989,13878,0,2,2,2,0.985296268614473
2051,"John","Rodriguez",1987,10355,2,2,2,2,0.999606254813491
2052,"Emily","Brown",1995,12773,2,2,2,2,0.999606254813491
2053,"Olivia","Williams",1997,16586,0,2,2,2,0.985296268614473
2054,"Sarah","Williams",1982,13377,2,0,2,2,0.9851868388166
2055,"Michael","Rodriguez",1988,16261,2,2,2,2,0.999606254813491
2056,"Emma","Williams",1989,16841,0,2,2,2,0.985296268614473
2057,"Emma","Garcia",1987,11193,2,2,2,2,0.999606254813491
2058,"Sarah","Miller",1984,19867,2,2,0,2,0.953764941384782
2059,"Emily","Martinez",1986,13732,2,2,2,2,0.999606254813491
2060,"Olivia","Martinez",1999,14413,2,2,2,2,0.999606254813491
2061,"Jane","Johnson",1995,16703,2,2,2,2,0.999606254813491
2062,"Sarah","Davis",1982,11899,2,2,2,2,0.999606254813491
2063,"Olivia","Davis",1974,10159,2,2,2,2,0.999606254813491
2064,"Olivia","Garcia",1985,19338,2,2,2,2,0.999606254813491
2066,"John","Brown",1984,13810,2,2,2,2,0.999606254813491
2067,"Emma","Davis",1996,18999,2,2,2,2,0.999606254813491
2068,"David","Smith",1989,14544,2,2,2,2,0.999606254813491
2069,"David","Davis",2000,13866,2,0,2,2,0.9851868388166
2070,"John","Johnson",1990,15687,2,2,2,2,0.999606254813491
2071,"John","Rodriguez",1990,17937,2,2,2,2,0.999606254813491
2072,"John","Williams",1997,11473,2,2,2,2,0.999606254813491
2073,"David","Smith",1986,10088,2,2,2,2,0.999606254813491
2075,"Sarah","Martinez",1976,18229,2,2,2,2,0.999606254813491
2076,"Jane","Johnson",1985,18238,2,0,2,2,0.9851868388166
2077,"James","Miller",2000,13228,2,2,2,2,0.999606254813491
2078,"Michael","Williams",1998,11352,2,2,2,2,0.999606254813491
2080,"Jane","Martinez",1976,18040,2,0,2,2,0.9851868388166
2081,"Emma","Martinez",1988,19960,2,2,2,2,0.999606254813491
2085,"David","Jones",1990,16025,0,2,2,2,0.985296268614473
2086,"Sarah","Smith",1994,11178,0,2,2,2,0.985296268614473
2087,"Jane","Brown",1973,17667,0,2,2,2,0.985296268614473
2088,"David","Johnson",1998,12219,2,2,2,2,0.999606254813491
2089,"William","Davis",1970,18434,2,2,2,2,0.999606254813491
2090,"Emma","Rodriguez",1977,18424,0,2,2,2,0.985296268614473
2091,"David","Jones",1970,19536,2,2,2,2,0.999606254813491
2093,"David","Johnson",1994,13813,2,2,0,2,0.953764941384782
2094,"Emily","Rodriguez",1971,12143,2,2,2,2,0.999606254813491
2095,"Sarah","Garcia",1999,11730,2,2,0,2,0.953764941384782
2096,"Emily","Garcia",1972,17579,2,2,2,2,0.999606254813491
2097,"Olivia","Rodriguez",1990,13689,0,2,2,2,0.985296268614473
2099,"William","Brown",1970,18452,2,2,2,2,0.999606254813491
2100,"William","Jones",1980,14832,2,2,2,2,0.999606254813491
2101,"James","Brown",1991,12000,2,0,2,2,0.9851868388166
2102,"Sarah","Williams",1988,16151,2,0,2,2,0.9851868388166
2103,"David","Miller",1987,17035,2,2,2,2,0.999606254813491
2104,"David","Miller",1971,18079,2,2,2,2,0.999606254813491
2105,"Michael","Smith",1998,19266,2,2,2,2,0.999606254813491
2106,"John","Martinez",1991,13813,2,2,2,2,0.999606254813491
2107,"Olivia","Williams",1982,12266,2,2,2,2,0.999606254813491
2108,"Sarah","Brown",1994,11314,2,2,2,2,0.999606254813491
2109,"Michael","Rodriguez",1999,15495,2,2,2,2,0.999606254813491
2110,"Olivia","Johnson",1972,15379,2,0,2,2,0.9851868388166
2112,"Emma","Miller",2000,12675,2,2,2,2,0.999606254813491
2114,"Emma","Miller",1992,15812,2,2,0,2,0.953764941384782
2115,"Emily","Martinez",1972,11913,2,2,2,2,0.999606254813491
2116,"Jane","Rodriguez",1981,12431,0,2,2,2,0.985296268614473
2117,"Emily","Rodriguez",1976,17478,2,2,2,2,0.999606254813491
2118,"Sarah","Johnson",1978,10056,0,2,2,2,0.985296268614473
2120,"Jane","Brown",1998,14386,0,2,2,2,0.985296268614473
2121,"David","Williams",1980,13514,2,0,2,2,0.9851868388166
2122,"John","Jones",1994,11814,2,0,2,2,0.9851868388166
2123,"Jane","Rodriguez",1975,16357,2,0,2,2,0.9851868388166
2124,"William","Johnson",1971,18210,2,2,2,2,0.999606254813491
2125,"Olivia","Rodriguez",1988,16740,2,0,2,2,0.9851868388166
2126,"William","Garcia",1977,17023,2,2,2,2,0.999606254813491
2127,"Olivia","Garcia",1984,18450,2,2,2,2,0.999606254813491
2128,"Emma","Martinez",1987,19527,2,2,2,2,0.999606254813491
2129,"David","Jones",1980,19350,2,2,0,2,0.953764941384782
2130,"Olivia","Smith",1999,19653,2,2,2,2,0.999606254813491
2131,"Michael","Rodriguez",1976,14331,2,2,0,2,0.953764941384782
2132,"William","Williams",1973,13645,2,2,2,2,0.999606254813491
2134,"James","Miller",1996,14406,2,2,2,2,0.999606254813491
2135,"Emma","Rodriguez",1980,10144,2,0,2,2,0.9851868388166
2136,"Jane","Rodriguez",1985,10439,2,2,2,2,0.999606254813491
2138,"James","Johnson",1974,10212,2,2,2,2,0.999606254813491
2139,"Olivia","Davis",1998,13866,2,2,0,2,0.953764941384782
2140,"William","Davis",1994,19243,2,0,2,2,0.9851868388166
2141,"William","Johnson",1999,13480,2,2,2,2,0.999606254813491
2142,"Emily","Brown",2000,16938,2,2,2,2,0.999606254813491
2143,"Jane","Smith",1980,16990,2,0,2,2,0.9851868388166
2144,"Olivia","Garcia",1972,12886,2,2,0,2,0.953764941384782
2145,"John","Martinez",1999,12166,2,2,2,2,0.999606254813491
2146,"William","Davis",1985,10731,2,2,2,2,0.999606254813491
2147,"John","Jones",1997,14657,2,2,2,2,0.999606254813491
2148,"Emily","Garcia",1972,14851,0,2,2,2,0.985296268614473
2149,"Emily","Davis",1979,12430,2,0,2,2,0.9851868388166
2150,"Sarah","Smith",1970,14622,2,2,2,2,0.999606254813491
2151,"Emily","Martinez",1999,13024,2,2,2,2,0.999606254813491
2152,"James","Brown",1970,15762,2,2,2,2,0.999606254813491
2153,"John","Smith",1982,19644,2,2,0,2,0.953764941384782
2155,"Emma","Brown",1971,12169,2,2,0,2,0.953764941384782
2156,"Olivia","Martinez",1986,12170,2,2,2,2,0.999606254813491
2157,"John","Johnson",1975,19107,2,2,2,2,0.999606254813491
2158,"John","Rodriguez",1985,10413,2,2,0,2,0.953764941384782
2159,"Olivia","Miller",1976,11090,0,2,2,2,0.985296268614473
2161,"David","Johnson",1989,10917,2,0,2,2,0.9851868388166
2162,"John","Martinez",1991,12812,2,0,2,2,0.9851868388166
2163,"Emma","Jones",1988,14425,2,2,0,2,0.953764941384782
2164,"David","Brown",2000,11783,2,2,2,2,0.999606254813491
2165,"David","Williams",1971,13887,2,2,2,2,0.999606254813491
2166,"David","Johnson",1978,17488,2,2,2,2,0.999606254813491
2167,"John","Jones",1979,15737,2,2,2,2,0.999606254813491
2168,"Olivia","Davis",1999,15169,2,2,2,2,0.999606254813491
2169,"William","Williams",1992,18833,2,2,2,2,0.999606254813491
2170,"William","Jones",1998,10679,2,0,2,2,0.9851868388166
2172,"Sarah","Rodriguez",1997,14479,2,2,0,2,0.953764941384782
2173,"Jane","Miller",1991,14007,2,2,2,2,0.999606254813491
2175,"Jane","Miller",1976,12775,2,0,2,2,0.9851868388166
2176,"John","Williams",1991,11024,2,2,2,2,0.999606254813491
2177,"James","Miller",1971,13614,0,2,2,2,0.985296268614473
2178,"Michael","Rodriguez",1994,16043,2,2,2,2,0.999606254813491
2179,"Emily","Rodriguez",2000,17456,2,2,2,2,0.999606254813491
2180,"Sarah","Martinez",1971,11328,2,2,0,2,0.953764941384782
2181,"Sarah","Martinez",1984,12889,0,2,2,2,0.985296268614473
2182,"James","Davis",1977,10875,0,2,2,2,0.985296268614473
2184,"Michael","Rodriguez",1995,14124,2,2,2,2,0.999606254813491
2185,"James","Davis",1979,10704,2,0,2,2,0.9851868388166
2186,"Olivia","Garcia",1980,19111,0,2,2,2,0.985296268614473
2188,"Sarah","Martinez",1995,18596,2,2,2,2,0.999606254813491
2189,"William","Williams",1978,12320,2,2,2,2,0.999606254813491
2190,"Emily","Davis",1975,16246,0,2,2,2,0.985296268614473
2191,"Emma","Johnson",1999,19141,2,2,2,2,0.999606254813491
2192,"Olivia","Garcia",1996,10426,2,2,2,2,0.999606254813491
2193,"David","Jones",1981,16396,2,0,2,2,0.9851868388166
2194,"Jane","Johnson",1988,16896,2,0,2,2,0.9851868388166
2195,"Sarah","Martinez",1999,10095,2,2,2,2,0.999606254813491
2196,"James","Smith",1992,13590,2,2,2,2,0.999606254813491
2197,"Sarah","Smith",2000,17205,2,2,2,2,0.999606254813491
2198,"Michael","Johnson",1976,19357,2,2,2,2,0.999606254813491
2199,"Emma","Martinez",1983,15978,2,0,2,2,0.9851868388166
2200,"Michael","Jones",1974,19220,2,2,2,2,0.999606254813491
2202,"Sarah","Johnson",1978,13751,2,0,2,2,0.9851868388166
2203,"Emma","Rodriguez",1972,19186,2,2,2,2,0.999606254813491
2205,"Emily","Rodriguez",1999,19603,2,2,2,2,0.999606254813491
2206,"John","Johnson",1977,19533,2,2,2,2,0.999606254813491
2207,"Olivia","Martinez",1976,11744,2,2,2,2,0.999606254813491
2209,"Olivia","Brown",1992,15634,0,2,2,2,0.985296268614473
2210,"Olivia","Johnson",1988,11816,2,2,2,2,0.999606254813491
2211,"Jane","Brown",1991,11350,2,2,0,2,0.953764941384782
2212,"Emily","Jones",1985,18282,0,2,2,2,0.985296268614473
2213,"Sarah","Jones",1997,16140,2,2,2,2,0.999606254813491
2214,"Jane","Garcia",1971,19483,2,2,2,2,0.999606254813491
2216,"David","Smith",1983,15970,2,2,2,2,0.999606254813491
2217,"Michael","Martinez",1987,10418,2,2,2,2,0.999606254813491
2218,"Sarah","Johnson",1981,19626,2,0,2,2,0.9851868388166
2219,"Michael","Smith",1985,10070,2,2,2,2,0.999606254813491
2220,"Olivia","Williams",1987,15572,2,2,2,2,0.999606254813491
2221,"James","Williams",1983,12417,2,2,2,2,0.999606254813491
2222,"Emily","Rodriguez",1987,16316,2,2,2,2,0.999606254813491
2223,"Olivia","Johnson",1974,17499,2,0,2,2,0.9851868388166
2224,"Michael","Jones",1986,12098,2,0,2,2,0.9851868388166
2225,"Emily","Williams",1975,10032,2,0,2,2,0.9851868388166
2228,"William","Smith",1993,19145,2,2,2,2,0.999606254813491
2229,"Jane","Garcia",1973,17564,2,2,2,2,0.999606254813491
2230,"Emma","Jones",1972,14412,2,0,2,2,0.9851868388166
2231,"Emily","Williams",1982,13394,2,0,2,2,0.9851868388166
2232,"John","Rodriguez",1989,19177,2,2,0,2,0.953764941384782
2233,"Emma","Miller",1974,11375,0,2,2,2,0.985296268614473
2234,"Sarah","Johnson",1999,16711,2,2,2,2,0.999606254813491
2235,"Jane","Williams",1970,13661,2,0,2,2,0.9851868388166
2237,"Olivia","Garcia",1998,19766,2,2,0,2,0.953764941384782
2238,"James","Davis",2000,19694,2,2,2,2,0.999606254813491
2239,"James","Williams",1970,18803,0,2,2,2,0.985296268614473
2240,"Michael","Miller",1995,14433,2,2,2,2,0.999606254813491
2241,"Jane","Davis",1999,13017,2,0,2,2,0.9851868388166
2242,"Sarah","Johnson",1978,15007,2,2,2,2,0.999606254813491
2243,"James","Garcia",2000,14047,2,2,2,2,0.999606254813491
2244,"Michael","Garcia",1981,13876,2,0,2,2,0.9851868388166
2245,"Emma","Brown",1998,19718,2,2,0,2,0.953764941384782
2246,"John","Davis",1977,12141,2,2,2,2,0.999606254813491
2248,"Jane","Johnson",1977,14753,2,2,2,2,0.999606254813491
2249,"William","Garcia",1998,17608,2,2,2,2,0.999606254813491
2250,"David","Jones",2000,12047,2,0,2,2,0.9851868388166
2251,"Sarah","Williams",1982,15084,2,2,2,2,0.999606254813491
2252,"David","Rodriguez",1972,18748,2,2,2,2,0.999606254813491
2253,"David","Garcia",1995,12176,0,2,2,2,0.985296268614473
2254,"Emily","Johnson",1982,19416,2,2,2,2,0.999606254813491
2255,"Emily","Johnson",1973,17316,0,2,2,2,0.985296268614473
2256,"Emma","Martinez",1999,17547,2,0,2,2,0.9851868388166
2257,"James","Williams",1978,18689,2,2,2,2,0.999606254813491
2258,"John","Garcia",1979,13607,0,2,2,2,0.985296268614473
2260,"Emily","Rodriguez",1976,18897,2,0,2,2,0.9851868388166
2261,"Olivia","Brown",1972,18299,2,2,2,2,0.999606254813491
2262,"Emma","Brown",1996,14246,2,2,2,2,0.999606254813491
2263,"Jane","Davis",1971,11509,2,0,2,2,0.9851868388166
2264,"Emma","Brown",1972,17314,2,0,2,2,0.9851868388166
2265,"William","Smith",1972,15376,2,2,2,2,0.999606254813491
2266,"Jane","Jones",1996,10052,2,2,2,2,0.999606254813491
2267,"David","Brown",1981,12702,2,2,2,2,0.999606254813491
2268,"James","Garcia",1982,11592,0,2,2,2,0.985296268614473
6451,"Olivia","Miller",1995,12455,2,2,2,2,0.999606254813491
2270,"Olivia","Brown",1978,13272,2,0,2,2,0.9851868388166
2271,"John","Smith",1974,13829,2,2,2,2,0.999606254813491
2272,"Sarah","Jones",1991,16518,2,2,2,2,0.999606254813491
2273,"Emma","Miller",1994,18764,2,2,0,2,0.953764941384782
2274,"Emma","Davis",1982,17180,2,2,2,2,0.999606254813491
2275,"Jane","Jones",1993,19790,0,2,2,2,0.985296268614473
2276,"William","Jones",1985,12029,2,2,2,2,0.999606254813491
2277,"Emma","Martinez",1996,13467,2,0,2,2,0.9851868388166
2278,"Emma","Garcia",1980,15836,2,2,2,2,0.999606254813491
2279,"Olivia","Martinez",1979,13514,0,2,2,2,0.985296268614473
2280,"Emma","Smith",1995,19532,2,2,2,2,0.999606254813491
2281,"David","Martinez",1995,15631,2,2,0,2,0.953764941384782
2283,"Olivia","Davis",1982,13994,0,2,2,2,0.985296268614473
2284,"James","Rodriguez",1973,10657,2,2,2,2,0.999606254813491
2285,"Emma","Johnson",1982,11237,2,0,2,2,0.9851868388166
2286,"Sarah","Garcia",1979,14612,2,2,2,2,0.999606254813491
2287,"Emma","Johnson",1977,12970,2,2,0,2,0.953764941384782
2288,"Emily","Brown",1978,12558,2,2,2,2,0.999606254813491
2289,"Olivia","Johnson",1982,17810,2,2,0,2,0.953764941384782
2290,"Michael","Miller",1973,12116,2,2,2,2,0.999606254813491
2291,"David","Johnson",1982,15242,2,2,2,2,0.999606254813491
2292,"John","Miller",1980,13612,2,0,2,2,0.9851868388166
2293,"Jane","Martinez",1993,15367,2,0,2,2,0.9851868388166
2294,"Sarah","Rodriguez",1997,17904,0,2,2,2,0.985296268614473
2296,"Jane","Johnson",1973,19801,2,0,2,2,0.9851868388166
2297,"Emma","Johnson",1972,12501,2,0,2,2,0.9851868388166
2298,"Olivia","Rodriguez",1998,10279,2,2,2,2,0.999606254813491
2299,"John","Miller",1993,14706,2,0,2,2,0.9851868388166
2300,"Olivia","Brown",1985,14996,2,2,2,2,0.999606254813491
2301,"Sarah","Jones",1973,16110,2,2,2,2,0.999606254813491
2302,"Emma","Martinez",1976,10857,2,2,2,2,0.999606254813491
2303,"David","Williams",1977,15110,0,2,2,2,0.985296268614473
2304,"James","Williams",1996,14411,2,0,2,2,0.9851868388166
2305,"James","Smith",1985,16069,0,2,2,2,0.985296268614473
2306,"Jane","Jones",1990,13143,2,2,2,2,0.999606254813491
2308,"Sarah","Rodriguez",1990,12816,2,2,2,2,0.999606254813491
2309,"Sarah","Smith",1975,15158,2,2,2,2,0.999606254813491
2310,"David","Miller",1997,12541,2,2,2,2,0.999606254813491
2311,"Jane","Martinez",1979,19994,2,2,2,2,0.999606254813491
2313,"Emily","Johnson",1986,16802,0,2,2,2,0.985296268614473
2314,"Emily","Davis",1986,14017,2,2,2,2,0.999606254813491
2315,"Emily","Garcia",1998,19568,2,2,0,2,0.953764941384782
2317,"Emma","Johnson",1985,15390,0,2,2,2,0.985296268614473
2318,"Olivia","Johnson",2000,12820,2,2,2,2,0.999606254813491
2319,"Emily","Rodriguez",1974,12963,2,2,0,2,0.953764941384782
2320,"John","Williams",1996,12600,2,0,2,2,0.9851868388166
2321,"Jane","Johnson",1983,14095,0,2,2,2,0.985296268614473
2323,"Sarah","Rodriguez",1979,18083,2,2,2,2,0.999606254813491
2324,"William","Smith",1983,10240,2,0,2,2,0.9851868388166
2325,"Jane","Smith",1990,11356,2,0,2,2,0.9851868388166
2326,"Olivia","Rodriguez",1984,11308,2,0,2,2,0.9851868388166
2327,"Emily","Williams",1970,10454,2,2,0,2,0.953764941384782
2328,"David","Miller",1971,11423,2,2,2,2,0.999606254813491
2330,"Emily","Rodriguez",1992,18622,2,0,2,2,0.9851868388166
2331,"Michael","Miller",1989,19249,2,2,2,2,0.999606254813491
2332,"Jane","Smith",1970,13875,2,0,2,2,0.9851868388166
2333,"Emily","Martinez",1971,19659,2,0,2,2,0.9851868388166
2334,"Jane","Williams",1988,17848,2,2,2,2,0.999606254813491
2335,"John","Martinez",1989,13771,2,2,2,2,0.999606254813491
2336,"Olivia","Williams",1993,16727,2,0,2,2,0.9851868388166
2337,"Emily","Jones",1981,12265,2,0,2,2,0.9851868388166
2338,"Emily","Rodriguez",2000,14678,2,0,2,2,0.9851868388166
2339,"Olivia","Davis",1976,16993,2,2,2,2,0.999606254813491
2340,"Sarah","Jones",1973,14000,0,2,2,2,0.985296268614473
2341,"David","Davis",1975,18751,2,2,2,2,0.999606254813491
2342,"Jane","Brown",1988,18861,2,0,2,2,0.9851868388166
2343,"Emily","Davis",1973,19355,2,2,2,2,0.999606254813491
2344,"Sarah","Davis",2000,17450,2,2,0,2,0.953764941384782
2345,"Jane","Rodriguez",1972,11887,0,2,2,2,0.985296268614473
2346,"David","Jones",1984,19597,2,2,0,2,0.953764941384782
2347,"Michael","Williams",1983,14840,2,2,2,2,0.999606254813491
2348,"James","Brown",1996,18695,2,2,2,2,0.999606254813491
2349,"David","Rodriguez",1970,13552,2,0,2,2,0.9851868388166
2350,"Emily","Jones",1975,18997,2,2,2,2,0.999606254813491
2351,"Michael","Martinez",1994,17423,2,2,0,2,0.953764941384782
2352,"David","Garcia",1976,11821,0,2,2,2,0.985296268614473
2353,"Jane","Martinez",1992,19317,2,2,2,2,0.999606254813491
2355,"James","Brown",1981,13976,2,0,2,2,0.9851868388166
2357,"Emma","Rodriguez",1972,19417,2,2,2,2,0.999606254813491
2358,"Michael","Martinez",1979,17360,2,0,2,2,0.9851868388166
2359,"Jane","Jones",1998,15215,2,2,2,2,0.999606254813491
2360,"Emily","Johnson",1982,18110,2,2,2,2,0.999606254813491
2361,"Sarah","Smith",1982,11661,2,2,2,2,0.999606254813491
2362,"John","Johnson",1991,18571,2,2,2,2,0.999606254813491
2363,"Sarah","Martinez",1976,19138,2,0,2,2,0.9851868388166
2364,"Olivia","Brown",1987,11116,2,2,2,2,0.999606254813491
2365,"Emily","Miller",1975,10512,2,2,0,2,0.953764941384782
2366,"Jane","Rodriguez",1982,15424,2,2,2,2,0.999606254813491
2367,"Emily","Johnson",1987,11804,2,2,2,2,0.999606254813491
2368,"Sarah","Williams",1989,14534,2,0,2,2,0.9851868388166
2369,"Sarah","Jones",1985,14383,0,2,2,2,0.985296268614473
2370,"Emily","Williams",1990,11614,2,2,0,2,0.953764941384782
2371,"David","Rodriguez",1972,14230,2,2,2,2,0.999606254813491
2372,"David","Brown",1971,19664,2,2,2,2,0.999606254813491
2373,"Olivia","Garcia",1976,15681,0,2,2,2,0.985296268614473
2374,"Olivia","Smith",1988,18252,2,2,2,2,0.999606254813491
2376,"William","Smith",1998,12318,2,2,2,2,0.999606254813491
2377,"William","Martinez",1981,12180,0,2,2,2,0.985296268614473
2378,"Emma","Rodriguez",1995,13996,2,2,2,2,0.999606254813491
2379,"William","Brown",1998,11642,2,2,0,2,0.953764941384782
2380,"William","Garcia",1978,19093,0,2,2,2,0.985296268614473
2382,"Michael","Martinez",1970,12361,2,2,2,2,0.999606254813491
2383,"Sarah","Garcia",1982,12423,2,2,0,2,0.953764941384782
2384,"James","Williams",1978,17666,2,2,0,2,0.953764941384782
2385,"Jane","Smith",1977,15325,2,2,2,2,0.999606254813491
2386,"Emma","Rodriguez",1977,13967,2,2,2,2,0.999606254813491
2387,"Jane","Miller",1982,10848,0,2,2,2,0.985296268614473
2388,"John","Smith",1996,19316,2,2,2,2,0.999606254813491
2389,"Emma","Rodriguez",1997,19766,2,2,2,2,0.999606254813491
2391,"Olivia","Rodriguez",1994,12538,2,2,2,2,0.999606254813491
2392,"Emily","Johnson",1976,13043,2,2,2,2,0.999606254813491
2393,"James","Brown",1999,14134,2,2,0,2,0.953764941384782
2394,"David","Brown",1996,11877,2,2,2,2,0.999606254813491
2395,"Michael","Garcia",1990,18308,2,2,0,2,0.953764941384782
2396,"James","Garcia",1970,15276,2,2,2,2,0.999606254813491
2397,"Emily","Garcia",1980,12726,2,0,2,2,0.9851868388166
2398,"John","Garcia",1983,17275,0,2,2,2,0.985296268614473
2402,"Sarah","Garcia",1988,14419,2,2,2,2,0.999606254813491
2403,"Emily","Davis",1982,17585,0,2,2,2,0.985296268614473
2404,"James","Davis",2000,14265,2,2,2,2,0.999606254813491
2405,"David","Davis",1996,14761,2,2,2,2,0.999606254813491
2406,"Jane","Johnson",1991,14812,2,0,2,2,0.9851868388166
2408,"Jane","Johnson",1987,14043,2,0,2,2,0.9851868388166
2410,"David","Martinez",1971,14818,2,2,2,2,0.999606254813491
2411,"James","Jones",1995,18644,0,2,2,2,0.985296268614473
2412,"Michael","Garcia",1977,16466,2,2,0,2,0.953764941384782
2413,"Sarah","Brown",1995,18965,2,2,2,2,0.999606254813491
2414,"David","Jones",1978,18949,2,2,2,2,0.999606254813491
2415,"Jane","Miller",1987,10117,2,2,2,2,0.999606254813491
2416,"James","Martinez",1971,18398,2,2,2,2,0.999606254813491
2417,"Emily","Garcia",1980,10315,2,2,2,2,0.999606254813491
2418,"David","Miller",1985,17540,0,2,2,2,0.985296268614473
2420,"John","Johnson",1994,17047,2,2,2,2,0.999606254813491
2421,"Jane","Davis",1993,11525,2,2,0,2,0.953764941384782
2422,"Olivia","Garcia",1981,13304,0,2,2,2,0.985296268614473
2424,"Olivia","Williams",1988,18534,0,2,2,2,0.985296268614473
2425,"William","Jones",1985,18472,2,2,2,2,0.999606254813491
2427,"William","Garcia",1980,13944,2,2,2,2,0.999606254813491
2429,"Emily","Williams",1995,17995,2,2,2,2,0.999606254813491
2430,"Jane","Williams",1973,12964,2,0,2,2,0.9851868388166
2431,"David","Brown",1998,12172,0,2,2,2,0.985296268614473
2432,"Michael","Garcia",1985,14635,2,0,2,2,0.9851868388166
2433,"Michael","Garcia",1984,17291,2,2,2,2,0.999606254813491
2434,"Sarah","Johnson",1987,17464,2,0,2,2,0.9851868388166
2435,"John","Rodriguez",1979,15373,2,2,2,2,0.999606254813491
2436,"Michael","Smith",1989,13582,2,2,2,2,0.999606254813491
2437,"David","Smith",1982,12068,2,2,2,2,0.999606254813491
2438,"Jane","Jones",1998,12642,2,0,2,2,0.9851868388166
2439,"Emma","Williams",1971,18110,2,2,2,2,0.999606254813491
2440,"Olivia","Jones",2000,14193,2,2,0,2,0.953764941384782
2442,"Michael","Johnson",1977,19389,0,2,2,2,0.985296268614473
2443,"Emma","Martinez",1980,14826,0,2,2,2,0.985296268614473
2444,"David","Garcia",1990,13624,2,0,2,2,0.9851868388166
2445,"Michael","Martinez",1978,11923,2,2,0,2,0.953764941384782
2446,"Emily","Johnson",1995,14997,2,0,2,2,0.9851868388166
2448,"John","Rodriguez",1999,10484,0,2,2,2,0.985296268614473
2450,"William","Williams",1994,18020,2,0,2,2,0.9851868388166
2451,"James","Brown",1983,18424,2,2,2,2,0.999606254813491
2452,"Sarah","Brown",1984,14883,2,2,2,2,0.999606254813491
2453,"David","Jones",1974,12173,2,2,2,2,0.999606254813491
2454,"Sarah","Martinez",1988,12974,2,0,2,2,0.9851868388166
2455,"Michael","Davis",1984,10191,2,2,2,2,0.999606254813491
2456,"John","Rodriguez",1998,12542,2,2,0,2,0.953764941384782
2457,"William","Jones",1997,14612,2,0,2,2,0.9851868388166
2458,"John","Brown",1976,19414,2,2,2,2,0.999606254813491
2459,"Olivia","Davis",1977,14194,2,2,2,2,0.999606254813491
2460,"Jane","Miller",1979,13544,2,2,2,2,0.999606254813491
2461,"Michael","Williams",1990,18296,2,2,2,2,0.999606254813491
2463,"Emily","Smith",1986,16508,2,2,2,2,0.999606254813491
2464,"John","Smith",1971,16614,2,2,2,2,0.999606254813491
2465,"William","Garcia",1993,15599,2,0,2,2,0.9851868388166
2466,"Emily","Miller",1992,16207,2,2,2,2,0.999606254813491
2467,"Jane","Garcia",1973,16872,2,2,2,2,0.999606254813491
2468,"Olivia","Garcia",1979,17787,0,2,2,2,0.985296268614473
2469,"Michael","Davis",1971,19681,0,2,2,2,0.985296268614473
2470,"Emily","Williams",1985,14013,0,2,2,2,0.985296268614473
2471,"Emily","Brown",1980,18633,2,2,2,2,0.999606254813491
2472,"James","Martinez",1998,12993,2,2,2,2,0.999606254813491
2474,"Emma","Brown",1998,19029,2,2,0,2,0.953764941384782
2475,"Michael","Garcia",1993,15131,0,2,2,2,0.985296268614473
2476,"Olivia","Williams",1977,18776,0,2,2,2,0.985296268614473
2477,"David","Rodriguez",1989,16694,2,2,2,2,0.999606254813491
2478,"Jane","Johnson",1975,13209,0,2,2,2,0.985296268614473
2479,"Emily","Williams",1996,16633,2,2,2,2,0.999606254813491
2480,"Olivia","Rodriguez",1978,16343,0,2,2,2,0.985296268614473
2482,"William","Davis",1976,17752,2,2,0,2,0.953764941384782
2483,"Jane","Garcia",1993,13875,0,2,2,2,0.985296268614473
2484,"Jane","Brown",1987,18775,0,2,2,2,0.985296268614473
2485,"Olivia","Williams",1988,18277,0,2,2,2,0.985296268614473
2487,"James","Davis",1996,18110,2,2,2,2,0.999606254813491
2489,"John","Brown",1975,16391,2,2,2,2,0.999606254813491
2491,"Jane","Jones",1977,10400,2,2,2,2,0.999606254813491
2494,"James","Johnson",1973,17183,0,2,2,2,0.985296268614473
2495,"David","Garcia",1995,14098,2,2,2,2,0.999606254813491
2496,"James","Johnson",1973,11992,2,2,2,2,0.999606254813491
2497,"Emma","Martinez",1994,10068,2,2,0,2,0.953764941384782
2498,"Emily","Miller",1988,12520,0,2,2,2,0.985296268614473
2499,"Michael","Davis",1996,19362,2,2,2,2,0.999606254813491
2501,"Emma","Martinez",1981,13145,0,2,2,2,0.985296268614473
2502,"Michael","Rodriguez",1979,18242,2,0,2,2,0.9851868388166
2503,"John","Johnson",1993,14122,0,2,2,2,0.985296268614473
2505,"Jane","Davis",1999,16969,2,2,2,2,0.999606254813491
2506,"David","Brown",1998,10325,2,2,0,2,0.953764941384782
2507,"Jane","Garcia",1981,13544,0,2,2,2,0.985296268614473
2508,"Jane","Davis",1985,18275,2,2,2,2,0.999606254813491
2509,"Olivia","Smith",1995,12076,2,2,2,2,0.999606254813491
2510,"Sarah","Davis",1986,17248,2,2,2,2,0.999606254813491
2511,"Sarah","Garcia",1995,16283,2,2,2,2,0.999606254813491
2512,"John","Jones",1989,18157,2,2,0,2,0.953764941384782
2513,"Michael","Johnson",1995,17952,2,2,2,2,0.999606254813491
2514,"William","Smith",1975,12823,2,0,2,2,0.9851868388166
2515,"William","Rodriguez",1999,13375,2,2,0,2,0.953764941384782
2518,"Jane","Brown",1973,15657,2,2,2,2,0.999606254813491
2520,"David","Jones",1996,12263,2,2,2,2,0.999606254813491
2521,"John","Garcia",1987,11581,2,2,2,2,0.999606254813491
2522,"Emma","Miller",1976,19045,2,2,2,2,0.999606254813491
2523,"Olivia","Jones",1974,12963,2,2,2,2,0.999606254813491
2524,"James","Williams",1999,11831,2,2,2,2,0.999606254813491
2526,"David","Rodriguez",1970,10552,2,2,2,2,0.999606254813491
2527,"Emma","Garcia",1978,11675,0,2,2,2,0.985296268614473
2528,"Olivia","Brown",2000,13056,2,0,2,2,0.9851868388166
2529,"Michael","Brown",1984,18332,2,2,2,2,0.999606254813491
2530,"John","Williams",1989,15567,2,0,2,2,0.9851868388166
2531,"John","Davis",1970,13747,2,2,2,2,0.999606254813491
2534,"Emma","Williams",1988,13784,2,2,2,2,0.999606254813491
2535,"James","Johnson",1998,12548,2,2,0,2,0.953764941384782
2536,"Michael","Smith",1982,14862,2,2,2,2,0.999606254813491
2537,"Olivia","Martinez",1989,19199,0,2,2,2,0.985296268614473
2538,"John","Martinez",1974,15765,2,0,2,2,0.9851868388166
2540,"Michael","Davis",1982,11862,2,2,0,2,0.953764941384782
2541,"Sarah","Johnson",1981,10341,2,2,0,2,0.953764941384782
2542,"Michael","Williams",1985,11641,2,2,0,2,0.953764941384782
2543,"Olivia","Garcia",1982,19640,2,2,2,2,0.999606254813491
2544,"Emma","Johnson",1989,12856,2,2,2,2,0.999606254813491
2545,"Jane","Johnson",1970,12145,0,2,2,2,0.985296268614473
2546,"Michael","Brown",1982,10243,2,0,2,2,0.9851868388166
2547,"David","Johnson",1982,15117,2,0,2,2,0.9851868388166
2548,"James","Rodriguez",1979,19845,0,2,2,2,0.985296268614473
2550,"Olivia","Williams",1981,11611,2,2,2,2,0.999606254813491
2551,"John","Martinez",1984,19596,2,2,2,2,0.999606254813491
2552,"James","Miller",1982,15978,2,2,2,2,0.999606254813491
2554,"Emily","Williams",1980,12372,2,2,2,2,0.999606254813491
2555,"John","Davis",1986,13009,2,2,2,2,0.999606254813491
2556,"John","Williams",1980,16854,2,2,0,2,0.953764941384782
2557,"Sarah","Smith",1996,13738,2,2,2,2,0.999606254813491
2559,"William","Rodriguez",1979,14925,2,2,0,2,0.953764941384782
2560,"William","Martinez",1975,13195,2,0,2,2,0.9851868388166
2561,"Olivia","Rodriguez",1971,15770,2,2,2,2,0.999606254813491
2563,"David","Martinez",1989,10140,2,2,2,2,0.999606254813491
2564,"Emily","Johnson",1977,15178,2,2,2,2,0.999606254813491
2565,"James","Miller",1986,17384,2,2,2,2,0.999606254813491
2566,"William","Martinez",1981,19879,0,2,2,2,0.985296268614473
2567,"William","Williams",1974,14260,2,0,2,2,0.9851868388166
2568,"William","Davis",1987,15347,2,2,2,2,0.999606254813491
2570,"David","Garcia",1986,16430,2,2,2,2,0.999606254813491
2572,"Emma","Jones",1989,11587,2,2,0,2,0.953764941384782
2574,"Michael","Garcia",1996,12796,0,2,2,2,0.985296268614473
2575,"Sarah","Johnson",1989,17587,2,2,2,2,0.999606254813491
2576,"Michael","Smith",1982,16928,2,2,2,2,0.999606254813491
2579,"Sarah","Davis",2000,19432,2,2,2,2,0.999606254813491
2580,"David","Martinez",1998,13584,2,2,2,2,0.999606254813491
2582,"Sarah","Brown",1995,13682,2,2,0,2,0.953764941384782
2583,"John","Davis",1995,12830,2,2,2,2,0.999606254813491
2584,"Emma","Davis",1976,15136,2,2,0,2,0.953764941384782
2585,"William","Martinez",1995,12385,2,2,2,2,0.999606254813491
2586,"James","Smith",1994,10718,2,2,2,2,0.999606254813491
2587,"William","Williams",1994,13146,2,0,2,2,0.9851868388166
2588,"Emily","Rodriguez",2000,12694,2,2,2,2,0.999606254813491
2589,"Jane","Miller",1978,12736,2,2,2,2,0.999606254813491
2590,"Olivia","Johnson",1973,15349,2,2,2,2,0.999606254813491
2592,"John","Smith",1985,17634,2,0,2,2,0.9851868388166
2593,"Sarah","Jones",1990,15975,2,2,2,2,0.999606254813491
2595,"Olivia","Smith",1990,17702,2,2,2,2,0.999606254813491
2596,"Olivia","Rodriguez",1973,16264,0,2,2,2,0.985296268614473
2597,"Jane","Martinez",1980,12105,2,2,0,2,0.953764941384782
2598,"John","Martinez",1993,16392,2,2,2,2,0.999606254813491
2599,"Jane","Rodriguez",1999,13459,2,2,0,2,0.953764941384782
2600,"Emma","Miller",1983,14434,0,2,2,2,0.985296268614473
2603,"Jane","Jones",1983,15261,0,2,2,2,0.985296268614473
2604,"David","Williams",1971,17404,2,2,2,2,0.999606254813491
2605,"Olivia","Smith",1986,11064,2,2,0,2,0.953764941384782
2606,"Emma","Williams",1993,18647,2,2,2,2,0.999606254813491
2607,"Jane","Williams",1975,17498,2,2,0,2,0.953764941384782
2609,"David","Smith",1992,19398,2,2,2,2,0.999606254813491
2610,"Emily","Johnson",1974,12339,2,2,2,2,0.999606254813491
2612,"Olivia","Williams",1988,13539,2,2,0,2,0.953764941384782
2613,"Jane","Miller",1982,19175,2,2,2,2,0.999606254813491
2614,"Emily","Miller",1995,14448,2,2,2,2,0.999606254813491
2615,"John","Martinez",1990,12124,0,2,2,2,0.985296268614473
2616,"Olivia","Garcia",1989,16936,0,2,2,2,0.985296268614473
2617,"Michael","Davis",1990,16224,2,2,0,2,0.953764941384782
2618,"Olivia","Davis",1987,11670,2,2,2,2,0.999606254813491
2619,"Olivia","Miller",1991,13210,2,2,2,2,0.999606254813491
2620,"John","Martinez",1992,19273,2,0,2,2,0.9851868388166
2621,"David","Rodriguez",1999,14674,2,2,2,2,0.999606254813491
2623,"Sarah","Brown",1995,19493,2,0,2,2,0.9851868388166
2625,"James","Jones",1970,16703,2,0,2,2,0.9851868388166
2626,"Emily","Johnson",1992,11701,2,0,2,2,0.9851868388166
2627,"William","Williams",1976,17919,2,2,2,2,0.999606254813491
2628,"David","Johnson",1985,16919,2,2,2,2,0.999606254813491
2629,"David","Johnson",1996,18826,2,0,2,2,0.9851868388166
2630,"Emma","Williams",1991,14367,0,2,2,2,0.985296268614473
2631,"Michael","Rodriguez",1998,18310,2,2,2,2,0.999606254813491
2632,"Jane","Brown",1970,17297,2,0,2,2,0.9851868388166
2633,"William","Smith",1976,16092,0,2,2,2,0.985296268614473
2634,"Emily","Johnson",1985,16506,2,2,2,2,0.999606254813491
2635,"Jane","Brown",1981,13118,0,2,2,2,0.985296268614473
2636,"Michael","Rodriguez",1982,15480,2,2,2,2,0.999606254813491
2637,"Michael","Davis",1979,15953,0,2,2,2,0.985296268614473
2638,"David","Miller",1971,19574,0,2,2,2,0.985296268614473
2641,"Jane","Garcia",1978,15832,2,2,2,2,0.999606254813491
2642,"Jane","Martinez",1995,11708,2,2,2,2,0.999606254813491
2643,"Sarah","Smith",1977,13909,2,2,0,2,0.953764941384782
2644,"Michael","Smith",1975,19635,2,2,2,2,0.999606254813491
2645,"Sarah","Williams",1976,10054,2,2,2,2,0.999606254813491
2646,"William","Rodriguez",1995,10479,2,2,2,2,0.999606254813491
2648,"Jane","Jones",1982,17565,2,2,2,2,0.999606254813491
2649,"Olivia","Davis",1975,10730,2,2,0,2,0.953764941384782
2650,"Jane","Brown",1990,17921,2,2,0,2,0.953764941384782
2651,"William","Miller",1979,10193,0,2,2,2,0.985296268614473
2652,"Jane","Smith",1975,10474,2,2,2,2,0.999606254813491
2653,"John","Rodriguez",1984,12482,2,2,2,2,0.999606254813491
2654,"Emma","Rodriguez",1996,11749,2,2,2,2,0.999606254813491
2655,"Sarah","Jones",1982,17401,2,2,0,2,0.953764941384782
2656,"Jane","Davis",1985,10566,2,0,2,2,0.9851868388166
2657,"James","Rodriguez",1977,10322,0,2,2,2,0.985296268614473
2658,"Emily","Garcia",1979,18464,0,2,2,2,0.985296268614473
2660,"Sarah","Smith",1988,19837,2,2,2,2,0.999606254813491
2661,"James","Jones",1991,13246,0,2,2,2,0.985296268614473
2662,"William","Brown",1975,11673,2,2,2,2,0.999606254813491
2664,"Emma","Williams",1996,10693,2,2,2,2,0.999606254813491
2665,"William","Garcia",1982,15181,2,2,2,2,0.999606254813491
2666,"Emily","Rodriguez",1978,13911,2,2,2,2,0.999606254813491
2667,"James","Garcia",1989,14497,2,2,2,2,0.999606254813491
2669,"James","Williams",1973,16636,2,0,2,2,0.9851868388166
2670,"Jane","Williams",1986,10865,2,2,2,2,0.999606254813491
2671,"James","Smith",1990,19482,2,2,2,2,0.999606254813491
2672,"James","Brown",1982,16354,2,0,2,2,0.9851868388166
2673,"Jane","Davis",1997,10447,2,2,2,2,0.999606254813491
2674,"James","Williams",1982,13914,2,2,2,2,0.999606254813491
2675,"Emma","Johnson",1985,15687,2,2,2,2,0.999606254813491
2676,"Olivia","Garcia",1975,19314,2,2,2,2,0.999606254813491
2677,"James","Rodriguez",1973,13780,2,2,2,2,0.999606254813491
2678,"Olivia","Smith",1978,13954,2,0,2,2,0.9851868388166
2679,"Jane","Miller",1986,19307,2,2,2,2,0.999606254813491
2680,"Jane","Brown",1981,19395,2,2,2,2,0.999606254813491
2681,"Olivia","Rodriguez",1993,13975,2,2,2,2,0.999606254813491
2682,"David","Miller",1981,19783,2,0,2,2,0.9851868388166
2683,"Olivia","Williams",1977,18959,2,2,2,2,0.999606254813491
2684,"Jane","Martinez",1990,19337,0,2,2,2,0.985296268614473
2685,"Emily","Johnson",1978,15177,0,2,2,2,0.985296268614473
2686,"Sarah","Jones",1997,13213,2,2,0,2,0.953764941384782
2687,"Emily","Brown",1986,14016,2,2,2,2,0.999606254813491
2688,"Emily","Garcia",1989,13274,2,2,2,2,0.999606254813491
2690,"Emily","Davis",1972,10224,2,2,2,2,0.999606254813491
2691,"Emma","Miller",1982,19792,2,2,0,2,0.953764941384782
2692,"David","Smith",1996,11093,2,2,2,2,0.999606254813491
2693,"Jane","Rodriguez",1981,15501,2,0,2,2,0.9851868388166
2694,"Jane","Davis",1989,10129,2,2,2,2,0.999606254813491
2695,"Emily","Johnson",1984,12940,0,2,2,2,0.985296268614473
2696,"John","Davis",1976,10692,0,2,2,2,0.985296268614473
2697,"John","Rodriguez",1991,11584,2,2,2,2,0.999606254813491
2698,"Emma","Brown",1975,11613,2,2,2,2,0.999606254813491
2699,"Jane","Miller",1993,11206,0,2,2,2,0.985296268614473
2700,"James","Rodriguez",1998,13295,2,2,2,2,0.999606254813491
2701,"Sarah","Miller",1970,11050,2,0,2,2,0.9851868388166
2702,"Emma","Jones",1990,12824,2,2,2,2,0.999606254813491
2703,"Emma","Garcia",2000,13776,2,2,2,2,0.999606254813491
2704,"James","Davis",1992,19407,2,2,2,2,0.999606254813491
2705,"Olivia","Davis",1971,17335,2,2,0,2,0.953764941384782
2706,"Jane","Miller",1970,10907,0,2,2,2,0.985296268614473
2707,"Olivia","Garcia",1984,10516,2,2,0,2,0.953764941384782
2708,"Michael","Williams",1998,17394,2,2,2,2,0.999606254813491
2710,"William","Garcia",1990,11281,2,0,2,2,0.9851868388166
2711,"Michael","Brown",1974,17488,2,2,2,2,0.999606254813491
2712,"Jane","Williams",1996,16354,2,0,2,2,0.9851868388166
2713,"Michael","Rodriguez",1977,15015,0,2,2,2,0.985296268614473
2714,"Jane","Johnson",1971,18045,2,0,2,2,0.9851868388166
2716,"Jane","Smith",1982,18228,2,0,2,2,0.9851868388166
2717,"John","Garcia",2000,16663,2,2,2,2,0.999606254813491
2718,"Michael","Miller",1975,15035,2,2,2,2,0.999606254813491
2719,"Emily","Miller",1979,15833,2,0,2,2,0.9851868388166
2720,"Olivia","Miller",1980,16197,2,2,2,2,0.999606254813491
2721,"Michael","Smith",1979,10257,2,2,2,2,0.999606254813491
2722,"Sarah","Smith",1985,10860,2,2,2,2,0.999606254813491
2724,"Emily","Martinez",1998,16851,2,2,2,2,0.999606254813491
2726,"Emily","Smith",1993,15071,2,2,2,2,0.999606254813491
2727,"William","Miller",1974,14254,2,2,2,2,0.999606254813491
2728,"John","Miller",1979,11894,2,2,2,2,0.999606254813491
2729,"Jane","Jones",1994,11438,2,2,0,2,0.953764941384782
2730,"Emma","Rodriguez",1981,16378,2,2,2,2,0.999606254813491
2731,"Michael","Rodriguez",2000,13106,2,2,0,2,0.953764941384782
2732,"David","Johnson",1984,10871,2,2,0,2,0.953764941384782
2733,"Emily","Jones",1991,16811,0,2,2,2,0.985296268614473
2736,"John","Jones",1977,15695,2,2,2,2,0.999606254813491
2737,"Emily","Brown",1987,19474,2,2,2,2,0.999606254813491
2738,"James","Brown",1993,18675,2,2,2,2,0.999606254813491
2739,"John","Garcia",1987,11826,2,2,2,2,0.999606254813491
2740,"Sarah","Brown",1975,17052,2,0,2,2,0.9851868388166
2741,"David","Jones",1979,11201,2,2,2,2,0.999606254813491
2744,"James","Davis",1993,10980,2,2,2,2,0.999606254813491
2745,"William","Jones",1995,10367,2,0,2,2,0.9851868388166
2746,"Emily","Williams",1990,16871,2,2,0,2,0.953764941384782
2747,"Emily","Martinez",1990,16203,2,2,2,2,0.999606254813491
2748,"Olivia","Smith",1971,16319,2,2,2,2,0.999606254813491
2749,"Olivia","Rodriguez",1984,10860,2,2,0,2,0.953764941384782
2750,"John","Williams",1977,14374,2,0,2,2,0.9851868388166
2751,"James","Johnson",1995,18415,2,0,2,2,0.9851868388166
2752,"Emily","Williams",1978,19710,2,0,2,2,0.9851868388166
2753,"Emma","Rodriguez",1985,18471,2,2,2,2,0.999606254813491
2754,"Sarah","Williams",1974,18832,2,2,2,2,0.999606254813491
2755,"John","Johnson",1996,17492,0,2,2,2,0.985296268614473
2756,"William","Jones",1999,10455,2,2,2,2,0.999606254813491
2757,"John","Davis",1997,15834,2,2,2,2,0.999606254813491
2758,"Michael","Jones",2000,16221,2,2,2,2,0.999606254813491
2759,"Sarah","Williams",1980,14827,2,2,0,2,0.953764941384782
2760,"Emma","Davis",1977,14508,2,2,2,2,0.999606254813491
2761,"Jane","Jones",1976,11143,2,2,2,2,0.999606254813491
2763,"Jane","Johnson",1998,16450,2,0,2,2,0.9851868388166
2764,"Emily","Garcia",1984,14497,2,0,2,2,0.9851868388166
2765,"John","Miller",1972,15124,0,2,2,2,0.985296268614473
2766,"Sarah","Miller",1999,13239,2,2,2,2,0.999606254813491
2769,"William","Rodriguez",1985,10110,0,2,2,2,0.985296268614473
2770,"Olivia","Smith",1990,18199,2,2,2,2,0.999606254813491
2771,"Olivia","Davis",1973,12114,0,2,2,2,0.985296268614473
2772,"Jane","Brown",1986,14731,2,0,2,2,0.9851868388166
2773,"David","Johnson",1984,10823,2,2,2,2,0.999606254813491
2774,"Jane","Garcia",1997,14248,0,2,2,2,0.985296268614473
2775,"Emily","Garcia",1970,11108,2,2,2,2,0.999606254813491
2776,"Emma","Brown",1971,14983,0,2,2,2,0.985296268614473
2777,"John","Johnson",1980,10781,2,0,2,2,0.9851868388166
2778,"Sarah","Brown",1988,19574,2,2,0,2,0.953764941384782
2779,"Emma","Johnson",1986,12112,0,2,2,2,0.985296268614473
2781,"Sarah","Martinez",1987,19209,2,0,2,2,0.9851868388166
2783,"Jane","Garcia",1991,13719,2,0,2,2,0.9851868388166
2784,"Sarah","Rodriguez",1983,13975,2,2,0,2,0.953764941384782
2785,"William","Garcia",1982,13634,2,2,2,2,0.999606254813491
2786,"David","Martinez",1995,13935,2,2,0,2,0.953764941384782
2787,"John","Garcia",1978,10246,2,2,2,2,0.999606254813491
2788,"Sarah","Johnson",1999,11822,0,2,2,2,0.985296268614473
2789,"Emily","Miller",1985,10450,2,2,2,2,0.999606254813491
2790,"Jane","Williams",1974,14571,2,2,2,2,0.999606254813491
2791,"Emily","Jones",1975,12403,2,2,0,2,0.953764941384782
2792,"Emily","Davis",1984,16568,2,2,2,2,0.999606254813491
2793,"John","Davis",1984,18212,2,0,2,2,0.9851868388166
2794,"Olivia","Williams",1981,18341,2,2,2,2,0.999606254813491
2795,"Sarah","Martinez",1977,17577,2,2,2,2,0.999606254813491
2797,"John","Smith",1978,18088,2,2,2,2,0.999606254813491
2798,"Jane","Williams",1996,17605,2,2,0,2,0.953764941384782
2799,"William","Rodriguez",1989,17039,2,0,2,2,0.9851868388166
2800,"Sarah","Garcia",1997,17862,2,2,2,2,0.999606254813491
2801,"William","Smith",1971,11379,2,2,2,2,0.999606254813491
2802,"Jane","Johnson",1984,17250,2,2,2,2,0.999606254813491
2803,"David","Smith",1978,16384,2,2,2,2,0.999606254813491
2804,"Sarah","Rodriguez",1993,14874,2,2,2,2,0.999606254813491
2805,"Olivia","Brown",1975,12776,2,2,0,2,0.953764941384782
2806,"Emma","Rodriguez",1984,15586,2,0,2,2,0.9851868388166
2807,"William","Garcia",1971,18327,2,0,2,2,0.9851868388166
2809,"Emily","Miller",1976,18669,0,2,2,2,0.985296268614473
2813,"David","Smith",1999,14969,2,2,2,2,0.999606254813491
2814,"Emma","Rodriguez",1974,11728,2,2,2,2,0.999606254813491
2816,"John","Johnson",1990,10887,2,2,0,2,0.953764941384782
2817,"John","Jones",1996,11597,2,2,2,2,0.999606254813491
2818,"Olivia","Jones",1982,10379,0,2,2,2,0.985296268614473
2819,"Olivia","Garcia",1997,13477,2,2,2,2,0.999606254813491
2820,"Jane","Davis",1970,11312,2,2,2,2,0.999606254813491
2822,"Emily","Williams",1988,11976,2,2,2,2,0.999606254813491
2823,"James","Johnson",1973,16865,2,2,2,2,0.999606254813491
2824,"John","Johnson",1994,18665,2,2,2,2,0.999606254813491
2825,"Emily","Garcia",1977,14707,2,2,2,2,0.999606254813491
2826,"James","Brown",1985,13446,2,2,2,2,0.999606254813491
2827,"Jane","Smith",1975,12088,2,0,2,2,0.9851868388166
2828,"John","Smith",1989,17443,0,2,2,2,0.985296268614473
2829,"James","Garcia",1983,12490,2,2,2,2,0.999606254813491
2831,"Sarah","Jones",1972,18860,2,0,2,2,0.9851868388166
2832,"Michael","Miller",1988,15559,2,2,2,2,0.999606254813491
2833,"William","Rodriguez",1983,13143,0,2,2,2,0.985296268614473
2834,"Emma","Martinez",1988,18718,2,2,2,2,0.999606254813491
2835,"Emily","Johnson",1993,15891,2,0,2,2,0.9851868388166
2836,"John","Davis",1976,19789,2,2,2,2,0.999606254813491
2837,"John","Brown",1995,19386,0,2,2,2,0.985296268614473
2838,"James","Williams",1984,11773,2,0,2,2,0.9851868388166
2839,"Emily","Smith",1970,14370,2,2,2,2,0.999606254813491
2840,"David","Smith",1987,14374,0,2,2,2,0.985296268614473
2841,"Michael","Johnson",1997,18285,2,2,2,2,0.999606254813491
2842,"James","Martinez",1995,17931,2,0,2,2,0.9851868388166
2843,"Emma","Smith",1987,13865,2,2,2,2,0.999606254813491
2844,"John","Williams",1979,15992,0,2,2,2,0.985296268614473
2845,"Sarah","Rodriguez",2000,12310,2,2,2,2,0.999606254813491
2846,"David","Williams",1982,18733,2,2,2,2,0.999606254813491
2847,"James","Miller",1991,10789,2,2,2,2,0.999606254813491
2850,"David","Brown",1980,11899,2,0,2,2,0.9851868388166
2851,"John","Smith",1974,12004,2,0,2,2,0.9851868388166
2852,"Emily","Johnson",1988,17878,2,2,0,2,0.953764941384782
2853,"Emily","Williams",1985,18180,2,2,2,2,0.999606254813491
2854,"Jane","Garcia",1976,18502,0,2,2,2,0.985296268614473
2855,"Olivia","Rodriguez",1974,13651,2,2,2,2,0.999606254813491
2856,"David","Miller",2000,18909,2,2,2,2,0.999606254813491
2857,"Michael","Brown",1998,10432,0,2,2,2,0.985296268614473
2858,"David","Martinez",1999,13084,2,2,0,2,0.953764941384782
2859,"Sarah","Rodriguez",1980,12645,2,2,2,2,0.999606254813491
2860,"John","Rodriguez",1973,19043,0,2,2,2,0.985296268614473
2861,"Olivia","Brown",1998,15503,0,2,2,2,0.985296268614473
2862,"William","Jones",1981,18727,2,2,2,2,0.999606254813491
2863,"Jane","Rodriguez",1993,19191,2,2,0,2,0.953764941384782
2864,"James","Brown",1975,13628,2,2,2,2,0.999606254813491
2865,"Emily","Brown",2000,17948,2,2,2,2,0.999606254813491
2866,"Jane","Jones",1995,17395,0,2,2,2,0.985296268614473
2867,"Olivia","Brown",1983,17982,2,2,0,2,0.953764941384782
2868,"William","Martinez",2000,18354,2,0,2,2,0.9851868388166
2869,"Michael","Johnson",1983,16060,0,2,2,2,0.985296268614473
2871,"Michael","Martinez",1999,12840,2,2,2,2,0.999606254813491
2873,"Michael","Williams",1979,11313,2,2,2,2,0.999606254813491
2874,"Sarah","Williams",1981,16181,0,2,2,2,0.985296268614473
2875,"William","Jones",1986,17287,2,0,2,2,0.9851868388166
2877,"Emma","Miller",1997,10951,2,2,2,2,0.999606254813491
2879,"Michael","Rodriguez",1981,12268,2,2,2,2,0.999606254813491
2881,"John","Garcia",1980,11012,2,2,2,2,0.999606254813491
2882,"Emily","Rodriguez",1984,18437,2,2,0,2,0.953764941384782
2883,"Emily","Johnson",1993,15662,2,2,2,2,0.999606254813491
2884,"Emily","Rodriguez",1991,15681,2,2,2,2,0.999606254813491
2885,"James","Davis",1996,17246,2,0,2,2,0.9851868388166
2886,"David","Miller",1979,19546,0,2,2,2,0.985296268614473
2887,"William","Martinez",1974,10652,2,0,2,2,0.9851868388166
2889,"John","Brown",1989,12111,2,2,2,2,0.999606254813491
2890,"Emily","Rodriguez",1982,18843,0,2,2,2,0.985296268614473
2891,"Jane","Martinez",1975,13314,2,2,2,2,0.999606254813491
2892,"John","Smith",1974,15716,2,0,2,2,0.9851868388166
2893,"Olivia","Miller",1997,13538,2,2,2,2,0.999606254813491
2894,"Jane","Johnson",1983,15952,2,2,2,2,0.999606254813491
2895,"Emily","Brown",1993,17630,2,2,2,2,0.999606254813491
2897,"Olivia","Miller",1975,19076,2,2,2,2,0.999606254813491
2898,"Jane","Williams",1976,19571,2,2,2,2,0.999606254813491
2899,"Emma","Brown",1977,18610,2,2,2,2,0.999606254813491
2900,"Sarah","Williams",1996,11037,0,2,2,2,0.985296268614473
2902,"Emily","Garcia",1982,17305,0,2,2,2,0.985296268614473
2903,"Jane","Smith",1983,14129,0,2,2,2,0.985296268614473
2904,"John","Davis",1999,16453,2,2,2,2,0.999606254813491
2905,"Jane","Brown",1971,12674,2,2,0,2,0.953764941384782
2906,"Emma","Miller",1978,12308,0,2,2,2,0.985296268614473
2907,"David","Miller",2000,12041,2,2,2,2,0.999606254813491
2908,"William","Johnson",1995,11978,2,2,2,2,0.999606254813491
2909,"Jane","Johnson",1988,11462,0,2,2,2,0.985296268614473
2910,"David","Brown",1988,15765,2,2,2,2,0.999606254813491
2911,"James","Miller",1986,17714,2,0,2,2,0.9851868388166
2912,"William","Smith",1995,11728,2,0,2,2,0.9851868388166
2913,"James","Brown",1990,11376,2,2,2,2,0.999606254813491
2914,"Emma","Brown",1987,13185,2,0,2,2,0.9851868388166
2917,"John","Rodriguez",1999,19148,2,2,2,2,0.999606254813491
2918,"Olivia","Garcia",1986,14490,2,2,0,2,0.953764941384782
2919,"William","Jones",1998,10602,2,2,2,2,0.999606254813491
2920,"John","Johnson",1989,12955,2,2,2,2,0.999606254813491
2921,"David","Williams",1985,14948,2,2,2,2,0.999606254813491
2922,"Michael","Martinez",1990,11975,2,2,0,2,0.953764941384782
2923,"Jane","Davis",1982,17120,0,2,2,2,0.985296268614473
2924,"William","Davis",1984,16829,2,2,2,2,0.999606254813491
2925,"Michael","Jones",1997,18201,2,2,0,2,0.953764941384782
2926,"Jane","Williams",1970,12508,2,2,2,2,0.999606254813491
2927,"James","Garcia",1988,17843,2,2,0,2,0.953764941384782
2929,"James","Davis",1976,18182,0,2,2,2,0.985296268614473
2930,"James","Williams",1980,13276,2,2,0,2,0.953764941384782
2931,"Emma","Smith",1975,15435,2,2,2,2,0.999606254813491
2932,"Emily","Garcia",1991,10006,2,2,2,2,0.999606254813491
2933,"Olivia","Miller",1986,19233,2,2,0,2,0.953764941384782
2934,"Michael","Johnson",1982,13504,2,2,2,2,0.999606254813491
2936,"William","Miller",2000,10184,0,2,2,2,0.985296268614473
2937,"Olivia","Rodriguez",1998,19352,2,2,2,2,0.999606254813491
2938,"Emily","Brown",1982,11527,0,2,2,2,0.985296268614473
2939,"John","Davis",1988,18884,2,2,2,2,0.999606254813491
2940,"David","Brown",1986,11148,2,2,2,2,0.999606254813491
2942,"Emily","Martinez",1992,14066,2,2,0,2,0.953764941384782
2943,"John","Davis",1999,12951,0,2,2,2,0.985296268614473
2945,"Michael","Smith",1985,19602,2,2,2,2,0.999606254813491
2946,"John","Garcia",1973,16818,2,2,2,2,0.999606254813491
2947,"John","Martinez",1992,14390,2,2,0,2,0.953764941384782
2948,"James","Garcia",1977,10838,2,0,2,2,0.9851868388166
2949,"Michael","Brown",1978,17020,0,2,2,2,0.985296268614473
2950,"Emily","Garcia",1986,10810,2,2,2,2,0.999606254813491
2952,"James","Garcia",1994,10045,2,2,2,2,0.999606254813491
2953,"James","Davis",1992,19929,2,2,2,2,0.999606254813491
2954,"Michael","Martinez",1986,18312,2,2,0,2,0.953764941384782
2956,"John","Miller",1972,16488,2,0,2,2,0.9851868388166
2958,"John","Johnson",1973,13495,2,2,2,2,0.999606254813491
2959,"William","Smith",1970,17864,2,2,0,2,0.953764941384782
2960,"Sarah","Miller",1988,10953,0,2,2,2,0.985296268614473
2963,"Emma","Williams",1982,15329,0,2,2,2,0.985296268614473
2964,"Olivia","Jones",1996,10871,2,0,2,2,0.9851868388166
2965,"John","Miller",1977,17446,2,0,2,2,0.9851868388166
2966,"John","Miller",1991,13598,2,0,2,2,0.9851868388166
2967,"Olivia","Davis",1987,18038,2,2,2,2,0.999606254813491
2968,"Emma","Davis",1977,13603,2,0,2,2,0.9851868388166
2969,"Michael","Miller",1996,15543,2,2,2,2,0.999606254813491
2970,"Emily","Jones",1985,10611,2,0,2,2,0.9851868388166
2971,"Emma","Rodriguez",1989,13801,2,2,2,2,0.999606254813491
2972,"David","Martinez",1993,18422,2,0,2,2,0.9851868388166
2973,"Michael","Smith",1990,10416,2,2,2,2,0.999606254813491
2974,"Olivia","Miller",1983,11239,2,0,2,2,0.9851868388166
2975,"John","Jones",1996,11440,2,2,2,2,0.999606254813491
2977,"Emily","Garcia",1976,11380,2,0,2,2,0.9851868388166
2978,"Jane","Rodriguez",1986,10352,0,2,2,2,0.985296268614473
2979,"David","Rodriguez",1974,18789,2,2,2,2,0.999606254813491
2980,"James","Davis",1982,10133,2,2,2,2,0.999606254813491
2981,"Emma","Davis",1977,10385,0,2,2,2,0.985296268614473
2982,"David","Johnson",1981,10554,0,2,2,2,0.985296268614473
2984,"Olivia","Jones",1987,13150,2,2,2,2,0.999606254813491
2985,"Emily","Garcia",1990,16646,2,2,2,2,0.999606254813491
2986,"Jane","Rodriguez",1979,10274,2,0,2,2,0.9851868388166
2987,"Jane","Johnson",1996,16647,2,2,2,2,0.999606254813491
2988,"Emily","Brown",1987,14521,2,2,2,2,0.999606254813491
2989,"James","Brown",1995,13769,2,2,2,2,0.999606254813491
2990,"Jane","Brown",1977,17334,2,2,2,2,0.999606254813491
2991,"Emily","Brown",1999,18934,2,2,2,2,0.999606254813491
2992,"Jane","Smith",1978,13804,2,2,2,2,0.999606254813491
2993,"Olivia","Brown",1995,14721,0,2,2,2,0.985296268614473
2995,"Emily","Smith",1977,17022,2,2,2,2,0.999606254813491
2996,"Olivia","Johnson",1978,18417,2,2,0,2,0.953764941384782
2998,"Jane","Williams",1988,14177,0,2,2,2,0.985296268614473
2999,"Jane","Davis",1989,18873,2,0,2,2,0.9851868388166
3000,"Sarah","Brown",1987,18680,0,2,2,2,0.985296268614473
3001,"Olivia","Smith",1973,12745,2,2,2,2,0.999606254813491
3002,"John","Smith",1981,15945,2,2,2,2,0.999606254813491
3003,"Emma","Williams",1978,17342,2,0,2,2,0.9851868388166
3004,"Emma","Martinez",1996,14333,2,0,2,2,0.9851868388166
3005,"William","Garcia",1983,11951,0,2,2,2,0.985296268614473
3006,"Olivia","Garcia",1995,13780,2,0,2,2,0.9851868388166
3007,"Emma","Martinez",1983,13336,2,2,2,2,0.999606254813491
3008,"Olivia","Rodriguez",1972,14490,0,2,2,2,0.985296268614473
3009,"Michael","Davis",1984,19192,2,2,2,2,0.999606254813491
3010,"Olivia","Williams",1975,18259,2,0,2,2,0.9851868388166
3011,"Jane","Martinez",1988,14899,0,2,2,2,0.985296268614473
3012,"John","Davis",1996,15663,2,0,2,2,0.9851868388166
3014,"Sarah","Brown",1984,14391,0,2,2,2,0.985296268614473
3015,"Emily","Davis",1971,10723,2,2,2,2,0.999606254813491
3016,"William","Rodriguez",1999,10124,2,2,2,2,0.999606254813491
3017,"John","Garcia",1972,16361,2,2,2,2,0.999606254813491
3018,"James","Garcia",1992,12165,2,2,0,2,0.953764941384782
3021,"Emily","Jones",1994,15371,0,2,2,2,0.985296268614473
3022,"William","Johnson",1980,12576,2,2,2,2,0.999606254813491
3023,"Jane","Davis",1993,12971,2,2,2,2,0.999606254813491
3024,"Olivia","Rodriguez",1970,18437,2,2,2,2,0.999606254813491
3025,"Emily","Williams",1990,17816,2,2,2,2,0.999606254813491
3026,"Emily","Garcia",1994,16402,2,2,2,2,0.999606254813491
3027,"John","Garcia",1989,11543,2,0,2,2,0.9851868388166
3028,"William","Jones",1978,17755,2,0,2,2,0.9851868388166
3029,"Jane","Miller",1991,12917,2,2,2,2,0.999606254813491
3030,"Sarah","Davis",1983,16476,2,0,2,2,0.9851868388166
3031,"William","Jones",1995,12217,2,2,0,2,0.953764941384782
3032,"Emma","Smith",1984,18386,2,2,2,2,0.999606254813491
3033,"Emily","Rodriguez",1989,15966,0,2,2,2,0.985296268614473
3034,"Michael","Rodriguez",1998,11979,2,0,2,2,0.9851868388166
3035,"John","Rodriguez",1999,16246,2,2,2,2,0.999606254813491
3036,"Emma","Brown",1995,11897,2,2,2,2,0.999606254813491
3037,"Emily","Martinez",1981,11101,2,2,2,2,0.999606254813491
3038,"Emma","Williams",1994,18226,2,0,2,2,0.9851868388166
3039,"Michael","Garcia",1974,18970,2,2,2,2,0.999606254813491
3040,"John","Johnson",1970,19383,2,2,2,2,0.999606254813491
3041,"David","Garcia",1987,16865,2,2,2,2,0.999606254813491
3042,"William","Brown",1978,17631,2,2,2,2,0.999606254813491
3043,"Olivia","Martinez",1998,14376,2,0,2,2,0.9851868388166
3044,"David","Davis",1980,17493,0,2,2,2,0.985296268614473
3045,"Jane","Miller",1976,19724,2,2,2,2,0.999606254813491
3046,"Olivia","Davis",1978,11808,2,2,2,2,0.999606254813491
3047,"Emily","Johnson",1981,12003,2,2,2,2,0.999606254813491
3048,"Emma","Garcia",1989,18045,2,2,2,2,0.999606254813491
3049,"Emily","Rodriguez",1971,15937,2,0,2,2,0.9851868388166
3050,"Jane","Miller",1985,14416,0,2,2,2,0.985296268614473
3052,"John","Davis",1999,18768,2,0,2,2,0.9851868388166
3053,"William","Miller",2000,19283,2,2,2,2,0.999606254813491
3054,"Sarah","Williams",1975,12849,2,0,2,2,0.9851868388166
3055,"David","Garcia",1997,16232,0,2,2,2,0.985296268614473
3056,"William","Brown",1995,10342,2,2,2,2,0.999606254813491
3057,"Jane","Rodriguez",1972,10294,0,2,2,2,0.985296268614473
3058,"William","Johnson",1983,10986,0,2,2,2,0.985296268614473
3059,"Jane","Williams",1977,15898,0,2,2,2,0.985296268614473
3060,"Emily","Brown",1984,18593,0,2,2,2,0.985296268614473
3061,"John","Miller",1992,16551,2,0,2,2,0.9851868388166
3062,"David","Miller",1978,16794,2,0,2,2,0.9851868388166
3063,"William","Davis",1981,14812,2,2,2,2,0.999606254813491
3064,"Emma","Miller",1994,10178,2,2,0,2,0.953764941384782
3065,"Jane","Brown",1977,16380,2,2,2,2,0.999606254813491
3066,"John","Jones",1985,16660,2,2,0,2,0.953764941384782
3067,"Michael","Garcia",1970,16154,2,2,2,2,0.999606254813491
3068,"Jane","Williams",1997,15480,2,2,0,2,0.953764941384782
3070,"Olivia","Jones",1974,11636,2,2,2,2,0.999606254813491
3071,"Michael","Miller",1984,11108,2,2,0,2,0.953764941384782
3072,"Olivia","Miller",1973,16781,2,0,2,2,0.9851868388166
3073,"John","Jones",1994,12223,2,2,2,2,0.999606254813491
3074,"Jane","Smith",1982,15908,2,2,2,2,0.999606254813491
3076,"William","Garcia",1982,16812,2,2,2,2,0.999606254813491
3077,"Jane","Martinez",1983,11587,0,2,2,2,0.985296268614473
3078,"Olivia","Johnson",1998,10639,0,2,2,2,0.985296268614473
3079,"John","Martinez",1995,19127,2,2,0,2,0.953764941384782
3081,"Emma","Rodriguez",1978,15916,2,2,2,2,0.999606254813491
3082,"Michael","Brown",1988,13445,2,2,2,2,0.999606254813491
3083,"Emma","Martinez",1984,10802,2,2,0,2,0.953764941384782
3084,"William","Jones",1995,14035,2,0,2,2,0.9851868388166
3085,"John","Jones",1998,19000,2,2,2,2,0.999606254813491
3086,"Olivia","Garcia",1971,10753,0,2,2,2,0.985296268614473
3087,"William","Garcia",1997,12757,0,2,2,2,0.985296268614473
3088,"Emma","Williams",1983,11065,2,2,2,2,0.999606254813491
3089,"Sarah","Rodriguez",1975,15340,2,2,2,2,0.999606254813491
3090,"William","Jones",1994,10257,2,2,2,2,0.999606254813491
3091,"Sarah","Williams",1974,15068,2,2,0,2,0.953764941384782
3092,"James","Johnson",1995,11348,2,2,2,2,0.999606254813491
3094,"David","Garcia",1970,11943,0,2,2,2,0.985296268614473
3096,"Sarah","Jones",1977,12404,2,0,2,2,0.9851868388166
3097,"David","Williams",2000,17839,2,2,2,2,0.999606254813491
3098,"William","Jones",1998,19802,2,2,2,2,0.999606254813491
3099,"Olivia","Davis",1981,16573,2,2,2,2,0.999606254813491
3100,"Michael","Miller",1974,16984,2,2,2,2,0.999606254813491
3101,"James","Miller",1971,10156,2,0,2,2,0.9851868388166
3102,"John","Jones",1999,19228,2,2,2,2,0.999606254813491
3103,"Jane","Johnson",1970,11342,2,2,2,2,0.999606254813491
3104,"Olivia","Williams",1977,14736,2,2,2,2,0.999606254813491
3105,"John","Rodriguez",1985,10279,2,2,2,2,0.999606254813491
3106,"Olivia","Johnson",1987,16429,0,2,2,2,0.985296268614473
3107,"Emily","Brown",1987,10971,2,2,2,2,0.999606254813491
3108,"Jane","Martinez",1993,14766,2,2,2,2,0.999606254813491
3109,"Sarah","Johnson",1995,12977,2,2,2,2,0.999606254813491
3110,"James","Jones",1970,12405,2,2,2,2,0.999606254813491
3111,"Emily","Brown",1992,18178,2,0,2,2,0.9851868388166
3112,"William","Brown",1982,17706,2,2,0,2,0.953764941384782
3113,"Sarah","Johnson",1997,18974,2,2,2,2,0.999606254813491
3114,"Emma","Jones",1978,14652,2,0,2,2,0.9851868388166
3115,"Sarah","Jones",1999,16614,2,2,2,2,0.999606254813491
3116,"James","Garcia",1986,17271,2,0,2,2,0.9851868388166
3117,"Michael","Miller",1991,15228,2,2,2,2,0.999606254813491
1136,"Jane","Davis",1977,18201,0,2,2,2,0.985296268614473
3118,"Sarah","Davis",1977,18201,0,2,2,2,0.985296268614473
3119,"James","Brown",1977,18551,2,2,2,2,0.999606254813491
3120,"Emma","Williams",1970,15109,2,2,2,2,0.999606254813491
3121,"Michael","Davis",1981,12945,2,2,2,2,0.999606254813491
3122,"Olivia","Rodriguez",1992,19756,2,2,2,2,0.999606254813491
3123,"Jane","Johnson",1997,11757,2,2,2,2,0.999606254813491
3124,"Emily","Miller",1992,13004,2,2,2,2,0.999606254813491
3125,"Jane","Smith",1985,14844,2,0,2,2,0.9851868388166
3126,"William","Williams",1980,17703,2,2,2,2,0.999606254813491
3127,"Sarah","Smith",1978,12851,2,2,2,2,0.999606254813491
3128,"Sarah","Jones",1998,12169,2,2,2,2,0.999606254813491
3129,"James","Garcia",1974,12510,2,2,2,2,0.999606254813491
3130,"Olivia","Davis",2000,19977,2,2,2,2,0.999606254813491
3131,"James","Rodriguez",1989,15296,2,2,2,2,0.999606254813491
3133,"Jane","Williams",1978,12059,2,2,2,2,0.999606254813491
3134,"Emma","Williams",1994,17907,2,2,2,2,0.999606254813491
3135,"David","Smith",1992,18172,2,2,2,2,0.999606254813491
3136,"David","Martinez",1982,10723,2,2,2,2,0.999606254813491
3138,"Jane","Johnson",1982,15669,2,0,2,2,0.9851868388166
3139,"John","Davis",1976,14298,2,2,2,2,0.999606254813491
3140,"Emily","Martinez",1991,17539,2,2,2,2,0.999606254813491
3141,"Olivia","Johnson",1981,14395,2,2,2,2,0.999606254813491
3142,"Emily","Brown",1970,14722,2,0,2,2,0.9851868388166
3143,"Jane","Davis",1985,11647,2,2,0,2,0.953764941384782
3145,"Sarah","Brown",1989,17372,0,2,2,2,0.985296268614473
3148,"William","Brown",1992,17168,2,2,2,2,0.999606254813491
3149,"William","Martinez",1992,18290,2,2,2,2,0.999606254813491
3150,"William","Miller",1996,16409,2,0,2,2,0.9851868388166
3151,"Michael","Johnson",1999,14935,2,2,2,2,0.999606254813491
3152,"Sarah","Miller",1971,17204,2,2,2,2,0.999606254813491
3153,"Olivia","Davis",1989,18831,2,2,0,2,0.953764941384782
3155,"John","Garcia",1978,12127,2,0,2,2,0.9851868388166
3157,"Emily","Rodriguez",1981,17659,2,2,2,2,0.999606254813491
3158,"David","Smith",1973,10064,0,2,2,2,0.985296268614473
3159,"John","Jones",1975,16826,2,2,2,2,0.999606254813491
3160,"John","Rodriguez",1989,18774,2,2,0,2,0.953764941384782
3161,"Michael","Davis",1971,15549,2,2,0,2,0.953764941384782
3162,"Jane","Brown",1995,12777,2,2,0,2,0.953764941384782
3163,"James","Jones",1984,14740,2,2,2,2,0.999606254813491
3165,"James","Garcia",1998,15572,0,2,2,2,0.985296268614473
3166,"Jane","Brown",1981,12717,2,2,2,2,0.999606254813491
3167,"James","Garcia",1994,13835,2,2,2,2,0.999606254813491
3168,"Olivia","Garcia",1979,16088,2,2,0,2,0.953764941384782
3169,"Emily","Miller",2000,18374,2,2,0,2,0.953764941384782
3170,"Jane","Davis",1971,10051,0,2,2,2,0.985296268614473
3171,"Olivia","Jones",1989,15487,0,2,2,2,0.985296268614473
3172,"Emily","Williams",1971,15937,2,0,2,2,0.9851868388166
3173,"William","Brown",1973,18148,2,2,2,2,0.999606254813491
3175,"James","Martinez",1992,12396,0,2,2,2,0.985296268614473
3176,"Michael","Miller",1997,19148,2,0,2,2,0.9851868388166
3177,"Sarah","Martinez",1985,13555,2,2,2,2,0.999606254813491
3178,"William","Jones",1978,10012,2,0,2,2,0.9851868388166
3179,"Michael","Jones",1989,10073,2,0,2,2,0.9851868388166
3180,"Sarah","Jones",1997,12076,2,0,2,2,0.9851868388166
3181,"William","Martinez",1984,14519,0,2,2,2,0.985296268614473
3182,"Sarah","Williams",1973,12741,2,0,2,2,0.9851868388166
3183,"John","Garcia",1992,14768,2,2,2,2,0.999606254813491
3184,"James","Williams",1980,14338,2,2,2,2,0.999606254813491
3185,"Michael","Brown",1998,10866,2,2,2,2,0.999606254813491
3186,"David","Jones",2000,18919,2,0,2,2,0.9851868388166
3187,"Sarah","Brown",1982,13592,2,2,0,2,0.953764941384782
3188,"William","Williams",1983,17146,2,2,0,2,0.953764941384782
3189,"David","Davis",1983,18931,0,2,2,2,0.985296268614473
3190,"Emily","Johnson",1997,14840,2,0,2,2,0.9851868388166
3191,"David","Jones",1993,18843,2,2,0,2,0.953764941384782
3192,"Michael","Williams",1982,12762,2,0,2,2,0.9851868388166
3193,"Sarah","Miller",1971,15104,2,2,2,2,0.999606254813491
3194,"Sarah","Martinez",1971,15619,2,2,2,2,0.999606254813491
3195,"Jane","Davis",1971,13168,2,0,2,2,0.9851868388166
3196,"Olivia","Johnson",1979,14902,2,2,2,2,0.999606254813491
3197,"Emily","Brown",1972,18824,0,2,2,2,0.985296268614473
3198,"Emma","Jones",1984,17489,2,0,2,2,0.9851868388166
3199,"Olivia","Smith",1978,10750,2,2,2,2,0.999606254813491
3200,"Jane","Miller",1970,11705,2,2,2,2,0.999606254813491
3202,"Olivia","Rodriguez",1999,15586,2,2,2,2,0.999606254813491
3203,"David","Johnson",1983,15105,2,2,0,2,0.953764941384782
3204,"Olivia","Jones",1982,17120,2,2,0,2,0.953764941384782
3205,"Emma","Brown",1979,18966,2,0,2,2,0.9851868388166
3206,"James","Miller",1972,14978,2,2,2,2,0.999606254813491
3207,"Olivia","Rodriguez",1986,15600,2,2,2,2,0.999606254813491
3209,"Emily","Davis",1994,15213,2,2,2,2,0.999606254813491
3210,"Olivia","Miller",1981,11814,2,2,2,2,0.999606254813491
3211,"Olivia","Smith",1975,18968,2,2,2,2,0.999606254813491
3212,"Jane","Martinez",1978,18651,2,2,0,2,0.953764941384782
3213,"Sarah","Rodriguez",1970,10366,0,2,2,2,0.985296268614473
3215,"Emma","Rodriguez",1998,18117,2,2,0,2,0.953764941384782
3216,"Jane","Davis",1994,12715,2,2,2,2,0.999606254813491
3217,"Jane","Williams",1988,11504,2,2,2,2,0.999606254813491
3218,"Jane","Garcia",1974,18234,2,2,2,2,0.999606254813491
3219,"William","Miller",1993,19206,2,2,2,2,0.999606254813491
3220,"Emma","Davis",1971,16402,2,2,2,2,0.999606254813491
3221,"Jane","Jones",1982,18117,2,2,2,2,0.999606254813491
3222,"Sarah","Brown",1993,16543,0,2,2,2,0.985296268614473
3223,"Jane","Rodriguez",1986,15985,2,2,2,2,0.999606254813491
3224,"Jane","Garcia",1972,14804,2,2,2,2,0.999606254813491
3225,"Sarah","Brown",1990,10239,2,2,2,2,0.999606254813491
3226,"Emma","Miller",1997,19312,2,2,2,2,0.999606254813491
3228,"James","Miller",1985,16106,2,2,2,2,0.999606254813491
3229,"John","Brown",1972,13054,0,2,2,2,0.985296268614473
3230,"James","Miller",1987,12695,2,2,0,2,0.953764941384782
3231,"Jane","Johnson",1980,16945,2,2,0,2,0.953764941384782
3232,"Jane","Smith",1989,18321,2,2,2,2,0.999606254813491
3233,"Olivia","Brown",1975,10011,2,2,2,2,0.999606254813491
3234,"Sarah","Martinez",1999,11023,2,0,2,2,0.9851868388166
3235,"Jane","Davis",1974,16674,0,2,2,2,0.985296268614473
3236,"Michael","Rodriguez",1997,17283,2,2,2,2,0.999606254813491
3237,"John","Miller",1987,15099,2,2,0,2,0.953764941384782
3238,"Jane","Williams",1983,11822,0,2,2,2,0.985296268614473
3239,"Jane","Brown",1987,12223,0,2,2,2,0.985296268614473
3241,"Sarah","Williams",1996,12326,2,2,2,2,0.999606254813491
3242,"John","Miller",1977,14288,0,2,2,2,0.985296268614473
3243,"Olivia","Rodriguez",1993,17857,2,2,2,2,0.999606254813491
3244,"James","Miller",1992,15579,2,2,2,2,0.999606254813491
3245,"Emily","Garcia",1974,19189,2,2,0,2,0.953764941384782
3246,"Olivia","Davis",1998,10236,2,2,0,2,0.953764941384782
3247,"Emily","Williams",1992,14196,0,2,2,2,0.985296268614473
3248,"William","Smith",1999,15606,2,2,2,2,0.999606254813491
3249,"James","Davis",2000,11296,2,2,0,2,0.953764941384782
3250,"William","Johnson",1975,13770,2,2,0,2,0.953764941384782
3251,"Olivia","Rodriguez",1989,15700,2,2,2,2,0.999606254813491
3252,"Sarah","Davis",1972,18256,0,2,2,2,0.985296268614473
3253,"James","Miller",1972,16699,2,2,2,2,0.999606254813491
3254,"Emily","Brown",1986,14982,2,2,0,2,0.953764941384782
3255,"Michael","Davis",1980,16560,2,2,2,2,0.999606254813491
3256,"John","Brown",1986,17775,2,2,2,2,0.999606254813491
3257,"Sarah","Garcia",1970,19844,2,0,2,2,0.9851868388166
3259,"Sarah","Johnson",1970,12636,2,0,2,2,0.9851868388166
3260,"Emma","Rodriguez",2000,15699,2,0,2,2,0.9851868388166
3261,"Michael","Rodriguez",1979,10963,2,2,2,2,0.999606254813491
3262,"William","Brown",1992,15457,2,2,2,2,0.999606254813491
3264,"Emma","Smith",1994,19041,2,2,2,2,0.999606254813491
3265,"Sarah","Smith",1995,14837,2,2,2,2,0.999606254813491
3266,"Olivia","Williams",1992,14654,2,2,0,2,0.953764941384782
3267,"Emily","Rodriguez",1975,19872,0,2,2,2,0.985296268614473
3268,"Sarah","Johnson",1999,14291,2,2,2,2,0.999606254813491
3269,"Emily","Johnson",1993,14578,2,2,2,2,0.999606254813491
3270,"James","Rodriguez",1980,15572,0,2,2,2,0.985296268614473
3271,"Emily","Garcia",1972,11969,2,2,2,2,0.999606254813491
3272,"Emma","Williams",1970,15937,2,2,2,2,0.999606254813491
3273,"William","Miller",1984,14970,0,2,2,2,0.985296268614473
3274,"Olivia","Brown",1982,19659,0,2,2,2,0.985296268614473
3275,"Emily","Davis",1986,10842,2,2,2,2,0.999606254813491
3277,"Emily","Brown",1987,11682,2,0,2,2,0.9851868388166
3278,"Emily","Martinez",1987,17314,2,2,2,2,0.999606254813491
3280,"John","Davis",1980,15825,2,0,2,2,0.9851868388166
3281,"Jane","Williams",1988,17703,2,2,2,2,0.999606254813491
3283,"Emily","Williams",1981,10370,2,0,2,2,0.9851868388166
3284,"James","Rodriguez",1997,10897,2,0,2,2,0.9851868388166
3286,"John","Jones",1994,12418,2,2,2,2,0.999606254813491
3287,"Emily","Brown",1998,18998,2,2,2,2,0.999606254813491
3288,"Olivia","Garcia",1983,19350,2,2,0,2,0.953764941384782
3289,"Michael","Martinez",1977,12901,2,2,2,2,0.999606254813491
3290,"Emily","Smith",1990,19265,2,2,2,2,0.999606254813491
3291,"John","Brown",1999,10938,0,2,2,2,0.985296268614473
3292,"William","Johnson",1988,12557,2,2,2,2,0.999606254813491
3293,"Jane","Garcia",1970,11210,2,2,0,2,0.953764941384782
3294,"Emily","Martinez",1972,12850,2,2,0,2,0.953764941384782
3295,"Olivia","Rodriguez",2000,14716,2,2,2,2,0.999606254813491
3296,"Sarah","Rodriguez",1985,15254,0,2,2,2,0.985296268614473
3297,"David","Garcia",1997,15560,2,2,2,2,0.999606254813491
3298,"Michael","Davis",1975,12860,2,0,2,2,0.9851868388166
3300,"Jane","Davis",1988,10173,0,2,2,2,0.985296268614473
3301,"Emma","Johnson",1977,16482,2,2,0,2,0.953764941384782
3303,"Olivia","Jones",1984,18516,0,2,2,2,0.985296268614473
3304,"Olivia","Smith",1980,18131,2,2,2,2,0.999606254813491
3305,"James","Williams",1980,14184,2,2,2,2,0.999606254813491
3306,"William","Garcia",1974,19286,2,2,2,2,0.999606254813491
3307,"David","Jones",1995,17207,2,2,2,2,0.999606254813491
3308,"Michael","Williams",1973,18714,2,2,2,2,0.999606254813491
3309,"David","Martinez",1981,15049,2,2,0,2,0.953764941384782
3310,"Sarah","Martinez",1976,16790,2,2,2,2,0.999606254813491
3311,"Emily","Brown",1990,11663,2,2,2,2,0.999606254813491
3312,"Michael","Johnson",1971,15706,0,2,2,2,0.985296268614473
3313,"William","Miller",1992,13450,0,2,2,2,0.985296268614473
3314,"James","Davis",1977,18874,0,2,2,2,0.985296268614473
3315,"Emma","Miller",1989,12816,0,2,2,2,0.985296268614473
3316,"Sarah","Williams",1974,12174,2,2,2,2,0.999606254813491
3318,"Emma","Miller",1985,11571,2,2,2,2,0.999606254813491
3319,"Emily","Smith",1995,12123,2,0,2,2,0.9851868388166
3320,"Jane","Williams",1979,18496,2,2,2,2,0.999606254813491
3321,"Jane","Rodriguez",1992,15830,2,0,2,2,0.9851868388166
3323,"Michael","Jones",1972,19429,2,2,2,2,0.999606254813491
3324,"Olivia","Johnson",1999,19823,2,2,2,2,0.999606254813491
3326,"Jane","Williams",1976,11943,2,2,2,2,0.999606254813491
3327,"Sarah","Miller",1975,10230,2,2,2,2,0.999606254813491
3328,"David","Davis",1994,13495,2,2,2,2,0.999606254813491
3331,"Emma","Williams",1989,14462,2,2,2,2,0.999606254813491
3332,"David","Brown",1975,18685,2,2,2,2,0.999606254813491
3334,"David","Martinez",1970,16632,2,2,2,2,0.999606254813491
3336,"James","Williams",1980,19342,2,2,2,2,0.999606254813491
3337,"William","Williams",1989,10270,2,2,2,2,0.999606254813491
3338,"Michael","Brown",1990,19254,2,0,2,2,0.9851868388166
3339,"Olivia","Miller",1989,18396,2,0,2,2,0.9851868388166
3340,"John","Smith",1978,11195,2,2,2,2,0.999606254813491
3341,"John","Brown",1992,13653,2,2,2,2,0.999606254813491
3342,"Emily","Williams",1976,12810,2,2,2,2,0.999606254813491
3343,"James","Davis",1990,19024,2,2,2,2,0.999606254813491
3344,"Olivia","Miller",1974,14283,2,2,2,2,0.999606254813491
3345,"Sarah","Miller",1990,18189,2,2,2,2,0.999606254813491
3346,"Jane","Johnson",1994,15553,2,2,0,2,0.953764941384782
3347,"Jane","Smith",1980,17441,2,2,2,2,0.999606254813491
3348,"David","Williams",1994,19606,0,2,2,2,0.985296268614473
3349,"David","Johnson",1982,15675,2,2,2,2,0.999606254813491
3350,"Michael","Martinez",1992,16590,0,2,2,2,0.985296268614473
3351,"Sarah","Davis",1980,18473,2,2,2,2,0.999606254813491
3352,"William","Davis",1989,14255,2,0,2,2,0.9851868388166
3354,"Emily","Johnson",1992,14369,2,2,0,2,0.953764941384782
3355,"Emma","Miller",2000,14595,2,2,2,2,0.999606254813491
3356,"Michael","Davis",1997,18746,0,2,2,2,0.985296268614473
3357,"John","Brown",1993,10231,2,2,2,2,0.999606254813491
3358,"Emily","Garcia",1981,14146,2,2,2,2,0.999606254813491
3359,"Sarah","Jones",1981,17358,2,2,2,2,0.999606254813491
3360,"Jane","Jones",1993,13786,2,2,0,2,0.953764941384782
3361,"John","Martinez",1988,10585,2,2,2,2,0.999606254813491
3362,"Michael","Brown",1972,18648,2,2,2,2,0.999606254813491
3363,"Emma","Davis",1978,15108,0,2,2,2,0.985296268614473
3365,"John","Martinez",1974,12374,2,2,2,2,0.999606254813491
3366,"John","Williams",1987,17014,2,2,2,2,0.999606254813491
3367,"David","Smith",1984,11609,2,0,2,2,0.9851868388166
3368,"David","Johnson",1986,11690,2,0,2,2,0.9851868388166
3369,"Emma","Williams",1988,16120,2,2,2,2,0.999606254813491
3370,"Sarah","Davis",1978,14482,0,2,2,2,0.985296268614473
3371,"Emma","Garcia",1989,19909,2,0,2,2,0.9851868388166
3372,"William","Miller",1972,14167,2,2,0,2,0.953764941384782
3373,"William","Miller",1981,13739,2,2,2,2,0.999606254813491
3374,"Sarah","Miller",1980,19620,2,2,2,2,0.999606254813491
3376,"James","Miller",1986,14356,2,2,2,2,0.999606254813491
3378,"David","Smith",1992,12049,2,2,2,2,0.999606254813491
3379,"John","Miller",1992,18467,2,0,2,2,0.9851868388166
3380,"Olivia","Martinez",1997,10663,2,2,2,2,0.999606254813491
3381,"Emma","Martinez",1972,12056,0,2,2,2,0.985296268614473
3382,"Michael","Johnson",1990,18491,2,2,2,2,0.999606254813491
3383,"David","Martinez",1994,11514,2,2,2,2,0.999606254813491
3385,"Emily","Brown",1982,10113,2,2,2,2,0.999606254813491
3387,"Jane","Johnson",1988,17213,2,2,2,2,0.999606254813491
3388,"James","Williams",1971,16432,0,2,2,2,0.985296268614473
3389,"David","Rodriguez",1980,11811,2,2,2,2,0.999606254813491
3391,"John","Johnson",1979,11854,2,2,2,2,0.999606254813491
3392,"Emma","Miller",1973,15777,0,2,2,2,0.985296268614473
3396,"Jane","Brown",1999,16554,2,2,2,2,0.999606254813491
3397,"Emma","Jones",1995,16056,2,0,2,2,0.9851868388166
3398,"Michael","Smith",1975,11973,2,0,2,2,0.9851868388166
3399,"Sarah","Williams",1974,14870,2,2,2,2,0.999606254813491
3401,"Emily","Smith",1995,16419,2,2,2,2,0.999606254813491
3402,"Emma","Johnson",1994,14314,2,2,2,2,0.999606254813491
3403,"Emily","Rodriguez",1992,17288,2,2,0,2,0.953764941384782
3404,"Olivia","Martinez",1974,16532,2,2,2,2,0.999606254813491
3405,"James","Martinez",1977,12633,2,0,2,2,0.9851868388166
3406,"David","Martinez",1998,10065,0,2,2,2,0.985296268614473
3407,"Michael","Brown",1972,15699,0,2,2,2,0.985296268614473
3408,"David","Williams",1989,15687,0,2,2,2,0.985296268614473
3409,"William","Garcia",1970,15752,2,2,0,2,0.953764941384782
3410,"James","Rodriguez",1994,16553,2,2,2,2,0.999606254813491
3411,"Emma","Miller",1977,19711,0,2,2,2,0.985296268614473
3412,"Sarah","Jones",1980,17101,2,2,0,2,0.953764941384782
3414,"Michael","Garcia",1983,16612,0,2,2,2,0.985296268614473
3415,"Michael","Martinez",1999,14596,2,2,0,2,0.953764941384782
3416,"Emma","Miller",1978,10903,2,2,2,2,0.999606254813491
3418,"Jane","Jones",1975,19254,2,0,2,2,0.9851868388166
3420,"Michael","Smith",1993,10544,2,2,0,2,0.953764941384782
3421,"James","Brown",1987,13007,2,2,2,2,0.999606254813491
3422,"Sarah","Williams",1973,14024,2,2,2,2,0.999606254813491
3423,"Jane","Jones",1985,11982,0,2,2,2,0.985296268614473
3424,"Michael","Brown",1996,13840,2,0,2,2,0.9851868388166
3425,"Jane","Garcia",1993,18514,2,2,2,2,0.999606254813491
3426,"Jane","Martinez",1970,14259,2,2,2,2,0.999606254813491
3427,"Sarah","Martinez",1971,19396,2,2,2,2,0.999606254813491
3428,"John","Smith",1979,13442,2,0,2,2,0.9851868388166
3429,"Emma","Jones",1972,15294,2,2,0,2,0.953764941384782
3432,"Michael","Miller",1996,10843,2,2,0,2,0.953764941384782
3433,"Michael","Jones",1994,17017,2,0,2,2,0.9851868388166
3434,"Jane","Brown",1972,14733,2,0,2,2,0.9851868388166
3435,"John","Garcia",1993,18148,2,0,2,2,0.9851868388166
3436,"Emma","Williams",1987,18420,0,2,2,2,0.985296268614473
3437,"Emma","Davis",1994,13493,2,0,2,2,0.9851868388166
3438,"William","Garcia",1999,17571,2,2,2,2,0.999606254813491
3439,"Emma","Williams",1997,17790,2,0,2,2,0.9851868388166
3440,"Olivia","Rodriguez",1983,17341,2,2,2,2,0.999606254813491
3441,"John","Rodriguez",1992,13206,2,2,2,2,0.999606254813491
3442,"James","Garcia",1993,18509,2,2,2,2,0.999606254813491
3443,"William","Rodriguez",1986,15428,2,2,0,2,0.953764941384782
3444,"Sarah","Rodriguez",1979,10414,2,0,2,2,0.9851868388166
3445,"Jane","Rodriguez",1998,13479,2,2,2,2,0.999606254813491
3446,"Sarah","Rodriguez",1995,15942,2,2,2,2,0.999606254813491
3447,"Jane","Johnson",1998,11378,2,2,2,2,0.999606254813491
3448,"Emily","Martinez",1977,10152,0,2,2,2,0.985296268614473
3449,"Jane","Jones",1992,10299,2,2,2,2,0.999606254813491
3451,"Sarah","Smith",1970,15854,2,2,2,2,0.999606254813491
3452,"Michael","Garcia",1973,13176,2,2,0,2,0.953764941384782
3453,"Jane","Miller",1996,13548,2,2,2,2,0.999606254813491
3455,"Emily","Davis",1994,11301,2,2,2,2,0.999606254813491
3456,"James","Jones",1989,16207,2,0,2,2,0.9851868388166
3457,"Sarah","Brown",1988,18312,2,2,0,2,0.953764941384782
3458,"Jane","Garcia",2000,16348,2,2,2,2,0.999606254813491
3459,"John","Garcia",1991,12032,2,2,2,2,0.999606254813491
3460,"James","Miller",1995,17203,2,2,2,2,0.999606254813491
3461,"Emma","Miller",1992,12393,2,2,2,2,0.999606254813491
3462,"Sarah","Miller",1988,13392,2,2,2,2,0.999606254813491
3463,"Emma","Miller",1971,15749,2,2,2,2,0.999606254813491
3464,"Emily","Johnson",1986,18806,2,2,2,2,0.999606254813491
3465,"David","Garcia",1978,17606,2,2,2,2,0.999606254813491
3466,"Jane","Johnson",1991,18398,2,2,0,2,0.953764941384782
3468,"David","Garcia",1991,17426,0,2,2,2,0.985296268614473
3469,"David","Johnson",1988,18123,2,2,2,2,0.999606254813491
3470,"James","Rodriguez",1991,12887,2,0,2,2,0.9851868388166
3471,"William","Brown",1992,11612,2,2,2,2,0.999606254813491
3472,"Jane","Rodriguez",1999,14511,2,0,2,2,0.9851868388166
3473,"Olivia","Smith",1970,14055,2,2,2,2,0.999606254813491
3475,"Olivia","Miller",1977,11314,2,0,2,2,0.9851868388166
3476,"Olivia","Jones",1999,11975,2,2,2,2,0.999606254813491
3477,"James","Brown",1989,13894,2,2,2,2,0.999606254813491
3478,"Olivia","Brown",1984,10519,2,2,0,2,0.953764941384782
3479,"Olivia","Davis",1985,11916,2,2,0,2,0.953764941384782
3480,"William","Williams",1973,13883,0,2,2,2,0.985296268614473
3481,"John","Brown",1994,12484,2,2,2,2,0.999606254813491
3483,"James","Martinez",2000,14671,2,0,2,2,0.9851868388166
3484,"William","Jones",1993,11758,2,2,2,2,0.999606254813491
3485,"Sarah","Smith",1982,11236,2,2,0,2,0.953764941384782
3486,"Michael","Rodriguez",1974,14305,2,2,2,2,0.999606254813491
3487,"Emily","Smith",1971,14598,2,2,2,2,0.999606254813491
3488,"William","Johnson",1989,14305,0,2,2,2,0.985296268614473
3489,"Emily","Smith",1970,10165,2,2,2,2,0.999606254813491
3490,"Emily","Garcia",1984,12681,2,2,0,2,0.953764941384782
3491,"William","Davis",1978,10254,2,2,2,2,0.999606254813491
3492,"John","Miller",1982,14064,2,0,2,2,0.9851868388166
3493,"William","Smith",1989,11514,0,2,2,2,0.985296268614473
3495,"Emma","Williams",1986,15996,2,0,2,2,0.9851868388166
3496,"David","Martinez",1980,12455,2,2,0,2,0.953764941384782
3497,"John","Williams",1999,10669,2,2,2,2,0.999606254813491
3498,"Michael","Miller",1981,17110,2,0,2,2,0.9851868388166
3499,"William","Williams",1995,18245,2,0,2,2,0.9851868388166
3500,"John","Garcia",1998,18673,0,2,2,2,0.985296268614473
3501,"William","Jones",1985,17115,2,2,2,2,0.999606254813491
3502,"Emma","Williams",1986,15178,2,0,2,2,0.9851868388166
3503,"Jane","Brown",1979,15128,2,2,2,2,0.999606254813491
3505,"Olivia","Davis",1988,15229,2,2,2,2,0.999606254813491
3506,"James","Jones",1997,12247,2,2,2,2,0.999606254813491
3507,"William","Garcia",1982,18562,2,2,2,2,0.999606254813491
3508,"John","Williams",1998,16571,2,2,2,2,0.999606254813491
3510,"William","Williams",1988,15002,2,2,2,2,0.999606254813491
3511,"John","Garcia",1979,18926,2,2,2,2,0.999606254813491
3513,"Michael","Smith",1975,19693,2,2,2,2,0.999606254813491
3514,"Emma","Williams",1987,16141,2,2,2,2,0.999606254813491
3515,"John","Jones",1995,19315,2,2,2,2,0.999606254813491
3516,"Michael","Martinez",1974,19954,2,2,0,2,0.953764941384782
3517,"James","Rodriguez",1994,15514,2,0,2,2,0.9851868388166
3518,"Emily","Williams",1999,17689,0,2,2,2,0.985296268614473
3519,"Emily","Jones",1993,12361,2,2,2,2,0.999606254813491
3520,"Emma","Martinez",1980,10447,0,2,2,2,0.985296268614473
3521,"Michael","Jones",1974,17905,2,2,0,2,0.953764941384782
3523,"David","Johnson",1990,19524,2,2,0,2,0.953764941384782
3524,"Jane","Smith",1995,15475,2,2,2,2,0.999606254813491
3525,"Olivia","Smith",1986,17954,2,0,2,2,0.9851868388166
3526,"Emily","Brown",1991,12396,2,0,2,2,0.9851868388166
3527,"William","Johnson",1971,16568,2,0,2,2,0.9851868388166
3529,"Emily","Garcia",1984,11647,2,2,2,2,0.999606254813491
3531,"William","Jones",1975,15996,2,2,2,2,0.999606254813491
3532,"Emma","Smith",1997,10161,2,2,0,2,0.953764941384782
3533,"Michael","Miller",1976,11701,2,0,2,2,0.9851868388166
3534,"Emma","Miller",1973,16639,2,2,2,2,0.999606254813491
3535,"William","Miller",1992,10221,2,2,2,2,0.999606254813491
3539,"William","Johnson",1997,13994,2,2,2,2,0.999606254813491
2441,"David","Johnson",1979,12953,2,2,2,2,0.999606254813491
3540,"David","Johnson",1979,12953,2,2,2,2,0.999606254813491
3541,"John","Jones",1985,14168,2,2,0,2,0.953764941384782
3542,"Jane","Williams",1995,19490,2,2,2,2,0.999606254813491
3543,"David","Williams",1977,16029,2,2,2,2,0.999606254813491
3544,"Sarah","Rodriguez",1996,18617,2,2,0,2,0.953764941384782
3545,"Sarah","Davis",1984,18217,2,0,2,2,0.9851868388166
3546,"John","Williams",1979,11596,2,2,2,2,0.999606254813491
3548,"Emma","Garcia",1991,14595,2,2,0,2,0.953764941384782
3549,"Emily","Jones",1989,17182,2,2,2,2,0.999606254813491
3550,"James","Martinez",1997,19091,2,0,2,2,0.9851868388166
3551,"James","Johnson",1993,16935,2,2,2,2,0.999606254813491
3552,"Emily","Williams",1998,10935,0,2,2,2,0.985296268614473
3553,"John","Williams",1979,14510,2,2,2,2,0.999606254813491
3554,"Michael","Rodriguez",1974,14310,2,2,2,2,0.999606254813491
3555,"Michael","Garcia",1985,17676,2,2,2,2,0.999606254813491
3556,"Sarah","Brown",1991,16136,0,2,2,2,0.985296268614473
3557,"Sarah","Davis",1992,13740,2,2,0,2,0.953764941384782
3558,"David","Jones",1971,14175,2,0,2,2,0.9851868388166
3559,"William","Rodriguez",1972,10585,0,2,2,2,0.985296268614473
3560,"Olivia","Smith",1986,16177,2,2,0,2,0.953764941384782
3561,"James","Brown",1973,11500,0,2,2,2,0.985296268614473
3562,"William","Rodriguez",1995,15823,2,2,0,2,0.953764941384782
3563,"Sarah","Smith",1986,15985,2,2,2,2,0.999606254813491
3564,"Olivia","Johnson",1974,10941,2,0,2,2,0.9851868388166
3565,"Olivia","Smith",1970,17254,2,2,2,2,0.999606254813491
3566,"Olivia","Jones",2000,16962,0,2,2,2,0.985296268614473
3567,"Michael","Rodriguez",1973,15665,2,0,2,2,0.9851868388166
3568,"Michael","Miller",1986,19901,2,2,2,2,0.999606254813491
3569,"William","Rodriguez",1987,16053,2,0,2,2,0.9851868388166
3570,"Emma","Brown",1978,14729,2,2,2,2,0.999606254813491
3571,"Emily","Brown",1994,10955,2,2,2,2,0.999606254813491
3572,"William","Smith",1981,17633,2,0,2,2,0.9851868388166
3573,"David","Johnson",1981,14665,2,0,2,2,0.9851868388166
3574,"John","Miller",1993,17422,2,2,2,2,0.999606254813491
3575,"John","Smith",1993,11995,2,2,0,2,0.953764941384782
3577,"John","Martinez",1998,14005,2,2,2,2,0.999606254813491
3578,"Jane","Brown",1991,16688,2,0,2,2,0.9851868388166
3579,"Emily","Smith",1974,18887,0,2,2,2,0.985296268614473
3580,"James","Smith",1984,17156,2,0,2,2,0.9851868388166
3581,"Jane","Williams",1985,11488,0,2,2,2,0.985296268614473
3582,"Olivia","Rodriguez",1981,10177,2,0,2,2,0.9851868388166
3583,"Michael","Williams",1974,18640,0,2,2,2,0.985296268614473
3585,"Sarah","Garcia",1986,17515,2,2,2,2,0.999606254813491
3586,"Olivia","Rodriguez",1988,10025,2,2,2,2,0.999606254813491
3587,"John","Williams",1999,14435,2,2,2,2,0.999606254813491
3588,"Sarah","Martinez",1975,10107,2,2,2,2,0.999606254813491
3589,"James","Miller",1984,17174,2,0,2,2,0.9851868388166
3590,"David","Miller",1977,12371,2,2,2,2,0.999606254813491
3591,"John","Williams",1984,18432,0,2,2,2,0.985296268614473
3592,"Sarah","Garcia",1983,18345,2,0,2,2,0.9851868388166
3593,"Emma","Martinez",1991,11539,2,2,2,2,0.999606254813491
3594,"Jane","Johnson",1986,11361,2,2,0,2,0.953764941384782
3595,"James","Miller",1999,11960,2,2,2,2,0.999606254813491
3596,"Emily","Smith",1991,17501,2,2,2,2,0.999606254813491
3598,"James","Rodriguez",1992,15433,2,2,2,2,0.999606254813491
3599,"Olivia","Rodriguez",1998,17699,2,0,2,2,0.9851868388166
3600,"David","Williams",1992,18515,2,2,2,2,0.999606254813491
3601,"Olivia","Williams",1973,13145,2,2,0,2,0.953764941384782
3602,"Emily","Smith",1984,11462,0,2,2,2,0.985296268614473
3603,"Emily","Garcia",2000,12075,2,2,2,2,0.999606254813491
3604,"Jane","Rodriguez",1971,13459,2,2,2,2,0.999606254813491
3605,"Michael","Garcia",1998,15671,2,0,2,2,0.9851868388166
3606,"Emily","Williams",1976,16839,2,0,2,2,0.9851868388166
3607,"David","Williams",1989,12564,2,2,2,2,0.999606254813491
3608,"Emma","Smith",1979,16791,2,2,2,2,0.999606254813491
3609,"Michael","Jones",1986,13802,2,2,2,2,0.999606254813491
3610,"John","Martinez",1976,18215,2,0,2,2,0.9851868388166
3611,"Jane","Martinez",1999,12080,2,2,2,2,0.999606254813491
3612,"Michael","Brown",1972,19325,2,0,2,2,0.9851868388166
3613,"William","Miller",1974,10702,2,2,2,2,0.999606254813491
3614,"Michael","Davis",1989,14580,2,2,2,2,0.999606254813491
3616,"William","Martinez",1995,17150,2,2,2,2,0.999606254813491
3617,"Olivia","Jones",1970,11364,2,2,2,2,0.999606254813491
3618,"Emily","Martinez",1983,16635,2,2,2,2,0.999606254813491
3619,"Emma","Williams",1988,17870,2,2,0,2,0.953764941384782
3620,"John","Garcia",1973,19358,2,2,2,2,0.999606254813491
3622,"Emily","Johnson",1978,18845,2,2,2,2,0.999606254813491
3623,"Olivia","Jones",1979,15126,2,2,0,2,0.953764941384782
3624,"Jane","Brown",1992,12856,2,0,2,2,0.9851868388166
3625,"Michael","Miller",1996,13594,0,2,2,2,0.985296268614473
3626,"Sarah","Johnson",1987,17163,2,2,2,2,0.999606254813491
3627,"Sarah","Brown",2000,17773,0,2,2,2,0.985296268614473
3628,"Jane","Williams",1992,15336,2,2,2,2,0.999606254813491
3629,"James","Rodriguez",1997,17876,2,2,2,2,0.999606254813491
3632,"David","Miller",1975,10474,2,2,2,2,0.999606254813491
3633,"Jane","Johnson",1985,13403,2,0,2,2,0.9851868388166
3634,"Michael","Williams",1971,15529,2,2,2,2,0.999606254813491
3636,"Emily","Jones",1972,14452,2,0,2,2,0.9851868388166
3637,"John","Johnson",1990,16822,2,2,0,2,0.953764941384782
3638,"Sarah","Johnson",1992,19348,2,0,2,2,0.9851868388166
3639,"Michael","Smith",1995,19169,2,2,2,2,0.999606254813491
3641,"John","Miller",1987,12254,0,2,2,2,0.985296268614473
3642,"Sarah","Smith",1992,18574,0,2,2,2,0.985296268614473
3643,"Michael","Davis",1991,17342,2,2,2,2,0.999606254813491
3644,"Olivia","Garcia",1979,15936,2,2,2,2,0.999606254813491
3645,"James","Smith",1973,18462,2,2,2,2,0.999606254813491
3647,"William","Martinez",2000,10263,2,2,2,2,0.999606254813491
3648,"Jane","Williams",1981,19994,2,2,2,2,0.999606254813491
3649,"Olivia","Davis",1981,13582,2,0,2,2,0.9851868388166
3650,"Olivia","Johnson",1976,14400,2,2,2,2,0.999606254813491
3652,"Jane","Rodriguez",2000,15094,2,0,2,2,0.9851868388166
3653,"David","Martinez",1987,16852,2,2,2,2,0.999606254813491
3655,"James","Rodriguez",1991,18221,2,2,0,2,0.953764941384782
3656,"Michael","Brown",2000,14897,2,0,2,2,0.9851868388166
3657,"Olivia","Johnson",1993,19100,2,0,2,2,0.9851868388166
3658,"David","Williams",1990,17062,2,2,2,2,0.999606254813491
3659,"John","Jones",1991,17631,0,2,2,2,0.985296268614473
3661,"Olivia","Rodriguez",1976,10325,2,2,2,2,0.999606254813491
3662,"David","Jones",1970,11012,2,2,2,2,0.999606254813491
3663,"David","Garcia",1972,19127,2,0,2,2,0.9851868388166
3665,"Jane","Rodriguez",1975,14032,2,2,2,2,0.999606254813491
3666,"Olivia","Johnson",1988,17827,0,2,2,2,0.985296268614473
3667,"Sarah","Garcia",1992,19619,2,2,0,2,0.953764941384782
3668,"Emma","Davis",1999,13076,2,2,0,2,0.953764941384782
3669,"William","Garcia",1988,19439,2,0,2,2,0.9851868388166
3670,"James","Smith",1974,10782,0,2,2,2,0.985296268614473
3671,"David","Miller",1993,10111,2,2,2,2,0.999606254813491
3672,"Emma","Miller",1987,12327,2,0,2,2,0.9851868388166
3673,"Olivia","Jones",1987,13080,2,0,2,2,0.9851868388166
3674,"John","Martinez",2000,16460,2,2,2,2,0.999606254813491
3675,"Jane","Garcia",2000,12429,2,0,2,2,0.9851868388166
3677,"John","Johnson",1978,14620,2,2,2,2,0.999606254813491
3678,"Michael","Martinez",1973,18976,2,0,2,2,0.9851868388166
3679,"Michael","Martinez",1986,13229,2,0,2,2,0.9851868388166
3680,"Michael","Williams",1982,19350,2,2,2,2,0.999606254813491
3681,"Olivia","Miller",1978,10412,0,2,2,2,0.985296268614473
3683,"Jane","Jones",1980,12676,2,0,2,2,0.9851868388166
3684,"Olivia","Johnson",1977,18494,0,2,2,2,0.985296268614473
3685,"Emma","Garcia",1994,18258,2,2,2,2,0.999606254813491
3686,"James","Williams",1986,13870,2,2,2,2,0.999606254813491
3687,"Jane","Williams",1993,13381,0,2,2,2,0.985296268614473
3688,"Michael","Miller",1993,10954,2,2,2,2,0.999606254813491
3690,"Emma","Rodriguez",1971,17883,2,2,2,2,0.999606254813491
3691,"David","Brown",1994,16713,2,2,2,2,0.999606254813491
3692,"David","Garcia",1990,13642,2,2,0,2,0.953764941384782
3694,"Emma","Garcia",1988,16163,2,2,2,2,0.999606254813491
3695,"Emily","Davis",1992,15303,2,0,2,2,0.9851868388166
3696,"Sarah","Johnson",1993,15379,2,2,0,2,0.953764941384782
3697,"William","Davis",1985,17396,2,2,2,2,0.999606254813491
3698,"Emma","Johnson",1992,10581,0,2,2,2,0.985296268614473
3699,"Olivia","Johnson",1985,19881,2,2,2,2,0.999606254813491
3700,"Michael","Miller",1998,11473,2,2,0,2,0.953764941384782
3701,"Sarah","Martinez",1983,13092,2,0,2,2,0.9851868388166
3703,"Michael","Martinez",1975,13758,2,2,2,2,0.999606254813491
3704,"Jane","Davis",1993,12997,2,2,2,2,0.999606254813491
3705,"Sarah","Garcia",1981,15058,2,2,2,2,0.999606254813491
3706,"John","Martinez",1980,19166,0,2,2,2,0.985296268614473
3707,"Jane","Jones",1987,12209,0,2,2,2,0.985296268614473
3708,"John","Williams",1994,15132,2,2,2,2,0.999606254813491
3711,"Jane","Jones",1988,15282,2,2,2,2,0.999606254813491
3712,"Jane","Martinez",1981,17715,2,2,2,2,0.999606254813491
3713,"Jane","Martinez",1994,15694,2,0,2,2,0.9851868388166
3714,"Emma","Miller",1984,17352,2,2,2,2,0.999606254813491
3715,"James","Davis",1984,18365,2,2,2,2,0.999606254813491
3716,"James","Brown",1995,11274,2,2,2,2,0.999606254813491
3718,"Sarah","Brown",1986,13012,2,0,2,2,0.9851868388166
3719,"Emily","Martinez",1986,14692,0,2,2,2,0.985296268614473
3720,"Michael","Rodriguez",1975,10385,2,2,2,2,0.999606254813491
3721,"Olivia","Williams",1976,12458,2,2,2,2,0.999606254813491
3722,"Michael","Garcia",2000,13114,2,2,2,2,0.999606254813491
3723,"Emma","Smith",2000,17743,2,2,0,2,0.953764941384782
3724,"Michael","Davis",1997,11028,2,2,2,2,0.999606254813491
3725,"William","Williams",2000,12278,2,2,2,2,0.999606254813491
3726,"James","Jones",1998,13053,2,0,2,2,0.9851868388166
3727,"Michael","Williams",1971,13760,2,0,2,2,0.9851868388166
3729,"Michael","Davis",1979,12221,2,2,2,2,0.999606254813491
3730,"William","Smith",1985,19935,2,2,2,2,0.999606254813491
3732,"William","Davis",1976,19156,2,2,2,2,0.999606254813491
3733,"William","Williams",1982,12298,2,0,2,2,0.9851868388166
3734,"Sarah","Johnson",1987,15654,2,2,2,2,0.999606254813491
3736,"David","Johnson",1986,13579,2,2,2,2,0.999606254813491
3737,"Emily","Johnson",1987,16054,2,2,2,2,0.999606254813491
3739,"James","Garcia",1980,11886,2,2,2,2,0.999606254813491
3742,"William","Martinez",1997,15401,2,2,2,2,0.999606254813491
3744,"John","Smith",1979,12240,2,2,2,2,0.999606254813491
3747,"James","Rodriguez",1973,13445,2,2,2,2,0.999606254813491
3748,"John","Miller",1994,13628,2,2,2,2,0.999606254813491
3749,"Jane","Brown",1994,17728,2,0,2,2,0.9851868388166
3750,"John","Miller",1981,12168,2,2,0,2,0.953764941384782
3751,"James","Miller",1970,14622,0,2,2,2,0.985296268614473
3752,"Michael","Williams",1997,19080,2,2,2,2,0.999606254813491
3753,"Michael","Davis",1990,15811,2,0,2,2,0.9851868388166
3754,"William","Brown",1995,17784,2,2,2,2,0.999606254813491
3755,"Emma","Rodriguez",1996,10198,2,2,2,2,0.999606254813491
3756,"Emily","Smith",1992,16285,2,2,2,2,0.999606254813491
3757,"Jane","Garcia",1979,18059,2,2,2,2,0.999606254813491
3758,"Sarah","Garcia",1977,18969,2,2,0,2,0.953764941384782
3759,"John","Smith",1985,18192,2,2,0,2,0.953764941384782
3760,"Sarah","Brown",1990,12528,2,2,2,2,0.999606254813491
3762,"Michael","Johnson",1999,14162,2,2,0,2,0.953764941384782
3763,"James","Miller",1977,10123,2,2,2,2,0.999606254813491
3765,"Emily","Rodriguez",1994,14146,0,2,2,2,0.985296268614473
3766,"Michael","Smith",1987,12253,2,2,2,2,0.999606254813491
3767,"David","Williams",1986,11206,2,2,2,2,0.999606254813491
3768,"Michael","Johnson",1994,17512,2,2,2,2,0.999606254813491
3769,"William","Martinez",1995,16141,2,2,0,2,0.953764941384782
3771,"Michael","Jones",1992,13216,0,2,2,2,0.985296268614473
3772,"John","Jones",1987,13477,0,2,2,2,0.985296268614473
3773,"Emily","Davis",1997,13995,2,2,2,2,0.999606254813491
3774,"Sarah","Smith",1986,10088,0,2,2,2,0.985296268614473
3775,"David","Johnson",1974,11236,2,2,0,2,0.953764941384782
3776,"Olivia","Martinez",1995,15810,2,2,2,2,0.999606254813491
3777,"William","Martinez",1974,11786,2,2,0,2,0.953764941384782
3778,"Jane","Rodriguez",1971,14361,2,2,2,2,0.999606254813491
3779,"Emma","Williams",1989,18960,0,2,2,2,0.985296268614473
3780,"Olivia","Williams",1970,14885,2,2,0,2,0.953764941384782
3781,"John","Miller",1973,10850,2,2,2,2,0.999606254813491
3782,"Olivia","Jones",1997,15485,2,2,2,2,0.999606254813491
3783,"David","Rodriguez",1998,18768,2,2,0,2,0.953764941384782
3785,"Jane","Johnson",1995,10348,2,2,2,2,0.999606254813491
3786,"James","Miller",2000,13864,2,2,2,2,0.999606254813491
3787,"Emma","Martinez",1994,11475,2,2,2,2,0.999606254813491
3788,"Olivia","Williams",1995,19753,2,2,2,2,0.999606254813491
3789,"Olivia","Garcia",1999,19074,2,2,2,2,0.999606254813491
3791,"Sarah","Davis",1978,19082,2,0,2,2,0.9851868388166
3792,"William","Garcia",1987,17933,2,0,2,2,0.9851868388166
3794,"James","Jones",1997,10799,2,2,2,2,0.999606254813491
3795,"James","Brown",1992,18861,2,2,2,2,0.999606254813491
3796,"William","Brown",1990,16096,2,2,2,2,0.999606254813491
3797,"Jane","Davis",1981,19671,2,0,2,2,0.9851868388166
3798,"Sarah","Miller",1995,19701,2,2,2,2,0.999606254813491
3799,"John","Rodriguez",1981,11590,0,2,2,2,0.985296268614473
3800,"David","Martinez",1995,14936,2,0,2,2,0.9851868388166
3801,"Emma","Smith",1990,14252,2,2,2,2,0.999606254813491
3802,"Emma","Davis",1996,14598,2,0,2,2,0.9851868388166
3803,"Emily","Martinez",1992,19303,0,2,2,2,0.985296268614473
3804,"John","Smith",1980,17123,2,2,2,2,0.999606254813491
3805,"James","Davis",1978,15237,2,2,2,2,0.999606254813491
3806,"John","Williams",1987,17262,2,2,0,2,0.953764941384782
3807,"Jane","Williams",1978,10232,2,2,2,2,0.999606254813491
3808,"Jane","Johnson",1998,16988,0,2,2,2,0.985296268614473
3809,"Emily","Garcia",1980,12465,2,2,2,2,0.999606254813491
3810,"Olivia","Garcia",1987,16658,2,2,2,2,0.999606254813491
3811,"John","Davis",1995,16768,2,2,0,2,0.953764941384782
3813,"Emma","Brown",1978,16426,0,2,2,2,0.985296268614473
3815,"Jane","Martinez",1999,14276,2,2,2,2,0.999606254813491
3816,"William","Johnson",1982,14429,0,2,2,2,0.985296268614473
3818,"John","Garcia",1986,16112,2,2,2,2,0.999606254813491
3819,"John","Davis",1981,16216,2,0,2,2,0.9851868388166
3820,"Emily","Davis",1998,14228,2,2,2,2,0.999606254813491
3822,"David","Martinez",1988,18876,2,2,2,2,0.999606254813491
3823,"Jane","Garcia",1975,10062,2,2,2,2,0.999606254813491
3824,"Michael","Jones",1998,13693,0,2,2,2,0.985296268614473
3825,"Emily","Martinez",1988,13317,2,2,2,2,0.999606254813491
3826,"John","Johnson",1992,13804,2,2,2,2,0.999606254813491
3827,"John","Smith",1976,12494,2,2,2,2,0.999606254813491
3828,"Emily","Williams",1983,16638,2,2,2,2,0.999606254813491
3829,"Sarah","Smith",1984,18674,0,2,2,2,0.985296268614473
3830,"Emily","Williams",1986,17405,2,2,2,2,0.999606254813491
3831,"Sarah","Rodriguez",1989,16429,2,0,2,2,0.9851868388166
3832,"James","Johnson",1999,15137,0,2,2,2,0.985296268614473
3833,"Emily","Davis",1981,12923,2,0,2,2,0.9851868388166
3834,"Emily","Garcia",1986,10373,2,2,0,2,0.953764941384782
3835,"Sarah","Smith",1978,18882,0,2,2,2,0.985296268614473
3836,"Olivia","Smith",1977,13413,2,0,2,2,0.9851868388166
3837,"Jane","Martinez",1987,17526,2,2,0,2,0.953764941384782
3839,"John","Brown",1992,12259,2,2,2,2,0.999606254813491
3840,"Olivia","Rodriguez",1998,10243,2,2,2,2,0.999606254813491
3841,"Emma","Garcia",2000,10034,2,2,2,2,0.999606254813491
3842,"David","Davis",1987,15663,2,2,2,2,0.999606254813491
3843,"Emily","Williams",1971,16355,2,2,2,2,0.999606254813491
3844,"Emma","Johnson",1987,15729,2,2,0,2,0.953764941384782
3845,"Olivia","Martinez",1973,19337,0,2,2,2,0.985296268614473
3847,"Sarah","Davis",1996,18623,2,2,2,2,0.999606254813491
3848,"Jane","Brown",1996,12454,2,0,2,2,0.9851868388166
3849,"Olivia","Brown",1977,13549,2,0,2,2,0.9851868388166
3850,"John","Johnson",1984,13721,2,2,0,2,0.953764941384782
3851,"Emma","Smith",1999,15443,2,2,2,2,0.999606254813491
3852,"Emily","Smith",1998,10915,0,2,2,2,0.985296268614473
3853,"Michael","Jones",1986,10028,0,2,2,2,0.985296268614473
3854,"William","Smith",1983,19670,2,0,2,2,0.9851868388166
3855,"Jane","Jones",1992,12250,2,2,2,2,0.999606254813491
3856,"John","Martinez",1971,12243,2,2,0,2,0.953764941384782
3857,"Emma","Martinez",1982,16464,2,2,2,2,0.999606254813491
3860,"William","Brown",1994,16090,2,2,2,2,0.999606254813491
3861,"Jane","Garcia",1979,19851,2,2,2,2,0.999606254813491
3863,"Emma","Garcia",1988,18815,2,2,2,2,0.999606254813491
3864,"Olivia","Martinez",1988,19653,2,2,2,2,0.999606254813491
3865,"Michael","Garcia",1988,19857,2,2,2,2,0.999606254813491
3866,"David","Jones",1988,19388,0,2,2,2,0.985296268614473
3867,"James","Brown",1998,11202,2,2,2,2,0.999606254813491
3868,"Emma","Williams",1990,14517,0,2,2,2,0.985296268614473
3869,"David","Garcia",1981,15437,2,0,2,2,0.9851868388166
3870,"Sarah","Smith",1992,14358,2,2,0,2,0.953764941384782
3871,"William","Williams",1983,18913,2,2,2,2,0.999606254813491
3872,"John","Johnson",1970,17395,2,2,2,2,0.999606254813491
3873,"John","Davis",1983,12282,2,2,2,2,0.999606254813491
3875,"James","Jones",1997,10107,2,2,2,2,0.999606254813491
3876,"Emma","Rodriguez",1975,13063,2,2,2,2,0.999606254813491
3878,"Michael","Davis",1996,11495,2,2,0,2,0.953764941384782
3880,"Michael","Martinez",1984,12663,2,2,2,2,0.999606254813491
3881,"William","Davis",1983,19544,0,2,2,2,0.985296268614473
3882,"Sarah","Miller",1999,13629,2,2,2,2,0.999606254813491
3883,"Jane","Brown",1970,15372,0,2,2,2,0.985296268614473
3884,"William","Jones",1972,12608,2,0,2,2,0.9851868388166
3885,"John","Miller",1985,16748,0,2,2,2,0.985296268614473
3886,"Olivia","Brown",1975,18379,2,2,2,2,0.999606254813491
3887,"Emma","Smith",1978,19142,2,2,2,2,0.999606254813491
3888,"Sarah","Garcia",1985,18942,2,0,2,2,0.9851868388166
3891,"Jane","Brown",2000,18872,2,2,2,2,0.999606254813491
3892,"Olivia","Davis",1977,13450,2,2,2,2,0.999606254813491
3893,"Michael","Johnson",1988,19696,2,2,2,2,0.999606254813491
3894,"Jane","Davis",1971,15339,2,2,0,2,0.953764941384782
3895,"Michael","Davis",1991,15900,2,2,0,2,0.953764941384782
3896,"William","Rodriguez",1973,18308,0,2,2,2,0.985296268614473
3897,"Sarah","Davis",1997,11323,2,2,2,2,0.999606254813491
3899,"John","Williams",1970,13175,2,0,2,2,0.9851868388166
3900,"James","Brown",1987,15137,2,2,2,2,0.999606254813491
3901,"Emily","Jones",1985,11785,2,0,2,2,0.9851868388166
3902,"David","Johnson",1986,14176,2,2,0,2,0.953764941384782
3903,"Jane","Brown",1992,19548,2,2,2,2,0.999606254813491
3904,"Jane","Brown",1988,19115,2,2,2,2,0.999606254813491
3905,"Jane","Brown",1971,17318,0,2,2,2,0.985296268614473
3906,"John","Johnson",1972,11461,2,0,2,2,0.9851868388166
3907,"William","Garcia",1971,11418,2,2,2,2,0.999606254813491
3908,"James","Smith",1971,15795,2,0,2,2,0.9851868388166
3909,"William","Garcia",1971,16105,2,0,2,2,0.9851868388166
3910,"John","Brown",1993,13621,0,2,2,2,0.985296268614473
3911,"William","Garcia",1994,14651,0,2,2,2,0.985296268614473
3912,"James","Garcia",1972,13808,2,2,0,2,0.953764941384782
3913,"Michael","Martinez",1978,13695,0,2,2,2,0.985296268614473
3914,"John","Davis",1971,11517,2,2,2,2,0.999606254813491
3915,"John","Martinez",1995,11546,0,2,2,2,0.985296268614473
3916,"Jane","Johnson",1986,16180,2,0,2,2,0.9851868388166
3917,"Jane","Brown",1984,12089,2,2,2,2,0.999606254813491
3918,"Michael","Johnson",1978,12783,2,2,2,2,0.999606254813491
3919,"Sarah","Rodriguez",1998,16726,0,2,2,2,0.985296268614473
3920,"David","Garcia",2000,18067,2,2,2,2,0.999606254813491
3921,"William","Rodriguez",1994,17581,0,2,2,2,0.985296268614473
3922,"William","Rodriguez",1994,13398,2,2,2,2,0.999606254813491
3923,"David","Williams",1972,15098,0,2,2,2,0.985296268614473
3924,"Jane","Rodriguez",1991,19081,2,0,2,2,0.9851868388166
3925,"David","Brown",1985,14623,2,2,2,2,0.999606254813491
3926,"Emma","Jones",1997,16803,2,0,2,2,0.9851868388166
3927,"David","Garcia",1976,10261,2,2,2,2,0.999606254813491
3928,"James","Johnson",1987,11801,2,2,2,2,0.999606254813491
3929,"Olivia","Garcia",1978,17223,2,2,2,2,0.999606254813491
3930,"Emily","Garcia",1994,14401,2,0,2,2,0.9851868388166
3931,"James","Garcia",1994,16275,2,2,2,2,0.999606254813491
3933,"James","Rodriguez",1998,12494,2,2,2,2,0.999606254813491
3934,"Jane","Williams",1991,15320,2,2,0,2,0.953764941384782
3935,"Sarah","Jones",1984,11384,2,2,2,2,0.999606254813491
3936,"Michael","Williams",1980,16638,2,2,0,2,0.953764941384782
3938,"John","Johnson",1973,12985,2,2,2,2,0.999606254813491
3940,"Michael","Martinez",1978,12966,2,2,2,2,0.999606254813491
3941,"John","Davis",1974,11914,2,2,0,2,0.953764941384782
3942,"Jane","Smith",1983,14076,2,2,2,2,0.999606254813491
3943,"John","Brown",1983,16366,2,0,2,2,0.9851868388166
3945,"Olivia","Brown",1977,16688,2,2,2,2,0.999606254813491
3947,"Emma","Davis",1979,16705,2,2,2,2,0.999606254813491
3948,"Emily","Rodriguez",2000,14685,2,2,0,2,0.953764941384782
3949,"David","Miller",1998,17081,2,2,2,2,0.999606254813491
3950,"Sarah","Brown",1976,19350,2,2,2,2,0.999606254813491
3951,"David","Garcia",1977,15536,2,2,2,2,0.999606254813491
3952,"Emily","Brown",1984,16573,2,2,2,2,0.999606254813491
3953,"David","Williams",1986,11365,2,2,2,2,0.999606254813491
3954,"William","Davis",1976,17712,0,2,2,2,0.985296268614473
3955,"William","Williams",1989,16051,2,0,2,2,0.9851868388166
3956,"Olivia","Davis",1994,18772,2,2,0,2,0.953764941384782
3957,"Olivia","Davis",1976,17617,2,2,2,2,0.999606254813491
3958,"Olivia","Johnson",1981,10041,2,2,2,2,0.999606254813491
3959,"Jane","Garcia",1993,17067,0,2,2,2,0.985296268614473
3960,"Jane","Rodriguez",1985,14026,2,2,0,2,0.953764941384782
3961,"Olivia","Brown",1977,10424,2,2,2,2,0.999606254813491
3962,"Jane","Garcia",1974,19753,2,0,2,2,0.9851868388166
3963,"David","Miller",1991,11243,2,2,2,2,0.999606254813491
3964,"John","Brown",1986,18640,2,2,2,2,0.999606254813491
3965,"Sarah","Williams",1979,10309,2,2,2,2,0.999606254813491
3966,"Sarah","Smith",1983,17393,2,2,2,2,0.999606254813491
3967,"Olivia","Davis",1983,16547,0,2,2,2,0.985296268614473
3968,"Emma","Smith",1980,18559,2,0,2,2,0.9851868388166
3970,"Jane","Johnson",1976,13669,2,2,2,2,0.999606254813491
3971,"David","Davis",1990,11491,0,2,2,2,0.985296268614473
3972,"John","Davis",1980,18142,0,2,2,2,0.985296268614473
3973,"John","Davis",1977,16113,0,2,2,2,0.985296268614473
3975,"Michael","Brown",1984,11507,2,2,2,2,0.999606254813491
3976,"Sarah","Davis",1995,15454,0,2,2,2,0.985296268614473
3977,"Jane","Davis",1997,18553,2,2,2,2,0.999606254813491
3978,"Olivia","Williams",1987,19643,2,2,2,2,0.999606254813491
3979,"Olivia","Garcia",1989,12739,2,2,2,2,0.999606254813491
3980,"James","Davis",1980,16558,2,0,2,2,0.9851868388166
3982,"William","Rodriguez",1971,17929,0,2,2,2,0.985296268614473
3983,"John","Miller",1994,15726,2,2,2,2,0.999606254813491
3986,"William","Rodriguez",1988,15011,2,2,2,2,0.999606254813491
3987,"Emma","Garcia",1989,19782,2,2,2,2,0.999606254813491
3988,"Emily","Garcia",1987,13975,2,2,2,2,0.999606254813491
3989,"Michael","Johnson",1975,16328,2,0,2,2,0.9851868388166
3990,"Michael","Miller",1985,15532,2,2,2,2,0.999606254813491
3991,"William","Garcia",1990,14048,2,2,2,2,0.999606254813491
3992,"Emma","Garcia",1974,18901,2,2,0,2,0.953764941384782
3994,"William","Jones",1981,17077,0,2,2,2,0.985296268614473
3995,"William","Williams",1971,18705,2,2,0,2,0.953764941384782
3996,"James","Johnson",1977,12848,2,0,2,2,0.9851868388166
3997,"Emma","Miller",1995,13483,2,0,2,2,0.9851868388166
3998,"Jane","Martinez",1995,17454,2,2,2,2,0.999606254813491
3999,"David","Davis",1984,10556,2,2,0,2,0.953764941384782
4000,"Sarah","Miller",1992,15352,2,2,2,2,0.999606254813491
4001,"Olivia","Garcia",1992,16915,2,2,2,2,0.999606254813491
4003,"Sarah","Miller",1989,14866,2,0,2,2,0.9851868388166
4006,"David","Smith",1985,14313,2,0,2,2,0.9851868388166
4007,"Emily","Martinez",1986,19978,2,2,2,2,0.999606254813491
4008,"Emily","Miller",1981,13114,2,2,0,2,0.953764941384782
4010,"Olivia","Brown",1998,16889,2,2,2,2,0.999606254813491
4011,"John","Smith",1997,12312,2,2,2,2,0.999606254813491
4012,"David","Rodriguez",1991,14576,0,2,2,2,0.985296268614473
4013,"John","Jones",1993,12551,2,2,2,2,0.999606254813491
4015,"Jane","Rodriguez",1985,18646,0,2,2,2,0.985296268614473
4016,"Sarah","Davis",1996,18587,2,2,2,2,0.999606254813491
4017,"Emily","Smith",1999,16136,2,2,2,2,0.999606254813491
4018,"David","Smith",1973,17490,0,2,2,2,0.985296268614473
4019,"John","Smith",1973,11466,2,2,2,2,0.999606254813491
4020,"Jane","Johnson",1983,10869,2,2,2,2,0.999606254813491
4021,"Emma","Brown",1995,11914,2,0,2,2,0.9851868388166
4022,"Michael","Davis",1981,19363,2,2,0,2,0.953764941384782
4023,"James","Rodriguez",1978,15865,0,2,2,2,0.985296268614473
4024,"Emily","Miller",1980,17668,2,2,0,2,0.953764941384782
4025,"William","Smith",1970,11472,2,2,2,2,0.999606254813491
4026,"Jane","Garcia",1974,11645,0,2,2,2,0.985296268614473
4027,"Olivia","Johnson",1993,11048,2,2,0,2,0.953764941384782
4029,"John","Martinez",1991,17129,2,2,2,2,0.999606254813491
4030,"David","Miller",1978,19863,0,2,2,2,0.985296268614473
4031,"Emma","Martinez",1972,16299,0,2,2,2,0.985296268614473
4034,"John","Martinez",1971,10932,2,2,0,2,0.953764941384782
4035,"David","Johnson",1979,10922,2,2,0,2,0.953764941384782
4036,"Emily","Miller",2000,16997,2,2,2,2,0.999606254813491
4037,"Emma","Johnson",1974,16604,2,0,2,2,0.9851868388166
4038,"David","Garcia",1999,17160,0,2,2,2,0.985296268614473
4039,"Emily","Miller",1980,13450,2,2,2,2,0.999606254813491
4040,"Michael","Brown",1975,10655,2,2,2,2,0.999606254813491
4041,"John","Williams",1980,10883,2,0,2,2,0.9851868388166
4042,"Michael","Davis",1970,16167,2,0,2,2,0.9851868388166
4043,"James","Williams",1981,19607,2,2,2,2,0.999606254813491
4044,"William","Johnson",1980,15332,2,0,2,2,0.9851868388166
4045,"Jane","Martinez",1971,15521,2,0,2,2,0.9851868388166
4046,"Sarah","Davis",1990,14817,2,0,2,2,0.9851868388166
4047,"Jane","Garcia",1989,17309,2,2,2,2,0.999606254813491
4048,"John","Johnson",1987,19073,2,2,2,2,0.999606254813491
4049,"James","Williams",1982,14452,2,2,0,2,0.953764941384782
4050,"William","Garcia",1983,10545,0,2,2,2,0.985296268614473
4052,"William","Garcia",1974,16132,2,2,2,2,0.999606254813491
4053,"Sarah","Rodriguez",1975,19405,2,2,0,2,0.953764941384782
4054,"Emily","Martinez",1973,17691,2,2,2,2,0.999606254813491
4055,"Michael","Smith",1981,19127,2,2,2,2,0.999606254813491
4056,"Emma","Johnson",1996,15499,0,2,2,2,0.985296268614473
4057,"Emma","Johnson",1973,11213,2,0,2,2,0.9851868388166
4058,"John","Rodriguez",1984,10815,2,2,0,2,0.953764941384782
4059,"John","Rodriguez",1983,18512,2,0,2,2,0.9851868388166
4060,"James","Rodriguez",1970,16646,2,0,2,2,0.9851868388166
4061,"John","Williams",1994,16138,2,0,2,2,0.9851868388166
4062,"Olivia","Brown",2000,18000,2,2,2,2,0.999606254813491
4063,"Emma","Miller",1977,13217,0,2,2,2,0.985296268614473
4064,"Sarah","Garcia",1980,11130,2,2,2,2,0.999606254813491
4065,"James","Miller",1973,11363,2,2,2,2,0.999606254813491
4066,"William","Brown",1982,18770,2,2,2,2,0.999606254813491
4067,"Emma","Davis",1993,19816,2,2,2,2,0.999606254813491
4068,"Jane","Brown",1975,18622,2,0,2,2,0.9851868388166
4069,"James","Jones",1994,18101,2,2,2,2,0.999606254813491
4070,"Sarah","Miller",1983,16099,0,2,2,2,0.985296268614473
4071,"Emma","Garcia",1970,14631,2,2,0,2,0.953764941384782
4072,"William","Williams",1986,17920,2,2,2,2,0.999606254813491
4073,"James","Miller",1987,13212,2,2,2,2,0.999606254813491
4074,"Emma","Smith",1993,10350,2,2,2,2,0.999606254813491
4075,"Emily","Martinez",1991,15917,2,0,2,2,0.9851868388166
4076,"Jane","Miller",1988,17107,2,2,0,2,0.953764941384782
4077,"David","Jones",1989,15409,2,0,2,2,0.9851868388166
4078,"James","Williams",1973,13101,0,2,2,2,0.985296268614473
4079,"William","Brown",1984,17074,0,2,2,2,0.985296268614473
4080,"Jane","Miller",1996,14936,2,0,2,2,0.9851868388166
4081,"James","Davis",1977,15070,2,0,2,2,0.9851868388166
4082,"John","Johnson",1976,13993,2,2,2,2,0.999606254813491
4083,"Jane","Johnson",1972,17275,2,2,2,2,0.999606254813491
4084,"Michael","Martinez",1978,15934,0,2,2,2,0.985296268614473
4085,"Olivia","Smith",1993,12894,2,2,2,2,0.999606254813491
4086,"William","Smith",1989,12214,2,2,2,2,0.999606254813491
4087,"Jane","Davis",1986,10445,2,0,2,2,0.9851868388166
4088,"Emily","Jones",1988,12663,2,2,2,2,0.999606254813491
4089,"Olivia","Rodriguez",2000,16030,2,0,2,2,0.9851868388166
4090,"James","Brown",1989,16003,0,2,2,2,0.985296268614473
4091,"Michael","Garcia",1975,16294,0,2,2,2,0.985296268614473
4092,"Emma","Williams",1975,19976,2,2,0,2,0.953764941384782
4093,"William","Jones",1979,19217,2,0,2,2,0.9851868388166
4094,"James","Brown",1991,13881,2,2,2,2,0.999606254813491
4095,"Sarah","Garcia",1970,19723,2,0,2,2,0.9851868388166
4096,"Jane","Smith",1998,18369,0,2,2,2,0.985296268614473
4097,"William","Davis",1983,14846,2,2,2,2,0.999606254813491
4098,"Sarah","Williams",1973,14969,2,2,0,2,0.953764941384782
4100,"Jane","Jones",1975,16535,2,2,0,2,0.953764941384782
4103,"David","Johnson",1984,19443,2,2,0,2,0.953764941384782
4104,"William","Brown",1977,19527,2,2,2,2,0.999606254813491
4105,"James","Williams",1980,13153,2,2,0,2,0.953764941384782
4106,"Emily","Miller",1977,16415,2,2,2,2,0.999606254813491
4107,"Olivia","Garcia",1975,10770,2,2,2,2,0.999606254813491
4109,"Emma","Brown",1997,13233,2,0,2,2,0.9851868388166
4110,"Sarah","Johnson",1993,11460,2,2,2,2,0.999606254813491
4111,"James","Johnson",1984,17475,2,2,2,2,0.999606254813491
4112,"John","Davis",1990,17170,2,0,2,2,0.9851868388166
4114,"Michael","Smith",1980,12280,2,2,2,2,0.999606254813491
4115,"Olivia","Martinez",1998,11813,0,2,2,2,0.985296268614473
4116,"David","Jones",1994,10318,2,0,2,2,0.9851868388166
4117,"Olivia","Miller",1977,18715,2,2,2,2,0.999606254813491
4118,"John","Brown",1978,15759,0,2,2,2,0.985296268614473
4119,"John","Brown",1977,10516,2,0,2,2,0.9851868388166
4120,"David","Martinez",1980,16325,2,2,2,2,0.999606254813491
4121,"Olivia","Jones",1980,14547,2,2,2,2,0.999606254813491
4122,"Olivia","Brown",1987,16001,2,2,2,2,0.999606254813491
4123,"William","Martinez",1983,14193,2,2,2,2,0.999606254813491
4124,"James","Johnson",1996,17017,2,2,2,2,0.999606254813491
4125,"Emily","Davis",1994,12656,2,0,2,2,0.9851868388166
4126,"Michael","Rodriguez",1984,15553,2,2,2,2,0.999606254813491
4127,"Emily","Brown",1985,10844,2,2,0,2,0.953764941384782
4128,"John","Miller",1985,12949,2,2,2,2,0.999606254813491
4129,"William","Jones",1998,19682,2,0,2,2,0.9851868388166
4130,"Emma","Rodriguez",1989,17513,2,2,2,2,0.999606254813491
4132,"William","Martinez",1983,11053,2,0,2,2,0.9851868388166
4133,"Michael","Garcia",1971,13980,2,0,2,2,0.9851868388166
4134,"William","Martinez",1982,17834,2,2,2,2,0.999606254813491
4135,"David","Miller",1985,12747,2,2,2,2,0.999606254813491
4136,"David","Davis",1972,14191,2,2,2,2,0.999606254813491
4137,"Emily","Miller",1979,18007,2,2,2,2,0.999606254813491
4138,"Emily","Davis",1984,16336,2,2,2,2,0.999606254813491
4139,"Sarah","Williams",1990,17679,2,2,2,2,0.999606254813491
4140,"Olivia","Miller",1973,10805,2,2,0,2,0.953764941384782
4141,"Jane","Jones",1984,17158,0,2,2,2,0.985296268614473
4142,"Emma","Jones",1993,13114,2,2,2,2,0.999606254813491
4143,"Olivia","Johnson",1989,16950,2,2,2,2,0.999606254813491
4144,"Sarah","Rodriguez",1980,19534,2,2,2,2,0.999606254813491
4145,"David","Jones",2000,12916,2,0,2,2,0.9851868388166
4146,"Sarah","Smith",1998,18582,2,2,0,2,0.953764941384782
4147,"David","Johnson",1985,17154,2,2,2,2,0.999606254813491
4148,"Emma","Jones",1993,12314,2,2,2,2,0.999606254813491
4149,"John","Miller",1990,11052,0,2,2,2,0.985296268614473
4150,"Olivia","Rodriguez",1994,14337,2,2,2,2,0.999606254813491
4151,"Emma","Jones",1980,15036,2,2,2,2,0.999606254813491
4152,"Emma","Johnson",1985,16375,2,2,2,2,0.999606254813491
4153,"William","Johnson",1994,19207,2,2,2,2,0.999606254813491
4154,"John","Martinez",1994,16306,2,0,2,2,0.9851868388166
4155,"William","Jones",1970,17641,2,2,2,2,0.999606254813491
4156,"Olivia","Martinez",1984,19644,2,2,2,2,0.999606254813491
4158,"William","Garcia",1994,18157,0,2,2,2,0.985296268614473
4159,"Michael","Smith",1970,14048,0,2,2,2,0.985296268614473
4160,"Emily","Smith",1999,16324,2,0,2,2,0.9851868388166
4161,"Michael","Brown",1992,14973,2,2,0,2,0.953764941384782
4162,"John","Brown",1973,16255,2,2,2,2,0.999606254813491
4163,"Sarah","Miller",1989,18028,2,2,0,2,0.953764941384782
4164,"John","Johnson",1992,16143,2,0,2,2,0.9851868388166
4165,"Emma","Johnson",1988,13985,2,2,0,2,0.953764941384782
4166,"Michael","Martinez",1988,14451,0,2,2,2,0.985296268614473
4167,"Michael","Smith",1971,19640,2,2,2,2,0.999606254813491
4168,"John","Rodriguez",1998,17525,2,2,2,2,0.999606254813491
4169,"John","Brown",1986,17308,2,2,2,2,0.999606254813491
4171,"James","Williams",1980,14758,2,0,2,2,0.9851868388166
4172,"James","Martinez",1992,10093,2,2,2,2,0.999606254813491
4174,"James","Martinez",1992,17214,2,2,2,2,0.999606254813491
4175,"James","Smith",1985,11659,2,2,2,2,0.999606254813491
4176,"Emma","Martinez",1983,18611,2,0,2,2,0.9851868388166
4177,"Emma","Johnson",1990,19558,2,2,2,2,0.999606254813491
4178,"Michael","Martinez",1986,13811,0,2,2,2,0.985296268614473
4179,"Jane","Davis",1988,14446,2,0,2,2,0.9851868388166
4180,"Jane","Rodriguez",1999,19246,2,2,0,2,0.953764941384782
4181,"Jane","Johnson",1993,17961,2,2,2,2,0.999606254813491
4182,"Sarah","Smith",1977,12796,2,2,2,2,0.999606254813491
4183,"James","Miller",1973,12620,2,2,2,2,0.999606254813491
4184,"John","Martinez",1987,14724,2,2,2,2,0.999606254813491
4186,"Olivia","Davis",1999,12716,2,2,2,2,0.999606254813491
4187,"Jane","Garcia",1975,14155,2,0,2,2,0.9851868388166
4189,"John","Jones",1979,10125,2,2,2,2,0.999606254813491
4190,"William","Martinez",1986,18785,2,2,2,2,0.999606254813491
4191,"David","Brown",1974,19825,2,2,0,2,0.953764941384782
4192,"Olivia","Jones",1997,10540,2,0,2,2,0.9851868388166
4193,"David","Johnson",1975,14056,2,0,2,2,0.9851868388166
4194,"William","Davis",1987,16611,0,2,2,2,0.985296268614473
4195,"James","Martinez",1978,19550,2,2,2,2,0.999606254813491
4196,"David","Garcia",1984,16404,0,2,2,2,0.985296268614473
4198,"James","Rodriguez",1990,10113,2,2,2,2,0.999606254813491
4199,"Emma","Brown",1993,15030,0,2,2,2,0.985296268614473
4200,"Olivia","Miller",1998,14205,2,2,2,2,0.999606254813491
4201,"Olivia","Williams",1995,14306,2,2,0,2,0.953764941384782
4203,"Olivia","Martinez",1991,11766,2,2,0,2,0.953764941384782
4204,"Emily","Martinez",1976,19477,2,2,2,2,0.999606254813491
4205,"William","Brown",1970,13981,2,2,2,2,0.999606254813491
4206,"Sarah","Brown",1998,12291,2,2,2,2,0.999606254813491
4207,"Emily","Jones",1994,12266,2,2,0,2,0.953764941384782
4208,"Emily","Jones",1983,16255,2,2,2,2,0.999606254813491
4209,"John","Martinez",1993,15424,2,2,2,2,0.999606254813491
4210,"Sarah","Williams",1989,18783,2,2,2,2,0.999606254813491
4212,"John","Williams",1999,12876,2,2,2,2,0.999606254813491
4214,"Emma","Jones",1991,15485,2,2,2,2,0.999606254813491
4215,"David","Williams",1975,18618,0,2,2,2,0.985296268614473
4216,"John","Garcia",1970,19824,2,2,2,2,0.999606254813491
4217,"Emily","Miller",1991,16637,2,2,2,2,0.999606254813491
4218,"William","Jones",1980,13547,2,2,2,2,0.999606254813491
4219,"Emily","Davis",1982,12634,2,2,2,2,0.999606254813491
4220,"Emma","Johnson",1972,16912,2,2,2,2,0.999606254813491
4221,"Olivia","Miller",1997,11971,0,2,2,2,0.985296268614473
4222,"Olivia","Brown",1989,15857,2,0,2,2,0.9851868388166
4223,"Emma","Jones",2000,14217,2,2,2,2,0.999606254813491
4224,"Emily","Miller",1995,11525,0,2,2,2,0.985296268614473
4225,"Michael","Johnson",1971,17380,2,2,2,2,0.999606254813491
4226,"Jane","Garcia",1999,12694,2,2,0,2,0.953764941384782
4227,"William","Brown",1985,16597,2,0,2,2,0.9851868388166
4228,"James","Martinez",1987,18024,2,2,2,2,0.999606254813491
4229,"John","Smith",1989,15275,2,2,2,2,0.999606254813491
4230,"John","Smith",1996,10762,2,2,2,2,0.999606254813491
4231,"Michael","Rodriguez",1985,18678,0,2,2,2,0.985296268614473
4232,"James","Smith",2000,14193,2,0,2,2,0.9851868388166
4233,"James","Martinez",1996,12677,2,2,2,2,0.999606254813491
4234,"Emma","Miller",1973,11828,2,2,0,2,0.953764941384782
4235,"William","Smith",1992,15931,2,2,0,2,0.953764941384782
4236,"Emily","Davis",1972,16188,2,2,2,2,0.999606254813491
4237,"David","Brown",1977,10352,2,2,2,2,0.999606254813491
4239,"Olivia","Miller",1987,15061,2,2,2,2,0.999606254813491
4240,"Michael","Martinez",1996,18997,2,2,2,2,0.999606254813491
4241,"Sarah","Martinez",1978,17843,2,2,2,2,0.999606254813491
4242,"Emily","Davis",1992,14500,0,2,2,2,0.985296268614473
4243,"Olivia","Rodriguez",1990,13029,2,2,2,2,0.999606254813491
4244,"James","Jones",1981,18746,2,2,0,2,0.953764941384782
4246,"Michael","Smith",1977,14817,2,2,0,2,0.953764941384782
4247,"Michael","Brown",1988,11102,2,2,2,2,0.999606254813491
4248,"James","Johnson",1997,17671,2,0,2,2,0.9851868388166
4249,"Emily","Rodriguez",1970,17974,2,2,2,2,0.999606254813491
4250,"David","Martinez",1989,17469,2,0,2,2,0.9851868388166
4251,"James","Brown",1979,15988,2,0,2,2,0.9851868388166
4252,"Emma","Smith",1998,12918,2,2,2,2,0.999606254813491
4254,"James","Davis",1989,13818,2,0,2,2,0.9851868388166
4256,"William","Johnson",1995,12945,0,2,2,2,0.985296268614473
4257,"David","Smith",1993,17766,2,2,0,2,0.953764941384782
4258,"Jane","Garcia",1996,14391,2,2,2,2,0.999606254813491
4259,"Olivia","Miller",1981,16555,2,2,0,2,0.953764941384782
4260,"Michael","Jones",1983,14914,2,2,2,2,0.999606254813491
4261,"Jane","Johnson",1986,16024,2,2,2,2,0.999606254813491
4262,"Olivia","Miller",1981,19501,2,2,2,2,0.999606254813491
4263,"James","Williams",1980,12868,2,2,2,2,0.999606254813491
4264,"William","Williams",1979,10100,2,0,2,2,0.9851868388166
4265,"William","Miller",2000,17510,2,2,2,2,0.999606254813491
4266,"Emma","Rodriguez",1989,15609,2,0,2,2,0.9851868388166
4267,"Olivia","Williams",1987,11547,2,2,2,2,0.999606254813491
4268,"Olivia","Johnson",1972,15999,2,0,2,2,0.9851868388166
4269,"Emily","Garcia",1974,17143,2,2,2,2,0.999606254813491
4270,"David","Garcia",1976,11685,0,2,2,2,0.985296268614473
4271,"William","Miller",1982,17213,2,2,2,2,0.999606254813491
4272,"John","Jones",1982,16894,2,2,0,2,0.953764941384782
4273,"David","Smith",1992,10044,0,2,2,2,0.985296268614473
4274,"Olivia","Miller",1996,15052,2,2,2,2,0.999606254813491
4275,"David","Garcia",1982,10097,2,2,2,2,0.999606254813491
4276,"James","Martinez",1993,14335,2,2,2,2,0.999606254813491
4277,"John","Miller",1977,11107,2,2,2,2,0.999606254813491
4278,"David","Brown",1989,18735,2,0,2,2,0.9851868388166
4279,"Michael","Williams",1991,15236,2,0,2,2,0.9851868388166
4280,"Michael","Miller",1982,19718,2,0,2,2,0.9851868388166
4281,"John","Rodriguez",1999,15764,0,2,2,2,0.985296268614473
4282,"Emma","Rodriguez",1973,19738,2,0,2,2,0.9851868388166
4283,"David","Brown",1988,12948,2,2,2,2,0.999606254813491
4284,"John","Johnson",1985,14424,0,2,2,2,0.985296268614473
4285,"William","Smith",1973,19344,2,2,2,2,0.999606254813491
4286,"Michael","Davis",1985,11850,2,2,2,2,0.999606254813491
4287,"James","Rodriguez",1977,13715,2,2,2,2,0.999606254813491
4291,"Michael","Williams",1986,16070,2,2,2,2,0.999606254813491
4292,"David","Brown",1989,12779,2,2,2,2,0.999606254813491
4293,"James","Williams",1972,15695,2,2,2,2,0.999606254813491
4294,"David","Jones",1979,13515,2,2,0,2,0.953764941384782
4295,"John","Brown",1990,12184,0,2,2,2,0.985296268614473
4297,"Sarah","Williams",1996,16850,2,2,2,2,0.999606254813491
4298,"James","Miller",1974,17480,0,2,2,2,0.985296268614473
4299,"Emma","Johnson",1978,19486,2,2,2,2,0.999606254813491
4300,"Olivia","Jones",1982,13171,2,0,2,2,0.9851868388166
4301,"John","Rodriguez",1971,17909,2,2,2,2,0.999606254813491
4302,"William","Martinez",1999,17025,2,0,2,2,0.9851868388166
4305,"Michael","Williams",1988,15513,2,2,0,2,0.953764941384782
4307,"William","Miller",1990,14213,2,2,2,2,0.999606254813491
4308,"Sarah","Brown",1986,13922,2,0,2,2,0.9851868388166
4310,"David","Davis",1983,13385,2,2,2,2,0.999606254813491
4312,"Emma","Smith",1987,13805,2,2,2,2,0.999606254813491
4313,"Jane","Johnson",1973,13344,2,0,2,2,0.9851868388166
4314,"James","Johnson",1979,11625,2,2,2,2,0.999606254813491
4316,"Jane","Williams",1981,14883,2,2,2,2,0.999606254813491
4317,"William","Williams",1990,17205,0,2,2,2,0.985296268614473
4318,"Olivia","Davis",1987,12389,0,2,2,2,0.985296268614473
4319,"Sarah","Garcia",1994,11094,0,2,2,2,0.985296268614473
4320,"Emma","Jones",1994,19708,2,2,2,2,0.999606254813491
4321,"Sarah","Jones",1971,15100,2,0,2,2,0.9851868388166
4322,"James","Johnson",1977,19351,2,2,2,2,0.999606254813491
4323,"James","Rodriguez",1995,12696,2,0,2,2,0.9851868388166
4324,"James","Jones",1979,17304,0,2,2,2,0.985296268614473
4325,"David","Davis",1994,14920,2,2,2,2,0.999606254813491
4326,"Sarah","Williams",1977,18253,2,2,0,2,0.953764941384782
4327,"William","Garcia",1995,12224,0,2,2,2,0.985296268614473
4328,"Emma","Davis",1978,13707,2,2,2,2,0.999606254813491
4329,"James","Miller",1986,15247,2,2,0,2,0.953764941384782
4330,"David","Davis",1990,17086,2,2,2,2,0.999606254813491
4331,"Jane","Davis",1986,17065,2,2,2,2,0.999606254813491
4332,"Emma","Miller",1994,19793,2,2,2,2,0.999606254813491
4333,"James","Martinez",1987,12554,2,2,2,2,0.999606254813491
4334,"Jane","Garcia",1998,16197,2,2,2,2,0.999606254813491
4335,"Emma","Rodriguez",1970,18398,2,2,2,2,0.999606254813491
4336,"Emma","Martinez",1989,12598,2,2,2,2,0.999606254813491
4337,"Olivia","Williams",1991,10539,2,0,2,2,0.9851868388166
4338,"David","Davis",1994,16991,2,2,2,2,0.999606254813491
4339,"Olivia","Johnson",1971,13810,2,2,2,2,0.999606254813491
4340,"John","Smith",1995,11975,2,0,2,2,0.9851868388166
4341,"William","Miller",1984,15158,2,2,2,2,0.999606254813491
4343,"William","Davis",1972,19626,2,2,2,2,0.999606254813491
4344,"David","Martinez",1983,15937,2,2,2,2,0.999606254813491
4345,"Sarah","Smith",1992,13248,0,2,2,2,0.985296268614473
4346,"William","Williams",1982,11790,2,2,2,2,0.999606254813491
4347,"John","Williams",1999,10024,2,2,2,2,0.999606254813491
4348,"Michael","Garcia",1988,15818,0,2,2,2,0.985296268614473
4349,"Emily","Martinez",1976,17647,2,2,2,2,0.999606254813491
4350,"Jane","Martinez",1980,15514,2,0,2,2,0.9851868388166
4351,"John","Johnson",1987,11431,2,2,0,2,0.953764941384782
4352,"Emma","Jones",1999,13207,2,2,2,2,0.999606254813491
4353,"Emily","Jones",1990,14091,2,2,2,2,0.999606254813491
4354,"William","Smith",1972,18604,2,0,2,2,0.9851868388166
4355,"David","Martinez",1976,16974,0,2,2,2,0.985296268614473
4356,"David","Davis",1986,16918,2,2,2,2,0.999606254813491
4357,"Olivia","Garcia",1980,17970,2,2,2,2,0.999606254813491
4358,"Emma","Garcia",1981,10042,2,2,2,2,0.999606254813491
4359,"Sarah","Johnson",1984,10054,0,2,2,2,0.985296268614473
4360,"James","Martinez",1970,12976,2,2,2,2,0.999606254813491
4361,"David","Smith",1980,18954,2,2,2,2,0.999606254813491
4362,"James","Johnson",1976,11268,2,2,2,2,0.999606254813491
4363,"Emily","Johnson",1985,16973,2,2,2,2,0.999606254813491
4365,"William","Rodriguez",1994,10987,2,2,2,2,0.999606254813491
4368,"John","Jones",1975,16691,2,0,2,2,0.9851868388166
4369,"William","Martinez",1985,19420,2,2,2,2,0.999606254813491
4370,"Emily","Brown",1993,17719,2,2,2,2,0.999606254813491
4372,"David","Davis",1982,19268,2,2,2,2,0.999606254813491
4374,"David","Brown",1976,11221,2,2,2,2,0.999606254813491
4375,"John","Garcia",1979,16560,2,2,0,2,0.953764941384782
4376,"Michael","Garcia",1977,12261,0,2,2,2,0.985296268614473
4377,"Emma","Garcia",1991,16871,2,0,2,2,0.9851868388166
4378,"William","Miller",1973,10625,2,2,2,2,0.999606254813491
4379,"Emily","Garcia",1987,18682,2,2,0,2,0.953764941384782
4380,"Sarah","Brown",1989,19148,2,2,2,2,0.999606254813491
4381,"Emily","Williams",1997,13079,2,2,0,2,0.953764941384782
4382,"William","Rodriguez",1973,13872,2,2,2,2,0.999606254813491
4383,"John","Davis",1993,18056,0,2,2,2,0.985296268614473
4384,"John","Jones",1994,18369,2,2,0,2,0.953764941384782
4386,"Jane","Smith",1991,17834,2,2,2,2,0.999606254813491
4387,"Emily","Jones",2000,12244,2,2,0,2,0.953764941384782
4388,"Emily","Jones",1991,14243,0,2,2,2,0.985296268614473
4389,"Jane","Davis",1995,13031,2,2,2,2,0.999606254813491
4390,"Michael","Davis",1970,14618,2,2,2,2,0.999606254813491
4391,"John","Williams",1970,13245,2,2,2,2,0.999606254813491
4392,"John","Miller",1972,16321,2,2,2,2,0.999606254813491
4393,"John","Jones",1981,18501,2,2,2,2,0.999606254813491
4395,"Jane","Johnson",1979,10303,2,2,2,2,0.999606254813491
4396,"William","Miller",1976,13303,2,2,0,2,0.953764941384782
4397,"Michael","Miller",1992,16678,2,2,2,2,0.999606254813491
4398,"David","Rodriguez",1997,12570,2,2,2,2,0.999606254813491
4399,"Emma","Davis",1993,18002,2,2,0,2,0.953764941384782
4401,"Emily","Martinez",1970,18360,0,2,2,2,0.985296268614473
4402,"Jane","Jones",1987,10286,2,2,2,2,0.999606254813491
4403,"John","Garcia",1990,18370,2,2,2,2,0.999606254813491
4404,"Sarah","Johnson",1972,15804,2,2,2,2,0.999606254813491
4405,"William","Brown",1995,13632,2,2,2,2,0.999606254813491
4406,"William","Johnson",1991,19391,2,2,2,2,0.999606254813491
4407,"Emma","Martinez",1974,10116,2,0,2,2,0.9851868388166
4408,"Jane","Rodriguez",1972,16398,2,2,2,2,0.999606254813491
4409,"Emily","Johnson",1982,18021,2,0,2,2,0.9851868388166
4410,"Emily","Smith",1990,13356,2,2,2,2,0.999606254813491
4411,"Emily","Brown",1984,12167,2,2,2,2,0.999606254813491
4412,"Sarah","Smith",1976,18310,2,2,0,2,0.953764941384782
4413,"Sarah","Brown",1996,18719,2,2,2,2,0.999606254813491
4416,"Michael","Miller",1986,10633,0,2,2,2,0.985296268614473
4417,"Sarah","Jones",1983,13195,2,2,2,2,0.999606254813491
4418,"Olivia","Williams",1981,13880,2,2,2,2,0.999606254813491
4419,"David","Davis",1996,13321,2,2,2,2,0.999606254813491
4420,"Jane","Miller",1994,10210,2,2,2,2,0.999606254813491
4421,"David","Johnson",1989,11590,2,2,2,2,0.999606254813491
4422,"Emma","Johnson",1988,10158,0,2,2,2,0.985296268614473
4423,"Sarah","Williams",1987,15254,2,2,2,2,0.999606254813491
4424,"Sarah","Martinez",1973,18092,0,2,2,2,0.985296268614473
4425,"Jane","Williams",1983,18942,2,2,2,2,0.999606254813491
4426,"David","Miller",1978,15856,0,2,2,2,0.985296268614473
4427,"Emma","Miller",1970,18894,2,2,0,2,0.953764941384782
4428,"Olivia","Miller",1986,19047,2,2,0,2,0.953764941384782
4429,"James","Rodriguez",2000,12359,2,2,2,2,0.999606254813491
4430,"David","Davis",1994,11691,0,2,2,2,0.985296268614473
4431,"John","Rodriguez",1979,13746,2,2,0,2,0.953764941384782
4432,"James","Jones",1975,15075,2,2,2,2,0.999606254813491
4433,"Jane","Rodriguez",1982,13811,0,2,2,2,0.985296268614473
4434,"Jane","Williams",1976,18834,2,2,2,2,0.999606254813491
4435,"Emily","Brown",1972,15998,2,2,0,2,0.953764941384782
4436,"Emma","Johnson",1978,14683,0,2,2,2,0.985296268614473
4437,"Emma","Rodriguez",1997,12825,2,2,2,2,0.999606254813491
4438,"Michael","Miller",1997,18450,2,2,2,2,0.999606254813491
4439,"Emily","Miller",1979,12754,2,0,2,2,0.9851868388166
4440,"John","Jones",1992,10200,2,2,0,2,0.953764941384782
4441,"Jane","Davis",1980,17876,0,2,2,2,0.985296268614473
4442,"Olivia","Williams",1976,10681,2,2,2,2,0.999606254813491
4443,"Jane","Brown",1971,17355,0,2,2,2,0.985296268614473
4444,"Emma","Brown",1994,12438,2,0,2,2,0.9851868388166
4446,"David","Miller",1982,16153,2,2,2,2,0.999606254813491
4447,"John","Davis",1974,19861,2,2,2,2,0.999606254813491
4448,"Sarah","Brown",1970,13862,2,2,2,2,0.999606254813491
4449,"John","Rodriguez",1975,10352,2,0,2,2,0.9851868388166
4450,"Michael","Garcia",1990,17575,0,2,2,2,0.985296268614473
4451,"Michael","Davis",1997,12158,2,2,0,2,0.953764941384782
4452,"James","Rodriguez",1971,16331,2,2,2,2,0.999606254813491
4453,"David","Jones",1978,13045,2,2,2,2,0.999606254813491
4454,"James","Davis",1971,11880,2,0,2,2,0.9851868388166
4455,"Jane","Garcia",1985,13490,2,2,0,2,0.953764941384782
4456,"Emma","Martinez",1972,17812,2,2,0,2,0.953764941384782
4457,"Jane","Rodriguez",1972,18021,2,2,2,2,0.999606254813491
4458,"Jane","Johnson",1999,10592,2,0,2,2,0.9851868388166
4459,"Emma","Johnson",1991,10775,2,2,0,2,0.953764941384782
4460,"John","Williams",1975,15911,0,2,2,2,0.985296268614473
4461,"William","Rodriguez",1978,17979,2,0,2,2,0.9851868388166
4462,"John","Miller",1998,19769,2,2,2,2,0.999606254813491
4463,"David","Garcia",1970,17253,2,2,2,2,0.999606254813491
4464,"Jane","Martinez",1997,13827,2,0,2,2,0.9851868388166
4465,"John","Williams",1977,13997,2,2,0,2,0.953764941384782
4466,"Emily","Brown",1971,11658,2,0,2,2,0.9851868388166
4468,"Emily","Martinez",1970,17139,2,2,2,2,0.999606254813491
4469,"Jane","Davis",1994,17559,2,2,2,2,0.999606254813491
4472,"Sarah","Miller",1990,16756,2,2,2,2,0.999606254813491
4473,"David","Garcia",1980,18652,2,2,2,2,0.999606254813491
4474,"Emma","Jones",1983,19078,2,2,2,2,0.999606254813491
4477,"Emily","Smith",1972,10171,2,2,2,2,0.999606254813491
4478,"Olivia","Smith",1978,13271,0,2,2,2,0.985296268614473
4479,"Emma","Smith",1980,17369,2,0,2,2,0.9851868388166
4480,"David","Smith",1992,12534,2,2,2,2,0.999606254813491
4481,"James","Williams",2000,14076,2,2,0,2,0.953764941384782
4484,"William","Johnson",1992,19761,2,2,2,2,0.999606254813491
4486,"Michael","Miller",1975,18731,0,2,2,2,0.985296268614473
4487,"William","Jones",1988,18121,2,2,0,2,0.953764941384782
4488,"William","Miller",1996,12135,2,2,2,2,0.999606254813491
4489,"Michael","Brown",1999,11604,2,0,2,2,0.9851868388166
4490,"James","Brown",1977,14003,0,2,2,2,0.985296268614473
4491,"Emma","Rodriguez",1977,13391,0,2,2,2,0.985296268614473
4492,"Olivia","Smith",1971,14167,2,2,0,2,0.953764941384782
4494,"Michael","Rodriguez",1978,12987,2,2,0,2,0.953764941384782
4495,"Michael","Martinez",1994,10304,0,2,2,2,0.985296268614473
4496,"James","Smith",1999,16125,0,2,2,2,0.985296268614473
4497,"Jane","Williams",1973,19222,2,0,2,2,0.9851868388166
4498,"Emily","Jones",1974,16826,2,2,2,2,0.999606254813491
4499,"Jane","Davis",1984,18779,2,2,2,2,0.999606254813491
4501,"Jane","Martinez",1986,13311,2,2,2,2,0.999606254813491
4502,"Emma","Davis",1977,16339,2,2,2,2,0.999606254813491
4504,"William","Brown",1972,15570,0,2,2,2,0.985296268614473
4505,"Sarah","Brown",1975,13816,2,2,2,2,0.999606254813491
4506,"Jane","Williams",1978,11475,2,0,2,2,0.9851868388166
4507,"Sarah","Johnson",1973,13371,2,2,2,2,0.999606254813491
4509,"Sarah","Smith",1991,11083,2,2,2,2,0.999606254813491
4510,"Emily","Miller",1970,11865,2,0,2,2,0.9851868388166
4511,"Sarah","Jones",1992,13590,2,2,2,2,0.999606254813491
4514,"Olivia","Davis",1986,10728,2,2,2,2,0.999606254813491
4516,"James","Rodriguez",1999,16653,0,2,2,2,0.985296268614473
4517,"David","Rodriguez",1991,19691,0,2,2,2,0.985296268614473
4519,"Jane","Garcia",1984,12267,2,0,2,2,0.9851868388166
4520,"David","Johnson",1989,18633,2,2,2,2,0.999606254813491
4521,"Emma","Miller",1988,19071,0,2,2,2,0.985296268614473
4522,"John","Miller",1994,16115,2,2,2,2,0.999606254813491
4523,"Michael","Garcia",1977,17851,2,2,2,2,0.999606254813491
4524,"Olivia","Brown",1989,17384,2,2,2,2,0.999606254813491
4525,"Emily","Jones",1977,10819,0,2,2,2,0.985296268614473
4527,"Emma","Davis",1999,13698,2,2,2,2,0.999606254813491
4528,"John","Williams",1986,13392,2,2,2,2,0.999606254813491
4529,"Sarah","Smith",1991,13571,2,2,2,2,0.999606254813491
4530,"Emily","Brown",1996,12978,2,2,0,2,0.953764941384782
4533,"Emily","Garcia",1986,11974,2,0,2,2,0.9851868388166
4535,"Emily","Johnson",1982,13044,0,2,2,2,0.985296268614473
4536,"Olivia","Smith",1994,15837,2,2,2,2,0.999606254813491
4537,"Jane","Williams",1970,11065,2,2,2,2,0.999606254813491
4538,"Jane","Jones",1987,17386,2,2,2,2,0.999606254813491
4539,"Michael","Johnson",1980,17913,2,2,0,2,0.953764941384782
4541,"James","Rodriguez",1971,19660,0,2,2,2,0.985296268614473
4542,"Emma","Williams",1986,18513,2,2,0,2,0.953764941384782
4544,"David","Jones",1970,10618,2,0,2,2,0.9851868388166
4546,"Emma","Davis",1980,14131,2,2,2,2,0.999606254813491
4547,"Emily","Jones",1996,18104,2,2,2,2,0.999606254813491
4548,"Emily","Garcia",1972,17887,2,2,2,2,0.999606254813491
4550,"Emily","Smith",1978,11831,2,0,2,2,0.9851868388166
4551,"James","Jones",2000,11940,0,2,2,2,0.985296268614473
4552,"David","Brown",1975,12124,2,0,2,2,0.9851868388166
4553,"James","Johnson",1998,19872,2,2,2,2,0.999606254813491
4554,"John","Davis",1992,15798,2,2,0,2,0.953764941384782
4555,"Jane","Williams",1996,14413,2,2,2,2,0.999606254813491
4556,"John","Miller",1984,19053,2,2,2,2,0.999606254813491
4557,"Olivia","Miller",2000,17486,2,2,2,2,0.999606254813491
4558,"Emily","Martinez",1970,12814,2,2,0,2,0.953764941384782
4559,"Olivia","Williams",1991,18797,0,2,2,2,0.985296268614473
4561,"Olivia","Martinez",1976,19467,2,0,2,2,0.9851868388166
4562,"David","Martinez",1987,17975,0,2,2,2,0.985296268614473
4563,"Michael","Rodriguez",2000,13046,2,2,0,2,0.953764941384782
4564,"Olivia","Miller",1985,10306,2,2,2,2,0.999606254813491
4565,"Sarah","Garcia",1983,13309,2,2,2,2,0.999606254813491
4566,"Olivia","Johnson",1985,15041,2,0,2,2,0.9851868388166
4567,"David","Jones",1976,12656,2,0,2,2,0.9851868388166
4568,"John","Smith",1986,17840,2,2,2,2,0.999606254813491
4570,"Jane","Jones",1975,14335,2,2,2,2,0.999606254813491
4572,"John","Jones",1975,19601,2,2,2,2,0.999606254813491
4573,"Emily","Miller",1993,19146,0,2,2,2,0.985296268614473
4575,"William","Martinez",2000,12225,2,2,2,2,0.999606254813491
4576,"William","Martinez",1998,18867,2,2,0,2,0.953764941384782
4578,"David","Williams",1988,12677,2,2,2,2,0.999606254813491
4579,"John","Davis",1975,11419,0,2,2,2,0.985296268614473
4580,"John","Davis",1977,18067,2,2,2,2,0.999606254813491
4581,"Olivia","Rodriguez",1971,11264,2,2,2,2,0.999606254813491
4582,"William","Miller",1973,17983,0,2,2,2,0.985296268614473
4583,"David","Johnson",1999,15851,2,2,2,2,0.999606254813491
4584,"David","Johnson",1974,19510,2,2,2,2,0.999606254813491
4586,"Jane","Rodriguez",1976,16482,2,2,2,2,0.999606254813491
4587,"Emily","Miller",1997,12635,0,2,2,2,0.985296268614473
4588,"Emma","Miller",1973,11801,2,2,2,2,0.999606254813491
4590,"William","Rodriguez",1991,17362,0,2,2,2,0.985296268614473
4591,"James","Jones",1978,10125,2,2,2,2,0.999606254813491
4592,"Emily","Garcia",1975,16996,2,2,2,2,0.999606254813491
4593,"Olivia","Garcia",1979,13009,2,2,2,2,0.999606254813491
4594,"James","Smith",1994,14958,2,2,2,2,0.999606254813491
4595,"Emma","Martinez",1995,15302,2,2,2,2,0.999606254813491
4597,"Olivia","Johnson",1990,12438,2,2,2,2,0.999606254813491
4599,"Emma","Martinez",1984,17543,0,2,2,2,0.985296268614473
4600,"William","Davis",2000,17321,0,2,2,2,0.985296268614473
4601,"Sarah","Smith",1988,16536,2,2,2,2,0.999606254813491
4602,"Sarah","Smith",2000,14644,0,2,2,2,0.985296268614473
4603,"David","Miller",1983,12883,2,2,2,2,0.999606254813491
4605,"William","Williams",1980,15634,2,2,2,2,0.999606254813491
4606,"James","Smith",1992,17804,0,2,2,2,0.985296268614473
4607,"Michael","Davis",1997,19677,2,2,2,2,0.999606254813491
4609,"Sarah","Johnson",1972,14706,2,2,2,2,0.999606254813491
4611,"Emily","Martinez",1986,11430,0,2,2,2,0.985296268614473
4612,"Emma","Rodriguez",1978,18992,2,2,0,2,0.953764941384782
4613,"James","Martinez",1983,18934,2,2,0,2,0.953764941384782
4615,"William","Garcia",1992,16744,2,2,2,2,0.999606254813491
4616,"Jane","Garcia",1979,10922,2,2,0,2,0.953764941384782
4617,"Olivia","Rodriguez",1975,14153,2,2,2,2,0.999606254813491
4618,"Sarah","Johnson",1994,15853,2,2,0,2,0.953764941384782
4619,"James","Johnson",1999,19334,2,2,2,2,0.999606254813491
4620,"Michael","Davis",1986,14303,0,2,2,2,0.985296268614473
4621,"Michael","Johnson",1999,14764,2,2,2,2,0.999606254813491
4622,"Jane","Davis",1973,11338,2,2,2,2,0.999606254813491
4623,"Sarah","Rodriguez",1998,15361,0,2,2,2,0.985296268614473
4625,"James","Brown",1983,15279,2,2,2,2,0.999606254813491
4626,"Sarah","Garcia",1997,13097,2,2,2,2,0.999606254813491
4627,"William","Brown",1983,13520,2,0,2,2,0.9851868388166
4628,"John","Rodriguez",1981,15083,2,0,2,2,0.9851868388166
4629,"John","Jones",1976,19770,2,0,2,2,0.9851868388166
4630,"Olivia","Miller",1976,18067,2,2,0,2,0.953764941384782
4631,"Emma","Garcia",1983,17173,2,2,2,2,0.999606254813491
4632,"Emma","Garcia",2000,15833,2,2,2,2,0.999606254813491
4636,"Sarah","Garcia",1974,15794,2,2,0,2,0.953764941384782
4637,"John","Johnson",1994,16405,0,2,2,2,0.985296268614473
4639,"Olivia","Garcia",1986,17726,2,0,2,2,0.9851868388166
4640,"Olivia","Garcia",1985,14392,0,2,2,2,0.985296268614473
4641,"Michael","Johnson",1978,10262,2,2,0,2,0.953764941384782
4642,"James","Miller",1981,16652,2,2,2,2,0.999606254813491
4643,"David","Davis",1974,15734,2,2,0,2,0.953764941384782
4644,"William","Williams",1974,14665,2,2,0,2,0.953764941384782
4645,"Olivia","Brown",1975,17990,0,2,2,2,0.985296268614473
4646,"James","Smith",1993,17854,2,2,0,2,0.953764941384782
4647,"Jane","Rodriguez",1983,18380,2,2,2,2,0.999606254813491
4648,"Jane","Smith",1997,15740,2,2,2,2,0.999606254813491
4649,"Michael","Garcia",1994,15376,2,2,2,2,0.999606254813491
4650,"Emma","Jones",1995,15889,2,2,2,2,0.999606254813491
4651,"Olivia","Martinez",1976,15381,2,2,0,2,0.953764941384782
4652,"Emma","Davis",1971,16874,2,2,2,2,0.999606254813491
4653,"William","Martinez",1989,17741,2,0,2,2,0.9851868388166
4655,"Sarah","Miller",1986,19454,2,2,2,2,0.999606254813491
4656,"Emma","Johnson",1997,12665,2,2,0,2,0.953764941384782
4657,"William","Jones",1980,10603,0,2,2,2,0.985296268614473
4660,"James","Jones",1991,19966,2,2,2,2,0.999606254813491
4661,"David","Miller",1980,16628,2,2,2,2,0.999606254813491
4662,"David","Brown",1976,19219,2,0,2,2,0.9851868388166
4663,"James","Brown",1992,18492,2,2,2,2,0.999606254813491
4664,"Jane","Rodriguez",1983,12815,2,0,2,2,0.9851868388166
4665,"John","Miller",1986,16867,2,0,2,2,0.9851868388166
4666,"David","Johnson",1972,19902,2,2,2,2,0.999606254813491
4667,"Michael","Williams",2000,16204,2,2,2,2,0.999606254813491
4670,"William","Johnson",1978,18001,2,0,2,2,0.9851868388166
4671,"Emily","Smith",2000,17847,2,2,0,2,0.953764941384782
4673,"William","Smith",1996,10298,0,2,2,2,0.985296268614473
4674,"Michael","Garcia",1998,17403,2,2,2,2,0.999606254813491
4675,"Sarah","Williams",1990,18399,0,2,2,2,0.985296268614473
4676,"James","Smith",1992,16367,2,2,2,2,0.999606254813491
4677,"Olivia","Williams",1994,13286,2,2,2,2,0.999606254813491
4679,"John","Miller",1976,17471,2,2,0,2,0.953764941384782
4680,"William","Davis",1990,14507,2,2,2,2,0.999606254813491
4681,"Jane","Martinez",1998,15910,2,0,2,2,0.9851868388166
4682,"Jane","Garcia",1974,11067,2,2,2,2,0.999606254813491
4684,"Emma","Johnson",1974,13729,2,2,2,2,0.999606254813491
4686,"Olivia","Rodriguez",1974,12656,2,0,2,2,0.9851868388166
4687,"Sarah","Johnson",1978,13705,0,2,2,2,0.985296268614473
4689,"Olivia","Martinez",1989,15094,2,0,2,2,0.9851868388166
4690,"David","Jones",1997,18864,2,0,2,2,0.9851868388166
4691,"David","Jones",1976,16736,0,2,2,2,0.985296268614473
4693,"James","Brown",1987,10803,2,2,2,2,0.999606254813491
4694,"Emily","Williams",1974,15344,2,2,2,2,0.999606254813491
4695,"David","Martinez",2000,19488,2,2,2,2,0.999606254813491
4696,"Sarah","Jones",1996,11990,2,2,0,2,0.953764941384782
4697,"John","Williams",1995,10919,2,2,2,2,0.999606254813491
4698,"Emma","Williams",1974,13713,2,2,2,2,0.999606254813491
4699,"Jane","Miller",1995,11263,2,2,2,2,0.999606254813491
4701,"James","Garcia",1990,11900,2,2,2,2,0.999606254813491
4702,"Emily","Johnson",1973,14192,2,0,2,2,0.9851868388166
4703,"Emily","Jones",1983,16376,2,0,2,2,0.9851868388166
4706,"William","Williams",1999,11819,0,2,2,2,0.985296268614473
4708,"Olivia","Williams",1976,18990,0,2,2,2,0.985296268614473
4709,"Emma","Jones",1989,19894,2,2,2,2,0.999606254813491
4710,"James","Garcia",1974,10316,0,2,2,2,0.985296268614473
4712,"Emily","Martinez",1973,12184,0,2,2,2,0.985296268614473
4713,"Olivia","Williams",1998,12691,2,0,2,2,0.9851868388166
4714,"John","Rodriguez",1997,13213,2,2,2,2,0.999606254813491
4716,"John","Smith",1981,14564,0,2,2,2,0.985296268614473
4718,"Jane","Brown",1991,16210,2,2,2,2,0.999606254813491
4719,"William","Rodriguez",1988,14385,2,2,0,2,0.953764941384782
4720,"William","Davis",1985,14421,2,2,2,2,0.999606254813491
4721,"William","Rodriguez",1986,16757,2,0,2,2,0.9851868388166
4722,"David","Miller",1999,10425,2,0,2,2,0.9851868388166
4725,"Michael","Smith",1979,18890,2,0,2,2,0.9851868388166
4726,"Michael","Smith",1970,16824,2,2,2,2,0.999606254813491
4727,"James","Davis",1982,14210,0,2,2,2,0.985296268614473
4728,"Emily","Miller",1990,15199,2,2,2,2,0.999606254813491
4729,"John","Brown",1990,10679,2,2,2,2,0.999606254813491
4730,"David","Miller",1972,10107,2,2,2,2,0.999606254813491
4731,"John","Brown",1985,10090,2,0,2,2,0.9851868388166
4732,"Michael","Smith",1999,13752,2,2,2,2,0.999606254813491
4733,"William","Brown",1976,15892,0,2,2,2,0.985296268614473
4734,"Jane","Jones",1975,15610,2,2,2,2,0.999606254813491
4735,"James","Garcia",1974,19982,2,2,2,2,0.999606254813491
4736,"Emily","Garcia",1996,10852,0,2,2,2,0.985296268614473
4738,"David","Brown",1989,19605,2,2,2,2,0.999606254813491
4739,"Emily","Smith",2000,14835,2,2,2,2,0.999606254813491
4740,"David","Smith",1994,14151,2,2,2,2,0.999606254813491
4741,"Michael","Martinez",1979,16619,2,2,0,2,0.953764941384782
4742,"Emma","Garcia",1981,19766,2,2,2,2,0.999606254813491
4743,"Olivia","Williams",1976,10012,2,2,0,2,0.953764941384782
4744,"William","Johnson",1975,18674,2,2,2,2,0.999606254813491
4745,"William","Garcia",1998,15325,2,2,2,2,0.999606254813491
4746,"David","Martinez",1977,15732,2,2,2,2,0.999606254813491
4747,"William","Miller",2000,13351,2,2,2,2,0.999606254813491
4748,"William","Rodriguez",1974,12556,2,2,2,2,0.999606254813491
4749,"Jane","Garcia",1992,12317,2,0,2,2,0.9851868388166
4750,"William","Williams",1997,10740,2,2,0,2,0.953764941384782
4751,"Sarah","Johnson",1983,11688,2,2,0,2,0.953764941384782
4752,"John","Jones",1979,12955,0,2,2,2,0.985296268614473
4753,"John","Rodriguez",1971,13217,2,2,2,2,0.999606254813491
4754,"Emily","Williams",1970,17885,2,2,2,2,0.999606254813491
4755,"William","Miller",1995,17456,0,2,2,2,0.985296268614473
4756,"Emily","Davis",1983,14897,2,2,0,2,0.953764941384782
4757,"David","Smith",1991,18399,2,2,0,2,0.953764941384782
4758,"Jane","Johnson",1973,16376,2,0,2,2,0.9851868388166
4759,"James","Garcia",1977,15391,2,2,2,2,0.999606254813491
4760,"Michael","Jones",1987,14220,2,2,2,2,0.999606254813491
4762,"Sarah","Jones",1974,12896,2,0,2,2,0.9851868388166
4763,"Jane","Brown",1984,14656,2,2,2,2,0.999606254813491
4764,"John","Miller",1987,19202,2,2,0,2,0.953764941384782
4765,"James","Johnson",1995,16869,2,0,2,2,0.9851868388166
4766,"William","Miller",1997,13572,2,2,2,2,0.999606254813491
4769,"William","Rodriguez",1979,16219,2,2,2,2,0.999606254813491
4771,"Olivia","Williams",2000,12045,2,2,0,2,0.953764941384782
4772,"James","Jones",1981,14570,0,2,2,2,0.985296268614473
4773,"Olivia","Smith",1977,17957,2,2,2,2,0.999606254813491
4775,"Sarah","Davis",1985,13485,2,2,2,2,0.999606254813491
4776,"James","Davis",1972,14777,2,2,2,2,0.999606254813491
4777,"David","Rodriguez",1970,19890,2,0,2,2,0.9851868388166
4778,"David","Johnson",1983,17412,2,0,2,2,0.9851868388166
4782,"Emma","Davis",1996,15862,2,2,2,2,0.999606254813491
4783,"Emily","Jones",1996,19343,2,0,2,2,0.9851868388166
4784,"Olivia","Brown",1997,15672,2,2,0,2,0.953764941384782
4785,"Emma","Davis",2000,14179,2,2,2,2,0.999606254813491
4786,"Emma","Brown",1994,15954,2,0,2,2,0.9851868388166
4787,"Olivia","Jones",1993,13755,0,2,2,2,0.985296268614473
4788,"James","Jones",1977,17954,2,2,2,2,0.999606254813491
4789,"Michael","Davis",1998,12930,2,0,2,2,0.9851868388166
4790,"Sarah","Rodriguez",1999,14268,2,2,0,2,0.953764941384782
4791,"David","Johnson",1998,19153,0,2,2,2,0.985296268614473
4793,"Emily","Johnson",1988,10113,2,2,2,2,0.999606254813491
4794,"William","Smith",1983,10792,0,2,2,2,0.985296268614473
4795,"John","Davis",1973,11166,2,0,2,2,0.9851868388166
4797,"Olivia","Davis",1978,13238,2,2,0,2,0.953764941384782
4799,"John","Rodriguez",1979,10040,0,2,2,2,0.985296268614473
4800,"James","Jones",1977,17893,2,2,2,2,0.999606254813491
4801,"Olivia","Rodriguez",1977,16159,0,2,2,2,0.985296268614473
4802,"Sarah","Johnson",1983,17744,2,2,2,2,0.999606254813491
4803,"Olivia","Johnson",1977,19649,2,2,2,2,0.999606254813491
4804,"John","Martinez",1995,19310,2,2,0,2,0.953764941384782
4805,"William","Smith",1974,13783,0,2,2,2,0.985296268614473
4806,"Michael","Brown",1980,12597,2,2,2,2,0.999606254813491
4807,"Michael","Williams",1990,13781,2,2,2,2,0.999606254813491
4808,"David","Martinez",1981,18215,2,2,2,2,0.999606254813491
4809,"John","Williams",1994,12541,2,2,2,2,0.999606254813491
4810,"Jane","Johnson",2000,14589,2,0,2,2,0.9851868388166
4812,"John","Williams",1977,10832,0,2,2,2,0.985296268614473
4813,"Emma","Smith",1970,11378,2,2,2,2,0.999606254813491
4814,"Michael","Miller",1996,11419,0,2,2,2,0.985296268614473
4815,"Sarah","Jones",1990,10290,2,2,2,2,0.999606254813491
4816,"James","Smith",1975,17298,2,0,2,2,0.9851868388166
4818,"Michael","Smith",1985,10462,0,2,2,2,0.985296268614473
4819,"David","Brown",1987,13144,2,2,2,2,0.999606254813491
4820,"William","Davis",1984,18586,2,0,2,2,0.9851868388166
4821,"Jane","Miller",1994,16880,0,2,2,2,0.985296268614473
4822,"Olivia","Martinez",1998,15624,0,2,2,2,0.985296268614473
4823,"William","Brown",1991,18212,2,0,2,2,0.9851868388166
4826,"Emily","Davis",1993,17012,2,2,0,2,0.953764941384782
4827,"Emily","Brown",1986,11264,0,2,2,2,0.985296268614473
4828,"Emily","Brown",1984,19490,2,2,2,2,0.999606254813491
4829,"Jane","Johnson",1988,15991,2,0,2,2,0.9851868388166
4830,"Emily","Davis",1997,11582,2,2,2,2,0.999606254813491
4831,"Emma","Johnson",1972,13856,2,2,2,2,0.999606254813491
4832,"Michael","Garcia",1975,14262,2,2,2,2,0.999606254813491
4833,"James","Jones",1999,12297,0,2,2,2,0.985296268614473
4834,"Emma","Johnson",1984,18344,2,2,2,2,0.999606254813491
4835,"William","Brown",1994,11815,2,2,0,2,0.953764941384782
4837,"Emily","Smith",1991,15464,2,2,2,2,0.999606254813491
4838,"Sarah","Johnson",1974,16459,2,2,2,2,0.999606254813491
4839,"David","Williams",1996,13063,2,0,2,2,0.9851868388166
4840,"Michael","Brown",1990,12873,2,2,2,2,0.999606254813491
4841,"Emma","Davis",1990,18082,2,2,2,2,0.999606254813491
4842,"James","Rodriguez",1989,14171,0,2,2,2,0.985296268614473
4843,"Emma","Smith",1996,19530,2,2,2,2,0.999606254813491
4844,"Emma","Davis",1989,17460,2,2,2,2,0.999606254813491
4845,"Sarah","Smith",1971,15365,2,2,2,2,0.999606254813491
4846,"Emily","Johnson",1978,16213,2,2,2,2,0.999606254813491
4847,"John","Williams",1999,14137,2,0,2,2,0.9851868388166
4848,"Michael","Miller",1995,10603,0,2,2,2,0.985296268614473
4849,"Michael","Williams",1982,15878,2,2,2,2,0.999606254813491
4850,"Michael","Jones",1995,16780,2,2,2,2,0.999606254813491
4851,"Jane","Williams",1987,11997,0,2,2,2,0.985296268614473
4853,"Emily","Garcia",1997,13369,2,2,2,2,0.999606254813491
4854,"Olivia","Miller",1973,17769,2,0,2,2,0.9851868388166
4855,"Jane","Rodriguez",1986,16799,0,2,2,2,0.985296268614473
4856,"Jane","Martinez",2000,14034,2,2,2,2,0.999606254813491
4857,"Emma","Brown",1984,13962,2,0,2,2,0.9851868388166
4858,"Olivia","Williams",1975,16838,2,2,2,2,0.999606254813491
4859,"David","Davis",1984,19816,2,2,0,2,0.953764941384782
4860,"Olivia","Jones",1981,17987,2,2,2,2,0.999606254813491
4861,"John","Martinez",1995,18767,2,0,2,2,0.9851868388166
4863,"David","Brown",1973,19241,2,2,0,2,0.953764941384782
4864,"David","Garcia",1977,11134,2,2,2,2,0.999606254813491
4865,"Emily","Brown",1980,12327,2,0,2,2,0.9851868388166
4866,"Sarah","Davis",1977,10930,2,2,0,2,0.953764941384782
4867,"William","Smith",1983,17240,2,2,2,2,0.999606254813491
4868,"Olivia","Jones",1988,12495,2,0,2,2,0.9851868388166
4869,"Michael","Miller",1977,17131,2,2,2,2,0.999606254813491
4870,"Michael","Garcia",1974,13425,2,0,2,2,0.9851868388166
4871,"James","Brown",1996,18954,2,2,0,2,0.953764941384782
4872,"Sarah","Rodriguez",2000,19072,0,2,2,2,0.985296268614473
4873,"James","Davis",1971,17122,2,2,2,2,0.999606254813491
4874,"Sarah","Rodriguez",1975,11919,2,0,2,2,0.9851868388166
4875,"Emily","Smith",1974,18157,2,2,2,2,0.999606254813491
4876,"Michael","Martinez",1998,12382,2,2,2,2,0.999606254813491
4877,"William","Jones",1995,17162,0,2,2,2,0.985296268614473
4878,"Emily","Garcia",1976,18599,2,2,2,2,0.999606254813491
4879,"Sarah","Davis",1995,14261,2,0,2,2,0.9851868388166
4880,"William","Williams",1988,14790,2,2,2,2,0.999606254813491
4881,"William","Smith",1975,19506,2,2,0,2,0.953764941384782
4882,"Jane","Johnson",1988,15944,2,0,2,2,0.9851868388166
4883,"Emily","Jones",1980,12819,2,2,2,2,0.999606254813491
4884,"Olivia","Martinez",1989,16695,2,2,2,2,0.999606254813491
4885,"Emily","Jones",1981,13043,2,2,2,2,0.999606254813491
4886,"Emma","Garcia",1970,12220,2,0,2,2,0.9851868388166
4887,"Emily","Martinez",1977,19761,0,2,2,2,0.985296268614473
4888,"Michael","Johnson",1986,13958,2,0,2,2,0.9851868388166
4889,"John","Rodriguez",1998,17898,2,2,2,2,0.999606254813491
4890,"David","Jones",2000,11372,2,2,2,2,0.999606254813491
4891,"Jane","Davis",1996,12741,2,2,2,2,0.999606254813491
4892,"Sarah","Brown",1991,16350,0,2,2,2,0.985296268614473
4893,"William","Garcia",1985,15778,2,2,2,2,0.999606254813491
4894,"Emily","Smith",1987,11321,2,2,2,2,0.999606254813491
4895,"Olivia","Miller",1985,11625,0,2,2,2,0.985296268614473
4896,"David","Smith",1994,17533,2,2,2,2,0.999606254813491
4897,"William","Garcia",1992,16287,2,2,0,2,0.953764941384782
4898,"John","Rodriguez",1989,15401,2,0,2,2,0.9851868388166
4899,"Emma","Johnson",1994,10447,2,2,2,2,0.999606254813491
4900,"Olivia","Miller",1983,16327,2,2,2,2,0.999606254813491
4902,"James","Johnson",1976,18272,2,0,2,2,0.9851868388166
4903,"William","Jones",1984,11512,2,2,2,2,0.999606254813491
4904,"David","Davis",1983,14676,0,2,2,2,0.985296268614473
4905,"Sarah","Brown",1970,18268,2,2,0,2,0.953764941384782
4906,"Olivia","Miller",1982,17989,0,2,2,2,0.985296268614473
4907,"Emily","Martinez",1989,12252,2,2,2,2,0.999606254813491
4908,"Sarah","Brown",1982,10021,2,2,2,2,0.999606254813491
4909,"David","Miller",1976,10146,2,2,2,2,0.999606254813491
4910,"James","Jones",1979,19570,2,0,2,2,0.9851868388166
4911,"Michael","Rodriguez",1980,15902,2,2,0,2,0.953764941384782
4912,"William","Martinez",1984,16048,2,2,0,2,0.953764941384782
4913,"Emily","Jones",1986,19453,2,2,2,2,0.999606254813491
4914,"Sarah","Jones",1973,17069,2,0,2,2,0.9851868388166
4916,"James","Brown",1982,10610,2,2,2,2,0.999606254813491
4917,"David","Smith",1998,14964,2,2,2,2,0.999606254813491
4918,"Jane","Brown",1983,17726,2,2,2,2,0.999606254813491
4920,"Michael","Jones",1975,12895,2,2,2,2,0.999606254813491
4921,"Sarah","Miller",1973,18049,2,0,2,2,0.9851868388166
4922,"John","Rodriguez",1975,14310,2,2,2,2,0.999606254813491
4923,"Sarah","Rodriguez",1974,11960,2,2,2,2,0.999606254813491
4924,"Michael","Johnson",1991,18357,2,2,2,2,0.999606254813491
4926,"William","Miller",1986,13213,2,2,2,2,0.999606254813491
4927,"Sarah","Smith",1992,11720,2,2,2,2,0.999606254813491
4928,"Olivia","Smith",1997,15120,0,2,2,2,0.985296268614473
4929,"Emily","Davis",1980,14379,2,2,2,2,0.999606254813491
4930,"David","Garcia",1988,16217,2,2,0,2,0.953764941384782
4931,"Emma","Martinez",1985,13813,2,2,2,2,0.999606254813491
4932,"Emma","Brown",1975,18124,2,2,2,2,0.999606254813491
4933,"Michael","Miller",1989,11881,2,0,2,2,0.9851868388166
4934,"Olivia","Williams",1978,19698,2,2,2,2,0.999606254813491
4935,"Jane","Garcia",1983,17831,2,0,2,2,0.9851868388166
4937,"Jane","Miller",1979,16408,0,2,2,2,0.985296268614473
4938,"Olivia","Martinez",1997,16891,2,0,2,2,0.9851868388166
4939,"David","Miller",1990,16370,0,2,2,2,0.985296268614473
4940,"James","Smith",1972,14536,0,2,2,2,0.985296268614473
4941,"Emma","Smith",1990,14217,2,2,2,2,0.999606254813491
4942,"Jane","Smith",1992,11515,2,2,0,2,0.953764941384782
4943,"David","Davis",1996,14252,2,0,2,2,0.9851868388166
4944,"John","Williams",1995,16920,2,2,2,2,0.999606254813491
4946,"Sarah","Johnson",1980,19530,2,0,2,2,0.9851868388166
4948,"David","Rodriguez",1986,12815,0,2,2,2,0.985296268614473
4949,"Emily","Miller",1994,11565,2,0,2,2,0.9851868388166
4950,"Olivia","Martinez",1988,16630,2,2,2,2,0.999606254813491
4951,"David","Miller",1985,10357,2,0,2,2,0.9851868388166
4952,"Jane","Miller",1975,16335,2,2,2,2,0.999606254813491
4953,"Sarah","Brown",1980,15887,0,2,2,2,0.985296268614473
4954,"Sarah","Williams",1979,18543,2,2,2,2,0.999606254813491
4955,"Sarah","Davis",1996,16336,2,2,2,2,0.999606254813491
4956,"James","Rodriguez",1992,11322,2,0,2,2,0.9851868388166
4957,"Jane","Davis",1973,16961,2,2,2,2,0.999606254813491
4959,"James","Martinez",1981,17753,2,2,2,2,0.999606254813491
4960,"Michael","Williams",1971,13061,2,2,2,2,0.999606254813491
4961,"Sarah","Smith",1972,10970,2,2,2,2,0.999606254813491
4962,"Emma","Jones",1982,19913,2,2,2,2,0.999606254813491
4964,"Michael","Garcia",1996,11885,2,2,2,2,0.999606254813491
4965,"Emily","Martinez",1990,14209,2,0,2,2,0.9851868388166
4967,"Olivia","Rodriguez",1998,14067,2,2,2,2,0.999606254813491
4968,"Olivia","Smith",1977,14965,2,2,2,2,0.999606254813491
4969,"Sarah","Johnson",1989,19123,2,2,2,2,0.999606254813491
4970,"Emily","Smith",1973,12318,2,2,2,2,0.999606254813491
4971,"Michael","Johnson",1978,16066,2,0,2,2,0.9851868388166
4972,"Emily","Martinez",1971,15914,2,0,2,2,0.9851868388166
4973,"Sarah","Williams",1981,15629,2,0,2,2,0.9851868388166
4974,"Jane","Smith",1981,11661,2,0,2,2,0.9851868388166
4976,"James","Brown",1976,14642,2,0,2,2,0.9851868388166
4977,"David","Brown",1996,16288,2,2,2,2,0.999606254813491
4978,"John","Martinez",1995,19542,2,0,2,2,0.9851868388166
4979,"Jane","Johnson",1979,18493,2,2,0,2,0.953764941384782
4980,"David","Williams",1999,16628,2,2,2,2,0.999606254813491
4982,"Jane","Rodriguez",1997,15579,0,2,2,2,0.985296268614473
4983,"Emma","Davis",1976,15666,0,2,2,2,0.985296268614473
4985,"Emily","Johnson",1977,10482,2,2,2,2,0.999606254813491
4986,"Sarah","Smith",1986,10155,0,2,2,2,0.985296268614473
4987,"David","Brown",1981,10008,2,2,0,2,0.953764941384782
4988,"Michael","Brown",1976,11199,2,2,2,2,0.999606254813491
4989,"Michael","Rodriguez",1995,10771,2,2,2,2,0.999606254813491
4990,"Jane","Garcia",1984,19442,2,2,2,2,0.999606254813491
4991,"Emily","Jones",1993,17455,2,2,2,2,0.999606254813491
4992,"Jane","Rodriguez",1990,10673,2,2,2,2,0.999606254813491
4993,"David","Martinez",1979,16550,2,2,2,2,0.999606254813491
4994,"James","Williams",1988,15625,2,2,0,2,0.953764941384782
4995,"James","Rodriguez",1998,13889,2,2,2,2,0.999606254813491
4996,"John","Johnson",1972,12619,2,2,2,2,0.999606254813491
4997,"Emily","Johnson",1985,17624,2,2,2,2,0.999606254813491
4998,"David","Jones",1992,19321,2,0,2,2,0.9851868388166
4999,"Michael","Martinez",2000,17830,2,2,2,2,0.999606254813491
5000,"Emily","Miller",1980,12111,2,2,2,2,0.999606254813491
5001,"Jane","Brown",1977,14978,2,0,2,2,0.9851868388166
5002,"Sarah","Davis",1980,14503,2,2,2,2,0.999606254813491
5003,"John","Williams",1970,13969,0,2,2,2,0.985296268614473
5004,"Emily","Rodriguez",1997,10356,2,2,2,2,0.999606254813491
5005,"Jane","Martinez",1996,18944,0,2,2,2,0.985296268614473
5006,"David","Miller",1983,10956,2,2,2,2,0.999606254813491
5007,"James","Miller",1976,15541,2,2,2,2,0.999606254813491
5009,"Emily","Williams",1973,11863,2,0,2,2,0.9851868388166
5010,"James","Jones",1988,19173,2,2,0,2,0.953764941384782
5011,"James","Miller",1998,13404,0,2,2,2,0.985296268614473
5012,"Emma","Johnson",1984,12473,2,2,2,2,0.999606254813491
5013,"James","Smith",1988,11417,2,2,2,2,0.999606254813491
5014,"James","Jones",1974,15069,2,2,2,2,0.999606254813491
5015,"James","Williams",1979,11348,0,2,2,2,0.985296268614473
5016,"David","Martinez",1999,15994,2,2,2,2,0.999606254813491
5017,"Michael","Garcia",1993,15384,2,0,2,2,0.9851868388166
5018,"Michael","Brown",1970,19803,2,2,2,2,0.999606254813491
5019,"Michael","Rodriguez",1970,10108,0,2,2,2,0.985296268614473
5020,"Olivia","Rodriguez",1990,13391,2,2,2,2,0.999606254813491
5021,"Sarah","Rodriguez",1984,13758,2,2,2,2,0.999606254813491
5022,"David","Smith",1986,11249,2,2,2,2,0.999606254813491
5023,"James","Johnson",1973,10526,2,2,0,2,0.953764941384782
5025,"Michael","Davis",1992,17018,2,0,2,2,0.9851868388166
5026,"Olivia","Johnson",1999,17511,2,2,0,2,0.953764941384782
5027,"Michael","Williams",1990,19631,2,2,2,2,0.999606254813491
5028,"James","Jones",1991,17541,2,2,2,2,0.999606254813491
5029,"William","Smith",1989,15892,0,2,2,2,0.985296268614473
5030,"James","Miller",1998,10887,2,2,2,2,0.999606254813491
5032,"James","Miller",1983,17503,2,0,2,2,0.9851868388166
5033,"William","Brown",1970,15203,2,2,0,2,0.953764941384782
5034,"William","Johnson",1977,18492,2,2,2,2,0.999606254813491
5035,"James","Jones",1999,11228,2,2,2,2,0.999606254813491
5036,"John","Davis",1993,13582,0,2,2,2,0.985296268614473
5037,"Emily","Garcia",1990,14995,0,2,2,2,0.985296268614473
5038,"Emily","Garcia",1986,15632,2,2,2,2,0.999606254813491
5039,"Michael","Miller",1971,15997,0,2,2,2,0.985296268614473
5040,"Emma","Rodriguez",1975,16365,2,2,2,2,0.999606254813491
5041,"Michael","Jones",1990,14837,2,2,2,2,0.999606254813491
5042,"Jane","Miller",1991,16469,2,2,2,2,0.999606254813491
5043,"Jane","Garcia",1971,15038,2,2,0,2,0.953764941384782
5044,"Emily","Smith",1971,16904,2,2,0,2,0.953764941384782
5045,"David","Jones",1972,16142,2,2,2,2,0.999606254813491
5047,"Sarah","Williams",1970,12384,2,0,2,2,0.9851868388166
5048,"John","Williams",1991,13968,2,2,2,2,0.999606254813491
5049,"John","Smith",1972,19871,2,2,2,2,0.999606254813491
5050,"Emma","Brown",1976,19384,2,2,2,2,0.999606254813491
5051,"Michael","Williams",1987,13262,2,2,2,2,0.999606254813491
5052,"William","Davis",1997,12101,2,2,2,2,0.999606254813491
5053,"James","Jones",1989,12701,2,2,2,2,0.999606254813491
5054,"Jane","Davis",1988,16956,2,2,2,2,0.999606254813491
5055,"John","Brown",1984,15067,2,2,2,2,0.999606254813491
5057,"John","Johnson",1974,18266,2,2,2,2,0.999606254813491
5058,"Olivia","Smith",2000,11667,2,2,2,2,0.999606254813491
5062,"Sarah","Jones",1982,16224,2,0,2,2,0.9851868388166
5063,"Olivia","Garcia",1972,15323,0,2,2,2,0.985296268614473
5064,"David","Rodriguez",1998,15623,2,2,0,2,0.953764941384782
5066,"Olivia","Miller",1986,16704,2,2,2,2,0.999606254813491
5067,"William","Garcia",1993,18943,0,2,2,2,0.985296268614473
5068,"Michael","Smith",2000,14323,2,2,2,2,0.999606254813491
5069,"Michael","Jones",1992,10729,2,2,0,2,0.953764941384782
5071,"James","Rodriguez",1976,12650,2,2,2,2,0.999606254813491
5072,"Jane","Rodriguez",1993,14594,2,2,2,2,0.999606254813491
5073,"Emily","Smith",1992,17945,0,2,2,2,0.985296268614473
5074,"Michael","Williams",1975,12085,2,2,2,2,0.999606254813491
5075,"Olivia","Garcia",1979,11561,2,2,0,2,0.953764941384782
5076,"Jane","Miller",1995,14674,0,2,2,2,0.985296268614473
5077,"John","Brown",2000,16926,0,2,2,2,0.985296268614473
5078,"Jane","Brown",1981,14165,2,2,2,2,0.999606254813491
5079,"Michael","Davis",1990,18647,2,2,2,2,0.999606254813491
5080,"Michael","Brown",1972,16450,2,2,2,2,0.999606254813491
5081,"William","Johnson",1998,13392,0,2,2,2,0.985296268614473
5082,"Jane","Martinez",1973,18154,2,2,0,2,0.953764941384782
5083,"Emily","Davis",1971,11467,2,0,2,2,0.9851868388166
5084,"John","Martinez",1990,15776,2,2,2,2,0.999606254813491
5085,"Jane","Davis",1996,10357,2,2,2,2,0.999606254813491
5086,"William","Smith",2000,17096,2,0,2,2,0.9851868388166
5087,"Emma","Davis",1972,10920,2,2,0,2,0.953764941384782
5088,"John","Johnson",1972,13118,2,2,0,2,0.953764941384782
5089,"Sarah","Davis",1988,19592,2,0,2,2,0.9851868388166
5090,"Sarah","Davis",1998,11365,2,2,2,2,0.999606254813491
5091,"James","Garcia",1983,11701,2,2,0,2,0.953764941384782
5092,"Michael","Brown",1988,13961,2,2,0,2,0.953764941384782
5093,"Sarah","Garcia",1984,16286,2,2,2,2,0.999606254813491
5094,"Jane","Garcia",1982,18961,2,2,0,2,0.953764941384782
5096,"Michael","Martinez",1980,12681,2,0,2,2,0.9851868388166
5097,"William","Smith",1974,16453,2,2,2,2,0.999606254813491
5098,"William","Jones",1980,16861,0,2,2,2,0.985296268614473
5099,"William","Miller",1999,17755,2,2,0,2,0.953764941384782
5101,"James","Rodriguez",1985,11606,2,2,2,2,0.999606254813491
5102,"Olivia","Martinez",1997,10089,0,2,2,2,0.985296268614473
5103,"David","Rodriguez",1978,16787,2,0,2,2,0.9851868388166
5104,"Olivia","Rodriguez",1977,17743,2,2,2,2,0.999606254813491
5105,"William","Jones",1974,13799,0,2,2,2,0.985296268614473
5106,"Jane","Johnson",1974,15616,2,0,2,2,0.9851868388166
5107,"David","Smith",1986,18187,0,2,2,2,0.985296268614473
5108,"James","Martinez",1991,14306,2,2,0,2,0.953764941384782
5109,"Emily","Garcia",1974,17861,0,2,2,2,0.985296268614473
5110,"James","Smith",2000,19125,2,2,0,2,0.953764941384782
5111,"Michael","Martinez",1995,10157,0,2,2,2,0.985296268614473
5112,"John","Rodriguez",1970,18663,2,2,2,2,0.999606254813491
5115,"Olivia","Miller",1987,13656,2,2,0,2,0.953764941384782
5117,"Olivia","Martinez",1987,11880,2,2,2,2,0.999606254813491
5118,"John","Martinez",2000,12981,2,2,2,2,0.999606254813491
5120,"Jane","Jones",1972,13478,2,2,2,2,0.999606254813491
5121,"Emily","Smith",1998,17859,2,2,0,2,0.953764941384782
5122,"Michael","Martinez",1983,12615,2,2,2,2,0.999606254813491
5123,"Sarah","Johnson",1976,13875,2,2,2,2,0.999606254813491
5124,"Jane","Miller",1987,15640,0,2,2,2,0.985296268614473
5125,"Jane","Davis",1973,16059,2,2,0,2,0.953764941384782
5126,"Emma","Johnson",1973,18284,0,2,2,2,0.985296268614473
5127,"Jane","Brown",1981,18899,2,0,2,2,0.9851868388166
5129,"William","Brown",1973,18270,2,2,0,2,0.953764941384782
5130,"Jane","Johnson",1973,14749,2,2,2,2,0.999606254813491
5132,"Olivia","Brown",1985,16772,2,2,0,2,0.953764941384782
5135,"Jane","Williams",1997,14037,2,2,2,2,0.999606254813491
5136,"Michael","Garcia",1986,16769,2,0,2,2,0.9851868388166
5137,"David","Miller",1983,12941,2,2,2,2,0.999606254813491
5139,"James","Rodriguez",2000,11047,2,2,2,2,0.999606254813491
5140,"William","Williams",1990,11139,2,2,2,2,0.999606254813491
5141,"Olivia","Smith",1986,16253,2,2,2,2,0.999606254813491
5142,"Olivia","Johnson",1995,19949,2,2,2,2,0.999606254813491
5143,"Emily","Martinez",1989,12393,2,2,2,2,0.999606254813491
5144,"Jane","Brown",1999,18316,0,2,2,2,0.985296268614473
5145,"Jane","Davis",1971,11361,2,0,2,2,0.9851868388166
5146,"Jane","Miller",1978,14523,2,2,0,2,0.953764941384782
5147,"Sarah","Garcia",1998,17054,0,2,2,2,0.985296268614473
5148,"Olivia","Brown",2000,10053,2,2,2,2,0.999606254813491
5149,"Sarah","Johnson",1995,11326,2,2,2,2,0.999606254813491
5150,"James","Garcia",1982,14831,2,2,2,2,0.999606254813491
5151,"Michael","Martinez",1978,19273,2,2,2,2,0.999606254813491
5152,"David","Brown",1999,12271,2,2,2,2,0.999606254813491
5153,"James","Miller",1991,16500,2,2,2,2,0.999606254813491
5154,"Emma","Jones",1997,19458,0,2,2,2,0.985296268614473
5155,"Olivia","Smith",1984,18446,2,2,0,2,0.953764941384782
5156,"Michael","Garcia",1987,10441,2,0,2,2,0.9851868388166
5157,"Emma","Johnson",1991,11422,2,2,2,2,0.999606254813491
5158,"David","Garcia",1984,18648,2,2,0,2,0.953764941384782
5159,"Jane","Smith",1979,10336,0,2,2,2,0.985296268614473
5160,"John","Jones",1983,16025,2,2,0,2,0.953764941384782
5161,"John","Jones",1992,14420,0,2,2,2,0.985296268614473
5162,"Michael","Garcia",1995,11923,2,2,2,2,0.999606254813491
5163,"Michael","Johnson",1993,11004,2,2,0,2,0.953764941384782
5164,"William","Miller",1988,12279,2,2,2,2,0.999606254813491
5165,"Olivia","Smith",1990,17181,2,0,2,2,0.9851868388166
5168,"John","Rodriguez",1992,11483,2,2,2,2,0.999606254813491
5169,"John","Williams",1972,15030,2,2,2,2,0.999606254813491
5171,"Emily","Williams",1984,10647,2,2,2,2,0.999606254813491
5172,"James","Johnson",1997,14228,2,2,2,2,0.999606254813491
5174,"Olivia","Martinez",1987,12411,2,2,2,2,0.999606254813491
5175,"Jane","Jones",1972,16044,2,2,2,2,0.999606254813491
5176,"Olivia","Martinez",1995,11460,2,2,0,2,0.953764941384782
5177,"James","Miller",1997,14684,2,2,2,2,0.999606254813491
5178,"David","Jones",1995,19344,2,2,2,2,0.999606254813491
5179,"Emma","Miller",1974,13768,2,2,0,2,0.953764941384782
5180,"David","Miller",1996,19779,2,2,0,2,0.953764941384782
5181,"Olivia","Smith",1997,12503,2,2,2,2,0.999606254813491
5182,"Jane","Davis",1976,19669,2,2,2,2,0.999606254813491
5183,"Michael","Miller",1987,19024,2,2,2,2,0.999606254813491
5184,"Michael","Jones",1989,17673,2,2,2,2,0.999606254813491
5185,"Emma","Williams",1982,11989,0,2,2,2,0.985296268614473
5187,"Emma","Johnson",1978,17078,2,2,0,2,0.953764941384782
5188,"Emily","Brown",1987,10544,2,2,2,2,0.999606254813491
5189,"David","Rodriguez",1988,13039,2,2,2,2,0.999606254813491
5190,"John","Jones",1997,14218,0,2,2,2,0.985296268614473
5191,"David","Smith",1974,18171,2,2,2,2,0.999606254813491
5192,"James","Davis",2000,16217,0,2,2,2,0.985296268614473
5193,"William","Rodriguez",1983,18303,2,2,2,2,0.999606254813491
5194,"Sarah","Rodriguez",1977,15233,2,0,2,2,0.9851868388166
5195,"John","Davis",1976,11971,2,2,2,2,0.999606254813491
5196,"Olivia","Miller",2000,14981,2,2,2,2,0.999606254813491
5197,"John","Martinez",1978,16250,0,2,2,2,0.985296268614473
5199,"Olivia","Smith",1998,11253,2,2,2,2,0.999606254813491
5200,"David","Rodriguez",1983,11727,2,2,2,2,0.999606254813491
5201,"Emma","Smith",1996,14553,2,2,2,2,0.999606254813491
5202,"Jane","Garcia",1982,13358,2,2,2,2,0.999606254813491
5203,"Sarah","Williams",1980,15684,2,2,2,2,0.999606254813491
5204,"William","Jones",1972,10651,2,2,2,2,0.999606254813491
5205,"William","Williams",1982,18607,0,2,2,2,0.985296268614473
5207,"Emma","Brown",1980,10813,0,2,2,2,0.985296268614473
5208,"James","Garcia",1978,18963,2,2,2,2,0.999606254813491
5209,"David","Miller",1989,13244,2,2,2,2,0.999606254813491
5211,"David","Williams",1973,19879,0,2,2,2,0.985296268614473
5212,"David","Williams",2000,10241,2,2,2,2,0.999606254813491
5214,"Michael","Garcia",1974,12202,2,2,2,2,0.999606254813491
5215,"William","Miller",1972,10556,0,2,2,2,0.985296268614473
5216,"Sarah","Garcia",2000,18566,2,2,2,2,0.999606254813491
5217,"Sarah","Jones",1979,17500,2,2,2,2,0.999606254813491
5218,"Jane","Smith",1992,10961,2,2,0,2,0.953764941384782
5219,"Emily","Rodriguez",1988,19616,2,0,2,2,0.9851868388166
5220,"Sarah","Johnson",1977,18336,2,2,2,2,0.999606254813491
5221,"David","Davis",1989,15319,2,2,2,2,0.999606254813491
5222,"John","Rodriguez",1972,10203,2,0,2,2,0.9851868388166
5223,"Sarah","Rodriguez",2000,13702,0,2,2,2,0.985296268614473
5224,"Emily","Miller",1970,13880,2,2,2,2,0.999606254813491
5225,"James","Smith",1975,11352,2,0,2,2,0.9851868388166
5226,"Emma","Martinez",1978,13307,2,2,0,2,0.953764941384782
5227,"Jane","Brown",1988,19511,2,0,2,2,0.9851868388166
5228,"Michael","Miller",1970,12350,2,2,2,2,0.999606254813491
5229,"William","Brown",1994,13439,0,2,2,2,0.985296268614473
5231,"William","Martinez",1988,10098,2,2,2,2,0.999606254813491
5232,"James","Williams",1973,13917,2,2,2,2,0.999606254813491
5234,"Michael","Johnson",1970,13331,2,2,0,2,0.953764941384782
5235,"Sarah","Brown",1991,16848,2,2,2,2,0.999606254813491
5236,"Michael","Brown",1977,16239,2,2,2,2,0.999606254813491
5237,"Emily","Jones",1998,10595,2,2,2,2,0.999606254813491
5238,"James","Williams",1984,18729,0,2,2,2,0.985296268614473
5239,"Olivia","Martinez",1979,14352,0,2,2,2,0.985296268614473
5240,"Olivia","Davis",1975,14214,2,2,2,2,0.999606254813491
5241,"Emily","Brown",1975,11246,2,2,2,2,0.999606254813491
5242,"Emma","Garcia",1971,10681,2,0,2,2,0.9851868388166
5243,"Emily","Jones",1980,13139,0,2,2,2,0.985296268614473
5244,"Emma","Jones",1981,18986,0,2,2,2,0.985296268614473
5245,"Michael","Brown",1987,11082,2,2,2,2,0.999606254813491
5246,"Sarah","Jones",1985,16904,2,2,2,2,0.999606254813491
5247,"John","Davis",1986,19640,2,2,2,2,0.999606254813491
5248,"Sarah","Davis",1988,18697,2,0,2,2,0.9851868388166
5249,"John","Johnson",1991,12764,2,2,0,2,0.953764941384782
5250,"James","Smith",1979,19413,2,0,2,2,0.9851868388166
5251,"Michael","Martinez",1970,14468,2,2,2,2,0.999606254813491
5252,"Sarah","Brown",1995,14617,2,0,2,2,0.9851868388166
5254,"James","Martinez",2000,14040,0,2,2,2,0.985296268614473
5255,"Emily","Garcia",1987,13862,2,2,2,2,0.999606254813491
5256,"John","Smith",1975,17423,2,2,2,2,0.999606254813491
5257,"James","Miller",1980,14147,0,2,2,2,0.985296268614473
5258,"David","Davis",1985,17925,0,2,2,2,0.985296268614473
5259,"Emma","Brown",1981,14816,2,2,2,2,0.999606254813491
5260,"James","Jones",1971,10155,2,2,2,2,0.999606254813491
5261,"Emma","Miller",1986,16798,0,2,2,2,0.985296268614473
5262,"David","Williams",1995,11710,2,0,2,2,0.9851868388166
5263,"William","Jones",1972,16704,2,2,2,2,0.999606254813491
5265,"John","Williams",1986,14810,2,2,2,2,0.999606254813491
5267,"John","Johnson",1983,13251,0,2,2,2,0.985296268614473
5268,"James","Jones",1981,11256,2,2,2,2,0.999606254813491
5269,"David","Smith",1974,15591,2,2,2,2,0.999606254813491
5270,"David","Johnson",1975,12389,2,2,2,2,0.999606254813491
5272,"Sarah","Martinez",1994,16595,2,2,2,2,0.999606254813491
5273,"David","Miller",1977,14230,2,2,0,2,0.953764941384782
5274,"Olivia","Brown",1998,11038,2,2,2,2,0.999606254813491
5275,"John","Brown",1985,14241,2,2,0,2,0.953764941384782
5276,"Sarah","Garcia",1976,14254,2,2,2,2,0.999606254813491
5277,"Michael","Martinez",1987,12106,2,0,2,2,0.9851868388166
5280,"William","Jones",1993,12318,0,2,2,2,0.985296268614473
5282,"David","Rodriguez",1993,11467,2,2,2,2,0.999606254813491
5283,"John","Williams",1971,15847,2,0,2,2,0.9851868388166
5284,"Emily","Johnson",1978,17942,2,0,2,2,0.9851868388166
5285,"Olivia","Martinez",1972,13229,2,2,2,2,0.999606254813491
5286,"Olivia","Martinez",1980,19780,2,2,2,2,0.999606254813491
5287,"James","Martinez",1992,19005,2,0,2,2,0.9851868388166
5288,"Jane","Davis",1981,16110,2,2,2,2,0.999606254813491
5289,"John","Martinez",1985,13210,0,2,2,2,0.985296268614473
5290,"Michael","Garcia",1979,16831,2,2,2,2,0.999606254813491
5291,"John","Garcia",1982,19257,2,2,2,2,0.999606254813491
5292,"David","Johnson",1976,11754,2,0,2,2,0.9851868388166
5293,"Emma","Martinez",1987,20000,2,2,2,2,0.999606254813491
5294,"David","Smith",1998,14790,0,2,2,2,0.985296268614473
5295,"Jane","Jones",1984,18993,0,2,2,2,0.985296268614473
5297,"Sarah","Davis",1980,14961,2,2,2,2,0.999606254813491
5298,"Jane","Rodriguez",2000,17120,2,2,0,2,0.953764941384782
5299,"William","Smith",1988,12311,0,2,2,2,0.985296268614473
5300,"William","Martinez",1978,16902,2,2,2,2,0.999606254813491
5302,"David","Johnson",1973,12719,2,0,2,2,0.9851868388166
5303,"James","Johnson",1997,15956,0,2,2,2,0.985296268614473
5304,"Sarah","Garcia",1984,19800,2,0,2,2,0.9851868388166
5305,"Michael","Brown",1981,15471,2,0,2,2,0.9851868388166
5306,"Michael","Garcia",1973,17539,2,2,2,2,0.999606254813491
5307,"Michael","Miller",1977,11056,2,2,0,2,0.953764941384782
5309,"Emma","Miller",1985,13239,2,0,2,2,0.9851868388166
5310,"William","Brown",1982,15777,2,2,2,2,0.999606254813491
5311,"Emily","Brown",1999,17592,2,2,2,2,0.999606254813491
5312,"James","Jones",1976,18992,2,2,2,2,0.999606254813491
5313,"David","Martinez",1990,16785,2,2,2,2,0.999606254813491
5314,"James","Johnson",1988,11341,2,2,2,2,0.999606254813491
5315,"David","Rodriguez",1997,10065,2,2,2,2,0.999606254813491
5316,"Emily","Rodriguez",1986,16884,0,2,2,2,0.985296268614473
5317,"John","Rodriguez",1990,13143,2,0,2,2,0.9851868388166
5318,"Sarah","Martinez",1977,12959,2,2,2,2,0.999606254813491
5319,"James","Williams",1976,11070,2,2,2,2,0.999606254813491
5320,"William","Martinez",1983,15157,2,2,2,2,0.999606254813491
5321,"Michael","Miller",1990,16367,2,0,2,2,0.9851868388166
5324,"John","Martinez",1979,16591,2,2,2,2,0.999606254813491
5325,"Sarah","Smith",1978,10195,2,2,2,2,0.999606254813491
5326,"John","Martinez",1993,17421,2,0,2,2,0.9851868388166
5327,"William","Rodriguez",1983,19784,2,2,0,2,0.953764941384782
5328,"Sarah","Miller",1996,13978,2,2,2,2,0.999606254813491
5330,"Emma","Brown",1988,15206,2,0,2,2,0.9851868388166
5331,"John","Williams",2000,18058,0,2,2,2,0.985296268614473
5332,"Olivia","Jones",1992,17143,2,2,2,2,0.999606254813491
5333,"Emily","Davis",1973,19046,0,2,2,2,0.985296268614473
5334,"William","Miller",1970,17042,2,2,2,2,0.999606254813491
5335,"Emma","Brown",1975,13763,2,2,2,2,0.999606254813491
5336,"John","Johnson",1985,11100,2,2,2,2,0.999606254813491
5337,"Emma","Brown",1972,12345,2,2,2,2,0.999606254813491
5338,"Sarah","Smith",1980,14971,2,2,2,2,0.999606254813491
5339,"James","Rodriguez",1980,19605,2,2,2,2,0.999606254813491
5340,"Emma","Jones",1982,11569,0,2,2,2,0.985296268614473
5341,"David","Brown",1986,18610,2,2,2,2,0.999606254813491
5343,"Sarah","Davis",1971,12975,2,2,0,2,0.953764941384782
5344,"William","Davis",1973,18082,0,2,2,2,0.985296268614473
5345,"Emma","Johnson",1988,15695,2,2,2,2,0.999606254813491
5346,"Michael","Miller",1973,17487,0,2,2,2,0.985296268614473
5348,"Michael","Jones",1993,15182,2,2,2,2,0.999606254813491
5349,"Michael","Jones",1992,14527,2,2,2,2,0.999606254813491
5350,"Sarah","Davis",2000,11063,2,0,2,2,0.9851868388166
5351,"James","Jones",1977,13837,2,2,2,2,0.999606254813491
5352,"Emily","Brown",1984,16133,0,2,2,2,0.985296268614473
5353,"John","Davis",1975,13947,2,2,2,2,0.999606254813491
5356,"Emma","Williams",1986,14332,2,2,2,2,0.999606254813491
5357,"William","Garcia",1991,10655,2,2,2,2,0.999606254813491
5358,"John","Martinez",1981,11029,2,2,2,2,0.999606254813491
5361,"Jane","Garcia",1970,19687,2,2,0,2,0.953764941384782
5362,"William","Johnson",1991,12154,2,0,2,2,0.9851868388166
5363,"Emily","Martinez",2000,10962,2,2,2,2,0.999606254813491
5364,"Emily","Williams",1987,14719,2,2,0,2,0.953764941384782
5365,"Olivia","Martinez",1994,13149,2,2,2,2,0.999606254813491
5366,"Jane","Miller",1993,18176,2,2,2,2,0.999606254813491
5368,"Emily","Smith",1970,12751,2,2,0,2,0.953764941384782
5370,"James","Brown",1982,11684,2,2,2,2,0.999606254813491
5371,"Sarah","Smith",1984,18805,2,2,2,2,0.999606254813491
5372,"James","Johnson",1991,17098,0,2,2,2,0.985296268614473
5373,"John","Davis",1988,13991,2,2,0,2,0.953764941384782
5374,"John","Miller",1985,18240,0,2,2,2,0.985296268614473
5375,"Emma","Smith",1998,16158,2,2,0,2,0.953764941384782
5376,"Emma","Smith",1975,19778,2,2,0,2,0.953764941384782
5377,"Olivia","Davis",1986,19693,2,2,2,2,0.999606254813491
5379,"Jane","Martinez",1996,11309,2,0,2,2,0.9851868388166
5380,"David","Garcia",1974,13047,0,2,2,2,0.985296268614473
5381,"John","Garcia",1998,19594,0,2,2,2,0.985296268614473
5382,"Michael","Jones",1970,18958,0,2,2,2,0.985296268614473
5384,"John","Rodriguez",1980,19604,2,2,2,2,0.999606254813491
5385,"James","Martinez",1998,19017,0,2,2,2,0.985296268614473
5386,"Emma","Williams",1993,13939,2,2,2,2,0.999606254813491
5387,"Emily","Jones",1979,17572,2,2,2,2,0.999606254813491
5388,"Emily","Rodriguez",1987,11156,2,2,2,2,0.999606254813491
5389,"David","Martinez",1978,12023,0,2,2,2,0.985296268614473
5390,"Jane","Johnson",1998,15173,2,2,2,2,0.999606254813491
5392,"William","Martinez",1990,17094,2,2,2,2,0.999606254813491
5393,"John","Davis",1990,15484,2,2,2,2,0.999606254813491
5394,"Michael","Rodriguez",1983,17750,0,2,2,2,0.985296268614473
5395,"Emma","Rodriguez",1972,16754,2,2,0,2,0.953764941384782
5396,"Jane","Martinez",1971,17722,2,0,2,2,0.9851868388166
5397,"Michael","Martinez",1974,15084,2,2,2,2,0.999606254813491
5398,"David","Smith",1981,10690,2,0,2,2,0.9851868388166
5399,"John","Williams",1980,14906,0,2,2,2,0.985296268614473
5400,"Emily","Smith",1974,11361,2,2,2,2,0.999606254813491
5401,"Olivia","Davis",1978,18502,2,0,2,2,0.9851868388166
5403,"Emily","Miller",1986,19124,0,2,2,2,0.985296268614473
5404,"David","Miller",1989,15021,2,2,2,2,0.999606254813491
5405,"Jane","Jones",1987,19623,2,2,2,2,0.999606254813491
5406,"David","Rodriguez",1994,18406,2,2,0,2,0.953764941384782
5407,"David","Miller",1973,12614,2,2,2,2,0.999606254813491
5408,"John","Smith",1992,10674,2,2,2,2,0.999606254813491
5409,"William","Smith",1990,19801,2,2,2,2,0.999606254813491
5410,"James","Jones",1984,12530,2,2,2,2,0.999606254813491
5411,"Sarah","Davis",1988,15329,2,2,2,2,0.999606254813491
5412,"William","Smith",1983,12154,2,2,0,2,0.953764941384782
5413,"James","Brown",1992,10740,2,2,2,2,0.999606254813491
5414,"Emily","Williams",1983,10058,2,0,2,2,0.9851868388166
5415,"Emily","Rodriguez",1975,18673,0,2,2,2,0.985296268614473
5416,"William","Martinez",1995,12136,0,2,2,2,0.985296268614473
5417,"David","Johnson",1983,17297,2,2,2,2,0.999606254813491
5418,"Olivia","Jones",1985,17319,2,2,2,2,0.999606254813491
5419,"Sarah","Miller",1993,16435,2,0,2,2,0.9851868388166
5420,"William","Martinez",1999,19420,2,2,2,2,0.999606254813491
5421,"Jane","Johnson",1999,11637,2,2,2,2,0.999606254813491
5422,"Jane","Garcia",1974,10095,2,2,0,2,0.953764941384782
5423,"James","Smith",1976,18387,2,0,2,2,0.9851868388166
5424,"Emily","Brown",1973,18491,2,2,0,2,0.953764941384782
5426,"John","Davis",1978,13690,2,2,2,2,0.999606254813491
5427,"Jane","Miller",1988,13143,2,0,2,2,0.9851868388166
5428,"James","Davis",1992,16334,2,0,2,2,0.9851868388166
5429,"Michael","Miller",1985,11909,2,2,2,2,0.999606254813491
5430,"John","Martinez",1972,13727,2,2,2,2,0.999606254813491
5431,"Sarah","Johnson",1990,18121,2,0,2,2,0.9851868388166
5432,"James","Williams",1983,19650,2,0,2,2,0.9851868388166
5433,"Jane","Jones",1998,13388,2,2,2,2,0.999606254813491
5434,"William","Miller",1973,15529,2,2,2,2,0.999606254813491
5435,"John","Martinez",1992,19548,0,2,2,2,0.985296268614473
5436,"James","Brown",1973,19628,2,2,0,2,0.953764941384782
5437,"John","Martinez",1975,12312,2,2,2,2,0.999606254813491
5438,"John","Miller",1994,13843,2,2,2,2,0.999606254813491
5440,"Emma","Rodriguez",1975,12531,2,2,0,2,0.953764941384782
5441,"Sarah","Garcia",1990,16966,2,2,2,2,0.999606254813491
5442,"John","Williams",1983,10484,2,2,2,2,0.999606254813491
5444,"Emily","Jones",2000,11818,2,2,2,2,0.999606254813491
5446,"Sarah","Williams",1984,18420,2,2,0,2,0.953764941384782
5447,"Emily","Williams",1986,15522,2,2,2,2,0.999606254813491
5449,"Michael","Martinez",1976,15888,2,2,0,2,0.953764941384782
5450,"Jane","Johnson",1998,17822,2,0,2,2,0.9851868388166
5451,"Emily","Davis",1984,18232,2,2,2,2,0.999606254813491
5452,"Jane","Williams",1993,11564,2,2,0,2,0.953764941384782
5453,"William","Smith",1980,14517,2,2,2,2,0.999606254813491
5454,"Michael","Brown",1990,12433,2,2,2,2,0.999606254813491
5455,"Emily","Garcia",1999,17560,2,2,2,2,0.999606254813491
5456,"Emily","Miller",1982,17617,2,2,2,2,0.999606254813491
5457,"James","Davis",1996,14833,2,2,2,2,0.999606254813491
5458,"Michael","Garcia",1973,18301,2,2,0,2,0.953764941384782
5459,"Sarah","Jones",1970,16699,2,2,2,2,0.999606254813491
5460,"John","Garcia",1972,16418,2,2,2,2,0.999606254813491
5461,"William","Smith",1988,10655,2,2,2,2,0.999606254813491
5462,"John","Johnson",1973,13482,2,2,2,2,0.999606254813491
5463,"Olivia","Miller",1985,10914,2,2,2,2,0.999606254813491
5464,"Emma","Miller",1979,12898,0,2,2,2,0.985296268614473
5465,"Jane","Miller",1987,16433,2,2,0,2,0.953764941384782
5466,"Emily","Williams",1975,19768,2,2,2,2,0.999606254813491
5467,"John","Brown",1996,12974,0,2,2,2,0.985296268614473
5468,"Sarah","Martinez",1981,12520,2,2,2,2,0.999606254813491
5469,"Michael","Jones",1976,15327,0,2,2,2,0.985296268614473
5470,"Emma","Davis",1979,18665,2,2,2,2,0.999606254813491
5471,"David","Rodriguez",1992,17076,2,2,2,2,0.999606254813491
5472,"Michael","Rodriguez",1984,16856,2,0,2,2,0.9851868388166
5473,"Michael","Brown",1971,10878,2,2,2,2,0.999606254813491
5474,"Olivia","Smith",1988,14688,0,2,2,2,0.985296268614473
5475,"David","Jones",1974,18852,2,2,2,2,0.999606254813491
5476,"James","Davis",1988,18228,2,0,2,2,0.9851868388166
5477,"William","Davis",2000,10711,0,2,2,2,0.985296268614473
5478,"David","Johnson",1971,13546,2,2,0,2,0.953764941384782
5479,"Sarah","Davis",1984,16882,2,0,2,2,0.9851868388166
5480,"John","Miller",1974,17195,2,2,2,2,0.999606254813491
5481,"Olivia","Rodriguez",1992,11214,2,2,2,2,0.999606254813491
5482,"Michael","Garcia",1997,19337,2,2,2,2,0.999606254813491
5483,"Olivia","Miller",1982,18697,0,2,2,2,0.985296268614473
5485,"Emily","Miller",1975,14888,0,2,2,2,0.985296268614473
5487,"James","Williams",1999,19867,2,2,2,2,0.999606254813491
5488,"Sarah","Martinez",2000,17109,2,2,2,2,0.999606254813491
5489,"Michael","Martinez",1986,12125,2,2,2,2,0.999606254813491
5490,"Sarah","Davis",1977,18444,2,2,0,2,0.953764941384782
5491,"Emily","Davis",1995,10725,2,2,2,2,0.999606254813491
5492,"Emily","Williams",1971,15722,0,2,2,2,0.985296268614473
5493,"Jane","Garcia",1987,19510,0,2,2,2,0.985296268614473
5494,"David","Brown",1999,12326,2,0,2,2,0.9851868388166
5495,"Olivia","Miller",1971,19346,2,2,2,2,0.999606254813491
5496,"Emily","Miller",1999,15740,2,2,2,2,0.999606254813491
5497,"Emma","Miller",1990,19012,2,2,2,2,0.999606254813491
5498,"David","Garcia",2000,12261,2,2,0,2,0.953764941384782
5500,"Sarah","Williams",1996,12088,2,2,2,2,0.999606254813491
7494,"Sarah","Williams",1996,12088,2,2,2,2,0.999606254813491
5501,"Sarah","Williams",1983,17683,0,2,2,2,0.985296268614473
5502,"Michael","Jones",1990,11434,0,2,2,2,0.985296268614473
5504,"John","Miller",1977,15221,2,2,2,2,0.999606254813491
5505,"John","Williams",1992,18948,2,2,0,2,0.953764941384782
5506,"William","Rodriguez",1975,15716,2,2,2,2,0.999606254813491
5507,"Emma","Williams",1985,17441,2,2,2,2,0.999606254813491
5508,"John","Smith",1997,12205,2,0,2,2,0.9851868388166
5509,"David","Brown",1989,13681,0,2,2,2,0.985296268614473
5511,"John","Smith",1984,15673,2,2,2,2,0.999606254813491
5512,"Michael","Davis",1970,16161,0,2,2,2,0.985296268614473
5513,"Olivia","Jones",1975,18226,2,2,2,2,0.999606254813491
5514,"John","Martinez",1983,10785,2,0,2,2,0.9851868388166
5515,"Jane","Williams",1992,10378,2,2,2,2,0.999606254813491
5516,"Sarah","Smith",1983,13519,2,2,2,2,0.999606254813491
5518,"David","Martinez",1998,19529,0,2,2,2,0.985296268614473
5519,"Jane","Garcia",1985,10761,2,2,2,2,0.999606254813491
5520,"David","Rodriguez",1979,19321,2,2,2,2,0.999606254813491
5521,"Sarah","Brown",1973,12473,0,2,2,2,0.985296268614473
5522,"Michael","Brown",1984,18968,2,2,2,2,0.999606254813491
5524,"Michael","Garcia",1986,15724,2,2,0,2,0.953764941384782
5525,"Michael","Rodriguez",1970,19968,2,2,2,2,0.999606254813491
5526,"Michael","Davis",1981,19438,2,2,2,2,0.999606254813491
5527,"John","Jones",1993,16605,2,0,2,2,0.9851868388166
5528,"David","Garcia",1978,16740,0,2,2,2,0.985296268614473
5529,"William","Johnson",1994,12057,0,2,2,2,0.985296268614473
5530,"John","Davis",1973,11628,2,0,2,2,0.9851868388166
5531,"Emma","Williams",1989,17281,2,2,0,2,0.953764941384782
5532,"John","Johnson",1975,15001,0,2,2,2,0.985296268614473
5533,"John","Martinez",1992,10903,0,2,2,2,0.985296268614473
5534,"William","Martinez",1977,13524,2,0,2,2,0.9851868388166
5535,"James","Smith",1993,10915,2,2,2,2,0.999606254813491
5536,"Emma","Brown",1992,10790,2,2,2,2,0.999606254813491
5539,"Emily","Miller",1976,13568,2,2,0,2,0.953764941384782
5540,"Jane","Brown",1985,19204,2,0,2,2,0.9851868388166
5541,"James","Johnson",1988,16331,2,2,2,2,0.999606254813491
5543,"Emma","Miller",1974,19661,2,0,2,2,0.9851868388166
5544,"William","Miller",1972,18666,0,2,2,2,0.985296268614473
5545,"John","Garcia",1974,18520,0,2,2,2,0.985296268614473
5546,"Michael","Rodriguez",1980,12491,2,2,0,2,0.953764941384782
5547,"Emma","Garcia",1979,15356,2,2,2,2,0.999606254813491
5549,"Sarah","Garcia",1998,19162,2,2,2,2,0.999606254813491
5550,"William","Garcia",1973,12767,2,2,2,2,0.999606254813491
5551,"William","Brown",1987,12807,2,2,2,2,0.999606254813491
5552,"Emily","Jones",1992,14232,2,2,2,2,0.999606254813491
5554,"Emily","Brown",1976,18029,2,2,2,2,0.999606254813491
5555,"John","Davis",1996,18314,0,2,2,2,0.985296268614473
5556,"David","Rodriguez",1982,10823,2,2,0,2,0.953764941384782
5557,"Emma","Johnson",1990,12545,2,0,2,2,0.9851868388166
5558,"John","Garcia",2000,15341,2,2,2,2,0.999606254813491
5559,"Michael","Brown",1977,16327,2,2,2,2,0.999606254813491
5560,"David","Garcia",1995,11904,2,2,0,2,0.953764941384782
5561,"Jane","Jones",1982,10118,2,2,0,2,0.953764941384782
5562,"David","Miller",1974,10715,2,2,2,2,0.999606254813491
5563,"Emma","Jones",1992,13433,2,2,2,2,0.999606254813491
5564,"Jane","Jones",1983,15562,0,2,2,2,0.985296268614473
5565,"David","Garcia",1970,18341,2,2,2,2,0.999606254813491
5566,"Emma","Smith",1984,19448,2,2,2,2,0.999606254813491
5567,"William","Smith",1994,10450,2,0,2,2,0.9851868388166
5568,"Jane","Rodriguez",1973,14729,2,0,2,2,0.9851868388166
5569,"David","Smith",1981,19577,2,2,0,2,0.953764941384782
5570,"Emily","Brown",1982,14464,2,0,2,2,0.9851868388166
5571,"Emma","Miller",1972,13189,2,2,0,2,0.953764941384782
5573,"Michael","Rodriguez",1979,11565,2,2,2,2,0.999606254813491
5574,"Olivia","Martinez",1981,13309,2,2,2,2,0.999606254813491
5575,"Sarah","Smith",1988,19985,2,2,0,2,0.953764941384782
5577,"John","Jones",1970,16751,2,2,2,2,0.999606254813491
5578,"David","Jones",1975,13103,0,2,2,2,0.985296268614473
5580,"Olivia","Martinez",2000,17420,0,2,2,2,0.985296268614473
5581,"Emma","Smith",1978,15554,2,2,2,2,0.999606254813491
5583,"Michael","Martinez",1975,16053,2,2,0,2,0.953764941384782
5584,"David","Johnson",1974,13761,2,2,2,2,0.999606254813491
5586,"William","Jones",1980,18842,2,2,2,2,0.999606254813491
5587,"Olivia","Jones",1977,13424,2,2,2,2,0.999606254813491
5588,"David","Smith",1972,14579,2,2,2,2,0.999606254813491
5589,"Emily","Garcia",1997,10970,2,0,2,2,0.9851868388166
5590,"John","Davis",1973,12726,2,0,2,2,0.9851868388166
5591,"Jane","Rodriguez",1970,17180,2,2,0,2,0.953764941384782
5592,"William","Rodriguez",1999,10961,2,0,2,2,0.9851868388166
5593,"John","Williams",1985,12929,2,2,2,2,0.999606254813491
5594,"Michael","Brown",1990,15177,2,2,0,2,0.953764941384782
5596,"John","Rodriguez",1973,10726,2,2,2,2,0.999606254813491
5597,"Olivia","Martinez",1975,13839,2,0,2,2,0.9851868388166
5598,"David","Jones",1999,11625,2,2,2,2,0.999606254813491
5599,"James","Brown",1979,15753,0,2,2,2,0.985296268614473
5600,"Emma","Jones",1976,11854,2,0,2,2,0.9851868388166
5601,"Michael","Martinez",1999,13022,2,2,0,2,0.953764941384782
5602,"Olivia","Miller",1975,10954,2,2,2,2,0.999606254813491
5603,"David","Davis",1996,19799,2,2,2,2,0.999606254813491
5604,"Emily","Johnson",1983,16108,2,0,2,2,0.9851868388166
5605,"Michael","Davis",1995,19725,0,2,2,2,0.985296268614473
5607,"Jane","Johnson",1976,17697,2,2,2,2,0.999606254813491
5608,"Jane","Martinez",1981,14802,2,2,2,2,0.999606254813491
5609,"Emma","Miller",1999,16315,2,2,2,2,0.999606254813491
5610,"Jane","Martinez",1972,15485,2,2,0,2,0.953764941384782
5611,"David","Brown",1978,17237,2,2,2,2,0.999606254813491
5612,"Michael","Miller",1974,19999,2,2,0,2,0.953764941384782
5613,"David","Jones",1996,16925,2,2,0,2,0.953764941384782
5614,"William","Smith",1977,12412,2,2,2,2,0.999606254813491
5615,"Sarah","Martinez",1994,18626,2,2,2,2,0.999606254813491
5616,"Michael","Williams",1977,10909,2,2,2,2,0.999606254813491
5617,"James","Rodriguez",1979,16922,2,2,2,2,0.999606254813491
5618,"Emma","Smith",1974,11929,2,2,2,2,0.999606254813491
5619,"Michael","Brown",1986,11206,0,2,2,2,0.985296268614473
5620,"James","Miller",1998,12204,2,2,2,2,0.999606254813491
5621,"John","Smith",1971,13998,2,2,2,2,0.999606254813491
5622,"Michael","Jones",1990,14198,2,2,2,2,0.999606254813491
5624,"Emma","Williams",1994,14277,2,2,2,2,0.999606254813491
5625,"James","Williams",1995,12196,2,2,2,2,0.999606254813491
5626,"Olivia","Davis",1983,11939,2,2,0,2,0.953764941384782
5627,"Michael","Davis",1993,16058,2,2,2,2,0.999606254813491
5628,"Emily","Garcia",1989,14354,2,2,2,2,0.999606254813491
5629,"Jane","Jones",1993,12412,2,2,2,2,0.999606254813491
5630,"Olivia","Johnson",1974,19937,2,2,2,2,0.999606254813491
5631,"John","Brown",1994,10783,2,2,0,2,0.953764941384782
5632,"Sarah","Davis",1990,19516,2,0,2,2,0.9851868388166
5633,"Olivia","Garcia",1975,15113,2,0,2,2,0.9851868388166
5634,"Emily","Miller",1987,15142,2,2,0,2,0.953764941384782
5635,"Jane","Davis",1994,13042,0,2,2,2,0.985296268614473
5636,"James","Williams",1979,17357,0,2,2,2,0.985296268614473
5637,"William","Davis",1971,16093,2,2,2,2,0.999606254813491
5638,"James","Jones",1998,14571,2,2,0,2,0.953764941384782
5639,"Olivia","Miller",1971,19072,2,0,2,2,0.9851868388166
5640,"Olivia","Johnson",1988,13428,2,0,2,2,0.9851868388166
5642,"John","Martinez",1972,18423,2,0,2,2,0.9851868388166
5643,"James","Smith",1991,15963,2,2,2,2,0.999606254813491
5644,"Jane","Brown",1991,13836,2,2,2,2,0.999606254813491
5645,"David","Rodriguez",1996,11906,0,2,2,2,0.985296268614473
5646,"David","Martinez",1980,10315,2,2,2,2,0.999606254813491
5647,"David","Williams",1977,11281,2,2,2,2,0.999606254813491
5648,"David","Martinez",1983,11323,0,2,2,2,0.985296268614473
5649,"Emma","Davis",1995,15434,2,0,2,2,0.9851868388166
5650,"William","Johnson",1984,11717,0,2,2,2,0.985296268614473
5651,"David","Rodriguez",1981,17194,2,2,2,2,0.999606254813491
5652,"Emily","Jones",1971,14307,0,2,2,2,0.985296268614473
5653,"John","Jones",1998,16631,2,2,2,2,0.999606254813491
5655,"Emma","Rodriguez",1974,17443,2,2,2,2,0.999606254813491
5656,"Emily","Brown",1987,13837,2,0,2,2,0.9851868388166
5657,"Sarah","Johnson",1975,18863,2,2,2,2,0.999606254813491
5658,"Olivia","Davis",1973,14068,0,2,2,2,0.985296268614473
5659,"Michael","Rodriguez",1973,16279,2,2,2,2,0.999606254813491
5660,"Jane","Smith",1976,16686,2,2,0,2,0.953764941384782
5662,"Emily","Rodriguez",1984,11649,0,2,2,2,0.985296268614473
5665,"Sarah","Martinez",1995,14564,2,2,2,2,0.999606254813491
5666,"Sarah","Miller",1976,10320,2,2,0,2,0.953764941384782
5667,"Emily","Rodriguez",1992,19883,2,2,2,2,0.999606254813491
5668,"Olivia","Johnson",1991,12308,0,2,2,2,0.985296268614473
5669,"Michael","Davis",1975,13056,2,0,2,2,0.9851868388166
5670,"John","Williams",1999,11141,2,2,0,2,0.953764941384782
5671,"William","Johnson",1974,19623,2,2,2,2,0.999606254813491
5672,"Olivia","Brown",1991,12566,0,2,2,2,0.985296268614473
5673,"Sarah","Davis",1989,12077,2,2,2,2,0.999606254813491
5674,"Emily","Williams",2000,18004,2,2,2,2,0.999606254813491
5676,"David","Martinez",1982,13857,2,2,0,2,0.953764941384782
5677,"Michael","Williams",1977,14110,2,2,2,2,0.999606254813491
5680,"Emily","Miller",1990,15714,2,2,2,2,0.999606254813491
5681,"James","Rodriguez",1984,18430,2,0,2,2,0.9851868388166
5682,"John","Brown",1975,12091,0,2,2,2,0.985296268614473
5683,"Emily","Miller",1973,17206,2,2,2,2,0.999606254813491
5684,"Olivia","Jones",1983,14707,2,2,2,2,0.999606254813491
5685,"Jane","Brown",1976,14941,2,0,2,2,0.9851868388166
5686,"Michael","Martinez",1988,10584,2,2,2,2,0.999606254813491
5687,"Olivia","Martinez",1987,11545,2,2,2,2,0.999606254813491
5688,"Sarah","Davis",1984,10400,0,2,2,2,0.985296268614473
5689,"William","Jones",1979,16303,2,2,0,2,0.953764941384782
5690,"Emily","Johnson",1995,19389,2,2,0,2,0.953764941384782
5691,"William","Miller",1977,17138,2,2,2,2,0.999606254813491
5692,"Michael","Davis",1995,16029,2,2,0,2,0.953764941384782
5696,"John","Johnson",1970,15986,2,2,2,2,0.999606254813491
5697,"Michael","Garcia",1986,19533,2,2,2,2,0.999606254813491
5698,"James","Johnson",1975,12567,2,0,2,2,0.9851868388166
5699,"Michael","Jones",1992,18663,0,2,2,2,0.985296268614473
5700,"Michael","Garcia",1999,10786,2,2,2,2,0.999606254813491
5701,"James","Davis",1979,13511,2,2,2,2,0.999606254813491
5702,"Olivia","Garcia",1970,15222,0,2,2,2,0.985296268614473
5703,"Emily","Johnson",1990,13933,0,2,2,2,0.985296268614473
5704,"Emma","Rodriguez",1975,15349,2,0,2,2,0.9851868388166
5705,"Emily","Johnson",1994,17987,2,2,2,2,0.999606254813491
5706,"John","Johnson",1983,12989,2,2,0,2,0.953764941384782
9637,"John","Johnson",1997,12989,2,2,0,2,0.953764941384782
5709,"William","Davis",1986,15678,2,0,2,2,0.9851868388166
5711,"John","Rodriguez",1997,13455,2,2,0,2,0.953764941384782
5713,"Michael","Miller",1979,13945,0,2,2,2,0.985296268614473
5714,"Emma","Jones",1972,14910,2,2,2,2,0.999606254813491
5715,"Sarah","Brown",1975,10124,2,2,0,2,0.953764941384782
5716,"Jane","Johnson",1980,19757,2,2,0,2,0.953764941384782
5717,"James","Johnson",1972,14274,2,0,2,2,0.9851868388166
5718,"John","Jones",1973,19055,2,2,2,2,0.999606254813491
5719,"David","Garcia",1987,14689,0,2,2,2,0.985296268614473
5720,"Olivia","Garcia",1973,19146,2,2,2,2,0.999606254813491
5721,"David","Jones",1993,18532,2,2,0,2,0.953764941384782
5723,"David","Miller",1998,14892,2,2,2,2,0.999606254813491
5724,"Jane","Miller",1974,19504,2,0,2,2,0.9851868388166
5725,"Sarah","Davis",1998,12656,2,2,2,2,0.999606254813491
5726,"Olivia","Jones",1990,19757,2,0,2,2,0.9851868388166
5727,"Sarah","Jones",1970,17234,2,2,2,2,0.999606254813491
5728,"Olivia","Williams",1999,19979,2,2,2,2,0.999606254813491
5729,"Emily","Johnson",1976,12855,2,2,2,2,0.999606254813491
5730,"Emma","Johnson",1982,14545,2,2,0,2,0.953764941384782
5731,"Michael","Martinez",1995,11320,0,2,2,2,0.985296268614473
5732,"Emily","Miller",1985,17153,2,2,0,2,0.953764941384782
5733,"John","Garcia",1990,19335,2,2,2,2,0.999606254813491
5734,"William","Davis",1986,16226,2,2,2,2,0.999606254813491
5735,"David","Williams",1996,13592,2,0,2,2,0.9851868388166
5737,"Sarah","Johnson",1995,12836,0,2,2,2,0.985296268614473
5738,"William","Davis",1980,13517,0,2,2,2,0.985296268614473
5739,"Emma","Martinez",1994,18145,2,2,2,2,0.999606254813491
5740,"Jane","Jones",1974,11300,2,0,2,2,0.9851868388166
5741,"Olivia","Rodriguez",1980,16575,0,2,2,2,0.985296268614473
5742,"William","Garcia",1972,17301,2,2,0,2,0.953764941384782
5743,"John","Garcia",1972,14104,0,2,2,2,0.985296268614473
5744,"Olivia","Johnson",1984,19350,2,0,2,2,0.9851868388166
5745,"Emily","Smith",1982,19289,2,2,2,2,0.999606254813491
5746,"William","Garcia",1982,12737,2,0,2,2,0.9851868388166
5747,"Emma","Jones",1988,14384,2,2,2,2,0.999606254813491
5749,"Michael","Martinez",1988,16286,2,2,0,2,0.953764941384782
5751,"Jane","Rodriguez",1975,18904,2,2,2,2,0.999606254813491
5753,"Olivia","Davis",1978,17386,2,0,2,2,0.9851868388166
5754,"James","Davis",1999,19649,0,2,2,2,0.985296268614473
5755,"Olivia","Martinez",1979,14095,2,0,2,2,0.9851868388166
5757,"Olivia","Martinez",1995,13161,2,2,2,2,0.999606254813491
5758,"Michael","Martinez",1981,19002,2,2,2,2,0.999606254813491
5759,"John","Smith",1970,11721,2,2,2,2,0.999606254813491
5760,"Michael","Smith",1999,11477,2,2,2,2,0.999606254813491
5761,"James","Martinez",1976,14345,2,2,2,2,0.999606254813491
5762,"Emma","Garcia",1983,19318,2,0,2,2,0.9851868388166
5763,"Olivia","Miller",1972,12389,0,2,2,2,0.985296268614473
5764,"James","Jones",1975,15656,2,2,2,2,0.999606254813491
5765,"William","Johnson",1981,11050,0,2,2,2,0.985296268614473
5766,"Olivia","Garcia",1970,10940,2,2,2,2,0.999606254813491
5768,"John","Davis",1993,13833,0,2,2,2,0.985296268614473
5769,"John","Brown",1985,11297,2,2,0,2,0.953764941384782
7137,"John","Brown",1971,11297,2,2,0,2,0.953764941384782
5771,"Emily","Williams",1975,19177,2,2,2,2,0.999606254813491
5772,"James","Smith",1989,10054,2,2,2,2,0.999606254813491
1882,"William","Garcia",1972,10744,2,2,0,2,0.953764941384782
5773,"William","Garcia",1972,10744,2,2,0,2,0.953764941384782
5774,"Jane","Miller",1996,12058,2,0,2,2,0.9851868388166
5775,"John","Brown",1975,10164,2,2,2,2,0.999606254813491
5777,"Sarah","Williams",1981,16627,2,2,2,2,0.999606254813491
5778,"Emma","Rodriguez",1985,19863,2,2,2,2,0.999606254813491
5779,"John","Williams",1993,13580,2,2,2,2,0.999606254813491
5780,"David","Johnson",1983,16493,2,0,2,2,0.9851868388166
5781,"Emma","Martinez",1974,16145,2,0,2,2,0.9851868388166
5782,"William","Brown",2000,14165,2,2,2,2,0.999606254813491
5783,"Olivia","Williams",1985,14288,2,2,2,2,0.999606254813491
5784,"David","Jones",1982,15415,2,2,0,2,0.953764941384782
5785,"Emma","Rodriguez",1980,17652,2,2,2,2,0.999606254813491
5786,"Jane","Miller",1999,19380,2,2,2,2,0.999606254813491
5787,"David","Miller",2000,13097,2,0,2,2,0.9851868388166
5788,"John","Jones",1993,17503,2,2,2,2,0.999606254813491
5790,"Emily","Davis",1999,18574,2,2,2,2,0.999606254813491
5791,"Michael","Johnson",1973,13395,2,2,2,2,0.999606254813491
5793,"Emma","Johnson",1981,13406,2,0,2,2,0.9851868388166
5795,"Emma","Brown",1975,10743,2,2,2,2,0.999606254813491
5796,"John","Jones",1988,16862,2,2,2,2,0.999606254813491
5797,"David","Jones",1989,13199,2,2,2,2,0.999606254813491
5798,"Emma","Brown",1992,11653,2,2,2,2,0.999606254813491
5799,"William","Smith",1992,17649,2,2,2,2,0.999606254813491
5800,"David","Williams",1994,16726,2,0,2,2,0.9851868388166
5801,"William","Williams",1983,14504,2,2,2,2,0.999606254813491
5802,"Emma","Johnson",1974,16445,2,2,0,2,0.953764941384782
5803,"Olivia","Smith",1983,13479,2,2,2,2,0.999606254813491
5805,"Emma","Johnson",1990,18440,2,2,2,2,0.999606254813491
5806,"Jane","Jones",1994,15480,2,2,2,2,0.999606254813491
5807,"Emily","Martinez",1978,11202,2,2,2,2,0.999606254813491
5808,"William","Miller",1993,16204,2,2,2,2,0.999606254813491
5809,"Emma","Brown",1983,16684,2,0,2,2,0.9851868388166
5810,"Emily","Brown",1972,16781,0,2,2,2,0.985296268614473
5812,"Michael","Miller",1976,16554,2,2,2,2,0.999606254813491
5813,"James","Smith",1981,18457,2,2,2,2,0.999606254813491
5814,"David","Brown",1985,17720,2,2,2,2,0.999606254813491
5815,"Michael","Davis",1987,16486,2,2,2,2,0.999606254813491
5816,"William","Miller",1982,13334,2,2,2,2,0.999606254813491
5818,"William","Jones",1978,18588,0,2,2,2,0.985296268614473
5819,"David","Brown",1995,13820,2,0,2,2,0.9851868388166
5820,"Emma","Martinez",2000,13865,2,2,2,2,0.999606254813491
5822,"Emily","Miller",1993,12099,2,2,2,2,0.999606254813491
5823,"David","Smith",1998,14497,2,2,0,2,0.953764941384782
5824,"Emma","Martinez",1979,18773,0,2,2,2,0.985296268614473
5825,"William","Garcia",1998,19567,2,2,2,2,0.999606254813491
5826,"David","Johnson",1998,18576,2,2,0,2,0.953764941384782
5827,"Sarah","Smith",1978,16684,2,2,2,2,0.999606254813491
5828,"Emma","Johnson",1985,11100,0,2,2,2,0.985296268614473
5829,"Emily","Rodriguez",1997,13739,2,2,2,2,0.999606254813491
5830,"Emily","Miller",1991,14225,2,2,2,2,0.999606254813491
5831,"Emily","Miller",1984,10811,2,2,2,2,0.999606254813491
5832,"Olivia","Garcia",1997,19750,0,2,2,2,0.985296268614473
5833,"James","Davis",1995,10767,2,2,2,2,0.999606254813491
5834,"Olivia","Williams",1992,15978,2,2,2,2,0.999606254813491
5835,"John","Miller",1996,17652,0,2,2,2,0.985296268614473
5836,"Olivia","Jones",1984,13039,2,0,2,2,0.9851868388166
5837,"James","Davis",1976,17077,2,2,2,2,0.999606254813491
5838,"Olivia","Martinez",1989,12008,2,2,0,2,0.953764941384782
5839,"Emily","Miller",1985,13117,2,2,2,2,0.999606254813491
5840,"Emma","Miller",1980,16389,2,2,0,2,0.953764941384782
5841,"William","Davis",1970,13082,2,2,2,2,0.999606254813491
5843,"Jane","Davis",1999,16048,2,2,2,2,0.999606254813491
5844,"William","Williams",1972,14715,2,2,2,2,0.999606254813491
5845,"Emma","Brown",1986,18500,2,2,2,2,0.999606254813491
5846,"Olivia","Smith",1981,17820,2,2,2,2,0.999606254813491
5847,"Sarah","Garcia",1979,12882,2,2,2,2,0.999606254813491
5848,"Emma","Williams",2000,15982,0,2,2,2,0.985296268614473
5850,"William","Garcia",1999,13423,2,2,2,2,0.999606254813491
5851,"Michael","Davis",1973,18995,0,2,2,2,0.985296268614473
5852,"Jane","Miller",1973,10129,2,0,2,2,0.9851868388166
5853,"Sarah","Johnson",1977,14059,2,2,2,2,0.999606254813491
5854,"James","Garcia",1993,13950,2,0,2,2,0.9851868388166
5855,"Olivia","Rodriguez",1981,10375,2,2,2,2,0.999606254813491
5856,"James","Rodriguez",1993,16327,2,2,2,2,0.999606254813491
5857,"Emma","Johnson",1979,10105,2,2,2,2,0.999606254813491
5858,"William","Brown",1995,15413,2,2,0,2,0.953764941384782
5859,"David","Rodriguez",1992,14638,2,2,2,2,0.999606254813491
5860,"William","Martinez",1985,17572,2,2,0,2,0.953764941384782
5861,"Emily","Garcia",1989,13077,2,2,2,2,0.999606254813491
5862,"Emily","Williams",1973,14714,2,0,2,2,0.9851868388166
5863,"William","Brown",1985,17491,2,0,2,2,0.9851868388166
5864,"Michael","Rodriguez",1984,13233,2,2,2,2,0.999606254813491
5865,"Jane","Rodriguez",1970,12179,2,2,2,2,0.999606254813491
5866,"James","Jones",1998,19725,2,2,2,2,0.999606254813491
5867,"Olivia","Williams",1991,10624,2,2,2,2,0.999606254813491
5868,"William","Williams",2000,18670,2,2,2,2,0.999606254813491
5869,"Michael","Brown",1979,14933,2,0,2,2,0.9851868388166
5870,"Emma","Williams",1994,13156,2,2,2,2,0.999606254813491
5871,"Emma","Rodriguez",1997,14790,2,0,2,2,0.9851868388166
5872,"Sarah","Miller",1985,16668,2,2,2,2,0.999606254813491
5873,"William","Rodriguez",1978,17296,2,2,2,2,0.999606254813491
5874,"Emma","Miller",1982,17254,2,2,2,2,0.999606254813491
5875,"Jane","Miller",1984,14074,2,2,2,2,0.999606254813491
5876,"John","Davis",1978,17858,2,2,2,2,0.999606254813491
5877,"Emily","Miller",1993,10802,2,2,2,2,0.999606254813491
5879,"Emily","Martinez",1974,10864,2,0,2,2,0.9851868388166
5880,"Olivia","Rodriguez",1991,14422,2,2,2,2,0.999606254813491
5882,"Emily","Williams",1981,15148,0,2,2,2,0.985296268614473
5883,"Michael","Smith",1978,10972,2,2,2,2,0.999606254813491
5884,"Jane","Davis",1994,14403,2,2,2,2,0.999606254813491
5886,"Jane","Smith",1988,12864,0,2,2,2,0.985296268614473
5887,"David","Garcia",1982,10894,2,2,2,2,0.999606254813491
5889,"Emily","Rodriguez",1975,19183,2,0,2,2,0.9851868388166
5891,"Michael","Davis",1999,16480,0,2,2,2,0.985296268614473
5892,"Emily","Smith",1993,18418,2,0,2,2,0.9851868388166
5893,"Olivia","Johnson",1979,10816,2,0,2,2,0.9851868388166
5894,"James","Williams",1977,10111,2,2,2,2,0.999606254813491
5896,"Jane","Davis",1991,19116,2,2,0,2,0.953764941384782
5898,"Emma","Williams",1980,11819,2,2,2,2,0.999606254813491
5899,"David","Garcia",2000,14488,2,0,2,2,0.9851868388166
5901,"David","Williams",1986,12099,2,2,2,2,0.999606254813491
5902,"William","Jones",1975,17291,2,2,2,2,0.999606254813491
5903,"Emily","Jones",1980,17680,2,2,2,2,0.999606254813491
5905,"David","Davis",1984,19598,0,2,2,2,0.985296268614473
5906,"Emma","Davis",1997,16038,2,2,2,2,0.999606254813491
5907,"Emily","Smith",1995,12435,2,2,2,2,0.999606254813491
5908,"William","Williams",1984,10814,0,2,2,2,0.985296268614473
5909,"Emma","Rodriguez",1986,13420,2,2,2,2,0.999606254813491
5910,"Michael","Jones",1983,14713,0,2,2,2,0.985296268614473
5912,"Emily","Brown",1977,11676,2,2,2,2,0.999606254813491
5913,"Michael","Brown",1980,15217,2,2,2,2,0.999606254813491
5914,"John","Brown",1986,13279,0,2,2,2,0.985296268614473
5915,"Olivia","Williams",1970,17891,0,2,2,2,0.985296268614473
5916,"Emma","Davis",1981,17881,2,2,0,2,0.953764941384782
5917,"James","Jones",1998,16576,2,2,2,2,0.999606254813491
5918,"Michael","Brown",1980,14763,2,0,2,2,0.9851868388166
5919,"Jane","Williams",1973,16163,2,2,2,2,0.999606254813491
5920,"Olivia","Davis",1992,19593,2,2,2,2,0.999606254813491
5921,"Emily","Jones",1974,14457,2,2,2,2,0.999606254813491
5922,"Olivia","Brown",1972,16515,2,0,2,2,0.9851868388166
5923,"Emma","Johnson",1985,16178,0,2,2,2,0.985296268614473
5924,"John","Williams",1982,17094,0,2,2,2,0.985296268614473
5925,"Emma","Garcia",1987,17562,2,2,2,2,0.999606254813491
5926,"John","Miller",1979,19768,2,2,2,2,0.999606254813491
5927,"Jane","Davis",1995,11519,2,2,2,2,0.999606254813491
5928,"John","Martinez",1991,12135,2,2,0,2,0.953764941384782
5929,"Michael","Martinez",1979,18758,2,2,2,2,0.999606254813491
5930,"Sarah","Martinez",1974,16191,2,0,2,2,0.9851868388166
5931,"James","Jones",1989,10896,2,0,2,2,0.9851868388166
5932,"Olivia","Williams",1971,11333,2,2,0,2,0.953764941384782
5933,"Jane","Williams",1972,14137,0,2,2,2,0.985296268614473
5934,"Michael","Garcia",1997,17901,2,2,2,2,0.999606254813491
5935,"Emma","Rodriguez",1995,19718,2,2,2,2,0.999606254813491
5936,"John","Rodriguez",1981,11860,2,2,2,2,0.999606254813491
5937,"William","Miller",1992,16882,0,2,2,2,0.985296268614473
5938,"James","Smith",1973,16974,2,0,2,2,0.9851868388166
5939,"John","Garcia",1975,15721,2,2,2,2,0.999606254813491
5940,"Olivia","Johnson",1976,16346,2,2,2,2,0.999606254813491
5941,"Michael","Rodriguez",1971,19018,0,2,2,2,0.985296268614473
5942,"Olivia","Miller",1970,15508,2,2,2,2,0.999606254813491
5943,"John","Smith",1996,15657,2,2,0,2,0.953764941384782
5944,"Olivia","Williams",1991,11742,2,0,2,2,0.9851868388166
5945,"Emily","Rodriguez",1983,12193,2,2,0,2,0.953764941384782
5946,"Sarah","Jones",1982,18849,2,2,2,2,0.999606254813491
5949,"Emily","Johnson",1973,18379,2,0,2,2,0.9851868388166
5950,"William","Davis",1986,15547,2,2,2,2,0.999606254813491
5951,"John","Williams",1994,16474,2,2,2,2,0.999606254813491
5955,"John","Garcia",1995,15300,2,2,2,2,0.999606254813491
5957,"Emma","Brown",1981,11429,2,2,2,2,0.999606254813491
5958,"Michael","Brown",1975,10641,0,2,2,2,0.985296268614473
5959,"Michael","Smith",1999,16609,2,0,2,2,0.9851868388166
5960,"Emma","Williams",1978,17510,2,2,2,2,0.999606254813491
5961,"Jane","Miller",1983,16270,2,2,2,2,0.999606254813491
5962,"John","Davis",1973,16082,2,2,2,2,0.999606254813491
5963,"John","Rodriguez",1985,18242,2,2,2,2,0.999606254813491
5964,"William","Brown",1985,19750,2,2,2,2,0.999606254813491
5965,"Michael","Smith",1987,16432,2,0,2,2,0.9851868388166
5966,"Emily","Johnson",1989,13257,2,0,2,2,0.9851868388166
5968,"Emily","Garcia",1982,15209,2,0,2,2,0.9851868388166
5969,"William","Garcia",1998,18822,2,2,2,2,0.999606254813491
5970,"Sarah","Rodriguez",1977,11956,2,0,2,2,0.9851868388166
5973,"William","Miller",1976,14178,2,2,2,2,0.999606254813491
5974,"Michael","Garcia",1985,16908,2,2,2,2,0.999606254813491
5977,"Emma","Smith",1977,15377,2,2,0,2,0.953764941384782
5978,"Michael","Davis",1995,18591,2,0,2,2,0.9851868388166
5979,"Emma","Johnson",1982,19071,2,2,2,2,0.999606254813491
5980,"Emily","Davis",1990,19119,0,2,2,2,0.985296268614473
5981,"Michael","Martinez",1991,18061,2,2,0,2,0.953764941384782
5982,"Olivia","Garcia",1973,17202,2,2,2,2,0.999606254813491
5983,"Michael","Garcia",1993,16938,2,2,2,2,0.999606254813491
5984,"Emma","Rodriguez",1984,15037,2,2,0,2,0.953764941384782
5985,"Emily","Martinez",1970,16172,2,2,0,2,0.953764941384782
5986,"Emma","Smith",1971,10350,2,0,2,2,0.9851868388166
5987,"William","Martinez",1988,17265,2,2,2,2,0.999606254813491
5988,"William","Davis",1988,16563,2,2,2,2,0.999606254813491
5989,"David","Davis",1974,17759,2,2,2,2,0.999606254813491
5990,"Olivia","Brown",1980,16435,2,2,2,2,0.999606254813491
5991,"Emily","Garcia",1987,19257,2,2,2,2,0.999606254813491
5992,"Emily","Martinez",1999,11921,2,2,2,2,0.999606254813491
5993,"Michael","Garcia",1983,15230,2,2,2,2,0.999606254813491
5996,"John","Rodriguez",2000,14722,0,2,2,2,0.985296268614473
5997,"James","Miller",1973,12005,2,0,2,2,0.9851868388166
5999,"Michael","Davis",1979,16254,2,2,0,2,0.953764941384782
6000,"John","Jones",1995,15542,2,0,2,2,0.9851868388166
6001,"John","Williams",1988,12876,2,2,2,2,0.999606254813491
6002,"Sarah","Martinez",1978,15582,2,0,2,2,0.9851868388166
6003,"Emma","Johnson",1995,14139,2,0,2,2,0.9851868388166
6004,"Jane","Williams",1985,13261,2,2,2,2,0.999606254813491
6005,"William","Williams",1994,12000,2,2,2,2,0.999606254813491
6006,"Michael","Davis",1974,15365,2,2,2,2,0.999606254813491
6007,"William","Johnson",1999,12716,2,2,2,2,0.999606254813491
6008,"James","Jones",1972,17891,2,0,2,2,0.9851868388166
6010,"James","Johnson",1994,19506,2,2,2,2,0.999606254813491
6011,"William","Brown",1971,12345,2,2,0,2,0.953764941384782
6013,"Emily","Davis",1985,17449,2,2,2,2,0.999606254813491
6014,"James","Davis",1974,15948,2,0,2,2,0.9851868388166
6015,"Emma","Williams",1989,19119,2,2,2,2,0.999606254813491
6016,"Emma","Rodriguez",1993,14797,2,2,2,2,0.999606254813491
6017,"Emma","Rodriguez",1976,16808,0,2,2,2,0.985296268614473
6018,"John","Garcia",1987,13202,0,2,2,2,0.985296268614473
6019,"Olivia","Davis",1973,13056,0,2,2,2,0.985296268614473
6021,"John","Garcia",1999,14184,2,0,2,2,0.9851868388166
6022,"Jane","Williams",1994,16059,2,2,2,2,0.999606254813491
6023,"Olivia","Brown",1981,12711,2,2,2,2,0.999606254813491
6024,"Sarah","Jones",1993,11278,0,2,2,2,0.985296268614473
6025,"Jane","Garcia",1991,15612,2,2,2,2,0.999606254813491
6026,"John","Davis",1979,12352,2,2,2,2,0.999606254813491
6027,"Emma","Garcia",1980,14322,2,2,2,2,0.999606254813491
6028,"Olivia","Rodriguez",1993,12520,2,2,2,2,0.999606254813491
6029,"Sarah","Williams",1989,12780,0,2,2,2,0.985296268614473
6030,"Sarah","Jones",1978,13458,2,2,2,2,0.999606254813491
6031,"William","Brown",1980,17350,2,0,2,2,0.9851868388166
6032,"Michael","Miller",1998,10578,2,2,2,2,0.999606254813491
6034,"David","Rodriguez",1988,10813,2,0,2,2,0.9851868388166
6035,"Emma","Smith",1970,10721,2,2,2,2,0.999606254813491
6036,"David","Williams",1991,15008,2,0,2,2,0.9851868388166
6037,"David","Rodriguez",1989,10995,2,2,2,2,0.999606254813491
6039,"Jane","Williams",1993,10516,2,2,2,2,0.999606254813491
6040,"Sarah","Miller",1977,17779,2,2,2,2,0.999606254813491
6041,"William","Smith",1996,18706,2,2,2,2,0.999606254813491
6042,"James","Johnson",1979,12344,2,2,2,2,0.999606254813491
6043,"James","Rodriguez",1987,10461,2,2,2,2,0.999606254813491
6044,"John","Johnson",1986,17100,2,2,2,2,0.999606254813491
6045,"Emily","Jones",1984,14746,2,2,2,2,0.999606254813491
6046,"William","Jones",1991,16642,2,2,2,2,0.999606254813491
6047,"Emma","Johnson",1977,18078,2,2,2,2,0.999606254813491
6048,"James","Johnson",1990,18260,2,2,2,2,0.999606254813491
6049,"Jane","Brown",1982,15007,2,0,2,2,0.9851868388166
6050,"David","Johnson",1974,17555,2,2,2,2,0.999606254813491
6051,"James","Johnson",1991,12433,2,2,0,2,0.953764941384782
6052,"Emily","Brown",1993,12305,2,2,2,2,0.999606254813491
6053,"Jane","Miller",1982,11339,2,2,2,2,0.999606254813491
6054,"Sarah","Garcia",1985,19604,2,2,2,2,0.999606254813491
6055,"Olivia","Smith",1977,19395,2,2,2,2,0.999606254813491
6056,"Jane","Miller",1988,15666,2,2,2,2,0.999606254813491
6057,"Sarah","Williams",1973,11534,2,2,0,2,0.953764941384782
6058,"David","Garcia",1998,17789,2,2,2,2,0.999606254813491
6059,"Michael","Johnson",1992,11246,2,0,2,2,0.9851868388166
6060,"Emily","Johnson",1989,18423,2,2,2,2,0.999606254813491
6062,"James","Williams",1982,14603,2,0,2,2,0.9851868388166
6063,"James","Brown",1983,17084,2,2,2,2,0.999606254813491
6064,"Jane","Rodriguez",1972,18792,2,2,0,2,0.953764941384782
6066,"John","Garcia",1990,16841,0,2,2,2,0.985296268614473
6067,"David","Martinez",1986,18737,2,2,0,2,0.953764941384782
6068,"David","Martinez",1992,14009,2,0,2,2,0.9851868388166
6069,"Emily","Davis",1970,15646,2,2,2,2,0.999606254813491
6070,"Jane","Brown",1984,14662,0,2,2,2,0.985296268614473
6071,"Michael","Garcia",1979,13089,0,2,2,2,0.985296268614473
6073,"William","Davis",1992,14969,2,2,2,2,0.999606254813491
6074,"David","Brown",1999,17833,2,2,2,2,0.999606254813491
6075,"Emily","Williams",1974,11961,2,0,2,2,0.9851868388166
6076,"William","Johnson",1986,12190,2,2,0,2,0.953764941384782
6077,"James","Smith",1976,13943,2,2,2,2,0.999606254813491
6078,"Emily","Brown",1977,17472,2,2,2,2,0.999606254813491
6079,"Emily","Johnson",1984,17475,2,2,2,2,0.999606254813491
6080,"James","Jones",1988,10067,2,2,2,2,0.999606254813491
6082,"James","Miller",1992,15880,0,2,2,2,0.985296268614473
6083,"Sarah","Jones",1982,18709,2,0,2,2,0.9851868388166
6084,"Emily","Smith",1979,12175,2,2,2,2,0.999606254813491
6085,"Emma","Jones",1972,17840,2,2,2,2,0.999606254813491
6086,"Emily","Johnson",1977,12043,2,0,2,2,0.9851868388166
6087,"William","Miller",1985,16629,2,2,0,2,0.953764941384782
6089,"James","Williams",1989,15911,2,2,2,2,0.999606254813491
6090,"Sarah","Martinez",1986,19594,2,2,0,2,0.953764941384782
6091,"Emily","Brown",1976,11015,2,0,2,2,0.9851868388166
6092,"Jane","Garcia",1979,14849,2,2,2,2,0.999606254813491
6093,"John","Martinez",1975,16779,2,2,2,2,0.999606254813491
6094,"Jane","Jones",2000,19710,2,0,2,2,0.9851868388166
6095,"David","Williams",1985,18973,2,0,2,2,0.9851868388166
6096,"William","Martinez",1985,11842,0,2,2,2,0.985296268614473
6097,"Michael","Smith",1977,14962,2,2,2,2,0.999606254813491
6098,"David","Martinez",1983,13946,2,2,2,2,0.999606254813491
6099,"William","Miller",2000,13673,2,2,2,2,0.999606254813491
6100,"James","Smith",1983,16390,0,2,2,2,0.985296268614473
6101,"William","Williams",1990,16485,2,2,2,2,0.999606254813491
6102,"Olivia","Garcia",1970,17271,2,2,2,2,0.999606254813491
6103,"Emily","Miller",1974,17500,2,2,2,2,0.999606254813491
6104,"John","Smith",1977,15625,2,2,2,2,0.999606254813491
6105,"Sarah","Miller",1979,15729,2,2,2,2,0.999606254813491
6106,"Michael","Miller",1987,10623,2,2,2,2,0.999606254813491
6107,"David","Johnson",1980,13555,2,0,2,2,0.9851868388166
6108,"John","Williams",1974,16785,0,2,2,2,0.985296268614473
6109,"Emma","Jones",1974,15416,2,2,2,2,0.999606254813491
6110,"Jane","Martinez",1971,17134,2,2,2,2,0.999606254813491
6112,"David","Jones",2000,17363,0,2,2,2,0.985296268614473
6114,"Jane","Miller",1973,13566,2,0,2,2,0.9851868388166
6115,"Olivia","Garcia",1990,12893,0,2,2,2,0.985296268614473
6116,"Emily","Brown",1997,17739,2,0,2,2,0.9851868388166
6117,"Emma","Williams",1998,12094,2,2,2,2,0.999606254813491
6118,"William","Brown",1994,11154,2,2,2,2,0.999606254813491
6119,"David","Davis",1970,18427,2,0,2,2,0.9851868388166
6120,"Jane","Brown",1971,10524,2,2,2,2,0.999606254813491
6121,"John","Garcia",1998,16893,2,2,0,2,0.953764941384782
6123,"Emily","Rodriguez",1995,15893,2,2,0,2,0.953764941384782
6124,"Olivia","Brown",1976,17959,2,2,2,2,0.999606254813491
6125,"John","Williams",1994,18654,2,2,2,2,0.999606254813491
6126,"Emily","Davis",1971,14017,2,2,2,2,0.999606254813491
6127,"Sarah","Davis",1987,15779,2,2,0,2,0.953764941384782
6128,"Emma","Rodriguez",1978,18425,2,0,2,2,0.9851868388166
6129,"Emily","Smith",1979,15562,2,0,2,2,0.9851868388166
6130,"John","Jones",1999,11747,2,0,2,2,0.9851868388166
6131,"John","Brown",1987,13243,0,2,2,2,0.985296268614473
6134,"John","Rodriguez",1995,12074,2,2,0,2,0.953764941384782
6136,"Emma","Rodriguez",1994,16560,2,2,0,2,0.953764941384782
6137,"John","Jones",1975,12977,2,2,2,2,0.999606254813491
6138,"Jane","Smith",1987,14174,2,0,2,2,0.9851868388166
6139,"James","Rodriguez",1998,19437,2,2,0,2,0.953764941384782
6140,"Sarah","Brown",1981,13612,0,2,2,2,0.985296268614473
6142,"James","Brown",1985,16035,2,2,2,2,0.999606254813491
6143,"John","Jones",1983,13920,2,2,0,2,0.953764941384782
6144,"Olivia","Davis",1990,18522,2,2,0,2,0.953764941384782
6145,"Jane","Miller",1980,14421,2,2,0,2,0.953764941384782
6146,"Emma","Garcia",1989,14666,2,2,2,2,0.999606254813491
6147,"Michael","Rodriguez",1990,14017,2,2,0,2,0.953764941384782
6148,"David","Garcia",1981,11819,2,2,2,2,0.999606254813491
6149,"John","Smith",1980,13817,2,2,2,2,0.999606254813491
6150,"Sarah","Jones",1993,13505,2,2,2,2,0.999606254813491
6151,"John","Williams",1982,11220,2,2,2,2,0.999606254813491
6152,"Michael","Jones",1993,10053,2,0,2,2,0.9851868388166
6155,"Emily","Brown",1973,18749,2,0,2,2,0.9851868388166
6157,"William","Smith",1996,18680,2,2,2,2,0.999606254813491
6158,"Sarah","Jones",1999,16290,0,2,2,2,0.985296268614473
6160,"Michael","Garcia",1986,19884,2,2,2,2,0.999606254813491
6161,"James","Miller",1978,14070,2,2,0,2,0.953764941384782
6162,"Emma","Garcia",1975,19264,2,2,2,2,0.999606254813491
6163,"Olivia","Jones",1986,10529,2,2,0,2,0.953764941384782
6164,"James","Jones",1977,12054,2,2,2,2,0.999606254813491
6165,"Olivia","Davis",1994,16800,2,2,0,2,0.953764941384782
6166,"John","Rodriguez",1972,12832,2,2,2,2,0.999606254813491
6168,"Olivia","Williams",1994,19674,0,2,2,2,0.985296268614473
6169,"David","Davis",1983,13460,0,2,2,2,0.985296268614473
6170,"David","Miller",1974,10910,2,2,0,2,0.953764941384782
6171,"Olivia","Williams",1975,15279,2,0,2,2,0.9851868388166
6172,"Jane","Williams",1986,16894,2,2,2,2,0.999606254813491
6173,"David","Davis",1976,19037,2,2,2,2,0.999606254813491
6174,"Emma","Smith",1994,13045,2,0,2,2,0.9851868388166
6175,"David","Miller",1992,15143,2,2,2,2,0.999606254813491
6176,"Emily","Johnson",1977,15059,2,2,2,2,0.999606254813491
6178,"David","Smith",1999,14583,2,2,2,2,0.999606254813491
6179,"James","Johnson",1981,10236,2,2,2,2,0.999606254813491
6181,"Jane","Brown",1970,17589,2,2,2,2,0.999606254813491
6182,"John","Garcia",1998,10702,2,2,2,2,0.999606254813491
6183,"Olivia","Davis",1994,10995,0,2,2,2,0.985296268614473
6184,"Michael","Brown",1993,10375,2,2,2,2,0.999606254813491
6185,"Olivia","Williams",2000,18091,2,2,2,2,0.999606254813491
6186,"Michael","Jones",1992,16840,2,2,2,2,0.999606254813491
6187,"Emma","Williams",1991,10905,2,0,2,2,0.9851868388166
6188,"James","Brown",1994,12931,2,2,2,2,0.999606254813491
6189,"Sarah","Jones",1985,14839,2,2,2,2,0.999606254813491
6190,"Emma","Williams",1979,13362,2,0,2,2,0.9851868388166
6191,"Emily","Smith",1974,13961,2,2,2,2,0.999606254813491
6193,"James","Garcia",1980,15491,2,2,0,2,0.953764941384782
6195,"James","Johnson",1998,13422,2,2,2,2,0.999606254813491
6196,"John","Davis",2000,13549,2,2,2,2,0.999606254813491
6197,"Sarah","Johnson",1971,16469,2,2,0,2,0.953764941384782
6199,"Emma","Rodriguez",1987,17620,0,2,2,2,0.985296268614473
6200,"John","Brown",1988,13281,2,2,2,2,0.999606254813491
6201,"Sarah","Brown",1998,12930,2,0,2,2,0.9851868388166
6202,"David","Smith",1979,17730,2,2,2,2,0.999606254813491
6203,"Olivia","Brown",1977,11149,0,2,2,2,0.985296268614473
6204,"Michael","Jones",1976,13610,0,2,2,2,0.985296268614473
6206,"Sarah","Martinez",1974,11273,2,0,2,2,0.9851868388166
6207,"Michael","Jones",1993,11552,2,0,2,2,0.9851868388166
6210,"James","Davis",1988,12222,2,0,2,2,0.9851868388166
6212,"Emily","Davis",1992,10919,2,2,2,2,0.999606254813491
6213,"Emma","Smith",2000,18061,0,2,2,2,0.985296268614473
6214,"Sarah","Brown",1994,13944,2,2,2,2,0.999606254813491
6215,"James","Jones",1981,11187,2,0,2,2,0.9851868388166
6216,"Olivia","Davis",1973,10413,2,2,2,2,0.999606254813491
6217,"Michael","Martinez",1988,11317,2,0,2,2,0.9851868388166
6218,"Jane","Garcia",1995,10843,2,0,2,2,0.9851868388166
6219,"James","Brown",1996,10949,2,2,2,2,0.999606254813491
6220,"Jane","Davis",1975,11197,2,2,2,2,0.999606254813491
6221,"Emma","Rodriguez",1977,14387,2,2,2,2,0.999606254813491
6222,"James","Brown",1977,11858,0,2,2,2,0.985296268614473
6223,"John","Jones",1974,15959,2,0,2,2,0.9851868388166
6224,"Sarah","Brown",1976,16474,2,2,2,2,0.999606254813491
6225,"James","Miller",1998,19511,0,2,2,2,0.985296268614473
6226,"Emily","Miller",1981,11056,2,2,2,2,0.999606254813491
6227,"Olivia","Brown",2000,10950,2,2,2,2,0.999606254813491
6229,"John","Smith",1971,11851,2,2,2,2,0.999606254813491
6230,"James","Miller",1980,14836,0,2,2,2,0.985296268614473
6234,"William","Miller",1986,14803,0,2,2,2,0.985296268614473
6235,"Emily","Williams",1982,18509,2,2,2,2,0.999606254813491
6236,"John","Rodriguez",1986,17653,2,2,0,2,0.953764941384782
6237,"John","Johnson",1972,16422,2,2,2,2,0.999606254813491
6239,"Jane","Martinez",1995,17715,2,0,2,2,0.9851868388166
6240,"Jane","Miller",1992,15709,2,2,0,2,0.953764941384782
6241,"Michael","Brown",1976,13710,2,2,2,2,0.999606254813491
6242,"James","Smith",1993,17107,2,2,2,2,0.999606254813491
6243,"Sarah","Brown",1985,19842,0,2,2,2,0.985296268614473
6244,"Michael","Smith",1977,12863,2,2,2,2,0.999606254813491
6245,"Michael","Brown",1993,13968,2,0,2,2,0.9851868388166
6246,"Michael","Brown",1997,11334,0,2,2,2,0.985296268614473
6247,"Sarah","Martinez",1996,17325,0,2,2,2,0.985296268614473
6248,"Emma","Jones",1979,16819,2,0,2,2,0.9851868388166
6249,"Olivia","Smith",1989,12483,2,0,2,2,0.9851868388166
6250,"Olivia","Brown",1977,11501,2,2,2,2,0.999606254813491
6251,"Michael","Smith",1977,13948,2,2,2,2,0.999606254813491
6252,"Jane","Smith",1971,12971,2,2,0,2,0.953764941384782
6253,"John","Garcia",1998,12308,2,2,2,2,0.999606254813491
6254,"Michael","Smith",2000,12233,2,2,2,2,0.999606254813491
6255,"Emily","Jones",1999,12384,2,2,2,2,0.999606254813491
6256,"James","Brown",1986,11057,2,0,2,2,0.9851868388166
6257,"Emily","Williams",1992,19702,2,2,2,2,0.999606254813491
6258,"Jane","Smith",1970,11456,2,2,0,2,0.953764941384782
6259,"Michael","Rodriguez",1987,14448,2,2,2,2,0.999606254813491
6260,"Olivia","Martinez",1987,17380,2,2,2,2,0.999606254813491
6261,"Michael","Williams",2000,19933,2,2,2,2,0.999606254813491
6262,"James","Rodriguez",1988,11317,0,2,2,2,0.985296268614473
6264,"Jane","Jones",1999,17554,0,2,2,2,0.985296268614473
6265,"James","Garcia",1989,19763,2,2,2,2,0.999606254813491
6268,"John","Brown",1976,19365,2,2,2,2,0.999606254813491
6269,"David","Brown",1984,11357,2,2,2,2,0.999606254813491
6271,"Emily","Smith",1999,15755,2,2,2,2,0.999606254813491
6272,"William","Brown",1987,16269,2,2,2,2,0.999606254813491
6273,"Michael","Martinez",1999,18789,2,2,2,2,0.999606254813491
6274,"Jane","Davis",1992,13163,2,2,2,2,0.999606254813491
6275,"Michael","Davis",1995,15353,2,2,2,2,0.999606254813491
6277,"Olivia","Jones",1983,16282,2,2,2,2,0.999606254813491
6278,"Olivia","Brown",1975,12423,2,0,2,2,0.9851868388166
6279,"Michael","Johnson",1989,10533,2,2,2,2,0.999606254813491
6280,"Emily","Garcia",1996,16314,2,2,2,2,0.999606254813491
6281,"Emily","Jones",1982,10740,2,2,0,2,0.953764941384782
6282,"John","Davis",1988,18478,2,0,2,2,0.9851868388166
6284,"Emma","Davis",1998,10094,2,2,2,2,0.999606254813491
6285,"Michael","Williams",1998,16279,2,0,2,2,0.9851868388166
6286,"Sarah","Rodriguez",1982,17367,2,2,2,2,0.999606254813491
6287,"Olivia","Jones",1977,19939,2,0,2,2,0.9851868388166
6288,"Jane","Jones",1973,13166,0,2,2,2,0.985296268614473
6289,"Emma","Garcia",1975,18849,0,2,2,2,0.985296268614473
6290,"William","Johnson",1974,15596,2,2,2,2,0.999606254813491
6291,"Sarah","Williams",1989,13682,2,2,2,2,0.999606254813491
6292,"Emily","Jones",1992,10415,2,2,2,2,0.999606254813491
6293,"John","Garcia",1984,16266,2,2,2,2,0.999606254813491
6294,"Jane","Miller",1990,19170,2,0,2,2,0.9851868388166
6296,"Sarah","Williams",1994,17492,2,0,2,2,0.9851868388166
6298,"Olivia","Rodriguez",1973,11540,2,2,2,2,0.999606254813491
6299,"John","Miller",1997,14694,2,2,0,2,0.953764941384782
6300,"David","Miller",1986,12748,2,2,2,2,0.999606254813491
6301,"Jane","Brown",1987,13199,2,0,2,2,0.9851868388166
6302,"John","Davis",1982,17971,2,0,2,2,0.9851868388166
6303,"Michael","Johnson",1989,18229,0,2,2,2,0.985296268614473
6304,"Michael","Davis",1980,10659,2,2,2,2,0.999606254813491
6305,"Sarah","Johnson",1983,13915,2,2,0,2,0.953764941384782
6306,"John","Johnson",1980,16436,2,2,2,2,0.999606254813491
6308,"Michael","Rodriguez",1979,12250,2,2,2,2,0.999606254813491
6309,"Emma","Davis",1981,16562,2,2,2,2,0.999606254813491
6310,"Michael","Brown",1970,13045,2,2,2,2,0.999606254813491
6311,"Michael","Brown",1993,12278,2,0,2,2,0.9851868388166
6312,"Emily","Williams",1990,18286,2,0,2,2,0.9851868388166
6313,"William","Miller",1978,16809,2,2,2,2,0.999606254813491
6314,"William","Brown",1991,17144,2,2,2,2,0.999606254813491
6316,"Emily","Rodriguez",1999,17926,2,2,2,2,0.999606254813491
6317,"James","Brown",1986,10036,2,2,2,2,0.999606254813491
6318,"Emma","Martinez",1982,17564,2,2,2,2,0.999606254813491
6319,"Michael","Jones",1981,15473,2,2,2,2,0.999606254813491
6320,"Olivia","Miller",1987,12958,2,2,2,2,0.999606254813491
6321,"Jane","Johnson",1996,12481,2,2,2,2,0.999606254813491
6322,"Sarah","Smith",1990,15643,2,2,2,2,0.999606254813491
6323,"David","Brown",1989,10521,2,0,2,2,0.9851868388166
6325,"Sarah","Davis",1974,16508,2,2,0,2,0.953764941384782
6326,"Olivia","Rodriguez",1980,14551,2,2,0,2,0.953764941384782
6327,"Olivia","Miller",1983,10314,2,2,2,2,0.999606254813491
6328,"John","Smith",1991,11497,2,2,2,2,0.999606254813491
6329,"Olivia","Smith",1981,17103,0,2,2,2,0.985296268614473
6330,"Olivia","Brown",1992,11942,2,2,2,2,0.999606254813491
6331,"David","Brown",1979,10940,2,0,2,2,0.9851868388166
6332,"Sarah","Garcia",1989,16029,0,2,2,2,0.985296268614473
6333,"Olivia","Miller",1973,14862,2,2,2,2,0.999606254813491
6334,"Emily","Davis",1987,12280,2,2,2,2,0.999606254813491
6336,"William","Garcia",1983,18386,0,2,2,2,0.985296268614473
6337,"Sarah","Miller",1999,13407,2,2,2,2,0.999606254813491
6339,"James","Davis",1980,18899,2,0,2,2,0.9851868388166
6340,"Sarah","Martinez",1982,11416,2,2,2,2,0.999606254813491
6341,"John","Martinez",1971,18463,2,2,2,2,0.999606254813491
6342,"William","Johnson",1973,15185,2,2,2,2,0.999606254813491
6343,"Sarah","Miller",1975,14090,0,2,2,2,0.985296268614473
6344,"Michael","Garcia",1993,14408,0,2,2,2,0.985296268614473
6345,"Emma","Johnson",1991,14598,2,2,2,2,0.999606254813491
6347,"James","Martinez",1998,19693,2,2,2,2,0.999606254813491
6348,"David","Johnson",1985,18420,2,2,2,2,0.999606254813491
6349,"Emily","Johnson",1990,18446,2,2,2,2,0.999606254813491
6350,"James","Brown",1974,15304,0,2,2,2,0.985296268614473
6351,"Jane","Williams",1976,19262,2,2,2,2,0.999606254813491
6352,"Jane","Davis",1999,10813,0,2,2,2,0.985296268614473
6355,"Olivia","Johnson",1972,10650,2,2,2,2,0.999606254813491
6356,"Emily","Jones",1998,11556,0,2,2,2,0.985296268614473
6357,"Olivia","Brown",1986,12091,2,2,2,2,0.999606254813491
6358,"Emily","Brown",1976,19138,0,2,2,2,0.985296268614473
6359,"David","Miller",1992,19344,2,0,2,2,0.9851868388166
6361,"James","Rodriguez",1976,10653,2,2,2,2,0.999606254813491
6362,"Sarah","Davis",1992,18566,2,2,0,2,0.953764941384782
6363,"Sarah","Williams",1989,10781,2,2,2,2,0.999606254813491
6364,"Emily","Smith",1989,13582,0,2,2,2,0.985296268614473
6365,"Sarah","Williams",1985,13912,2,2,2,2,0.999606254813491
6366,"Sarah","Miller",1981,10219,2,2,2,2,0.999606254813491
6367,"Jane","Martinez",1979,17618,2,0,2,2,0.9851868388166
6368,"Michael","Williams",1975,17634,2,2,2,2,0.999606254813491
6369,"Michael","Garcia",1989,16639,2,0,2,2,0.9851868388166
6370,"John","Martinez",1971,15711,2,2,2,2,0.999606254813491
6371,"John","Brown",1999,15609,2,2,2,2,0.999606254813491
6372,"James","Jones",1984,10324,2,2,0,2,0.953764941384782
6373,"Jane","Smith",1981,19122,2,2,2,2,0.999606254813491
6375,"John","Smith",1984,13860,2,2,2,2,0.999606254813491
6376,"Olivia","Garcia",1991,19186,2,0,2,2,0.9851868388166
6377,"Sarah","Johnson",1973,14040,2,2,2,2,0.999606254813491
6378,"John","Smith",1997,19891,0,2,2,2,0.985296268614473
6379,"Olivia","Smith",1997,19966,2,2,2,2,0.999606254813491
6381,"Michael","Smith",1977,12586,2,2,2,2,0.999606254813491
6382,"Emma","Miller",1970,18190,2,2,2,2,0.999606254813491
6383,"Olivia","Brown",1982,14812,2,2,2,2,0.999606254813491
6384,"David","Martinez",1975,17996,2,2,2,2,0.999606254813491
6385,"David","Williams",1980,15017,2,2,2,2,0.999606254813491
6386,"James","Rodriguez",1993,13917,2,2,2,2,0.999606254813491
6387,"James","Miller",1999,11392,2,2,2,2,0.999606254813491
6388,"David","Davis",2000,13538,2,2,2,2,0.999606254813491
6389,"Emma","Davis",1996,13104,2,2,2,2,0.999606254813491
6390,"Emma","Garcia",1992,10518,0,2,2,2,0.985296268614473
6391,"William","Williams",1982,12753,2,2,2,2,0.999606254813491
6392,"David","Johnson",1989,18748,2,2,2,2,0.999606254813491
6393,"Jane","Jones",1971,14388,2,2,0,2,0.953764941384782
6394,"Sarah","Williams",1973,17477,2,2,2,2,0.999606254813491
6396,"Michael","Miller",1974,12890,2,2,2,2,0.999606254813491
6397,"Sarah","Johnson",1971,16328,2,2,2,2,0.999606254813491
6398,"Sarah","Rodriguez",1970,19669,2,2,2,2,0.999606254813491
6399,"James","Brown",1980,12735,2,0,2,2,0.9851868388166
6400,"John","Garcia",1970,15864,2,2,2,2,0.999606254813491
6401,"John","Brown",1997,18044,2,2,2,2,0.999606254813491
6402,"Olivia","Garcia",1987,11291,2,2,0,2,0.953764941384782
6404,"Jane","Johnson",1993,13373,2,2,2,2,0.999606254813491
6405,"Michael","Rodriguez",1984,15154,2,2,2,2,0.999606254813491
6406,"Emma","Rodriguez",1990,17624,2,2,2,2,0.999606254813491
6407,"Emily","Martinez",1995,19364,2,2,2,2,0.999606254813491
6408,"James","Davis",1973,10803,2,2,2,2,0.999606254813491
6410,"Emma","Miller",1975,18542,2,2,2,2,0.999606254813491
6411,"William","Brown",1977,19106,0,2,2,2,0.985296268614473
6412,"William","Davis",1977,10115,2,2,0,2,0.953764941384782
6413,"John","Miller",1984,13901,2,2,2,2,0.999606254813491
6414,"Olivia","Davis",1993,19216,2,2,2,2,0.999606254813491
6415,"Emily","Jones",1981,19844,2,2,2,2,0.999606254813491
6416,"Sarah","Davis",1980,18036,2,2,2,2,0.999606254813491
6417,"William","Brown",1989,16293,2,2,2,2,0.999606254813491
6418,"Michael","Jones",1983,17882,0,2,2,2,0.985296268614473
6419,"Sarah","Davis",1974,18735,2,2,2,2,0.999606254813491
6421,"Emma","Davis",1982,12244,0,2,2,2,0.985296268614473
6426,"Emily","Williams",1998,18171,2,2,2,2,0.999606254813491
6427,"Emily","Smith",1997,15860,2,0,2,2,0.9851868388166
6428,"William","Garcia",1976,19870,2,2,2,2,0.999606254813491
6429,"James","Williams",1985,14011,0,2,2,2,0.985296268614473
6430,"William","Smith",1988,18696,0,2,2,2,0.985296268614473
6431,"Michael","Smith",1978,18479,2,2,2,2,0.999606254813491
6432,"John","Martinez",1992,10573,2,2,2,2,0.999606254813491
6433,"Olivia","Smith",1990,13085,2,2,2,2,0.999606254813491
6434,"Emma","Johnson",1992,11105,2,0,2,2,0.9851868388166
6435,"John","Martinez",1987,15715,2,2,2,2,0.999606254813491
6436,"Michael","Miller",2000,10122,2,2,2,2,0.999606254813491
6437,"Emily","Johnson",1975,18724,2,0,2,2,0.9851868388166
6438,"Michael","Williams",1987,11822,2,0,2,2,0.9851868388166
6439,"David","Martinez",1979,18721,2,2,0,2,0.953764941384782
6440,"Michael","Jones",1996,18740,2,2,2,2,0.999606254813491
6441,"David","Smith",1990,15859,2,2,2,2,0.999606254813491
6442,"Emily","Miller",1976,19186,2,2,2,2,0.999606254813491
6443,"John","Miller",1993,14176,2,2,2,2,0.999606254813491
6444,"Emily","Williams",1985,12150,2,0,2,2,0.9851868388166
6445,"Michael","Williams",1977,17574,0,2,2,2,0.985296268614473
6446,"Sarah","Johnson",1984,15294,2,2,2,2,0.999606254813491
6447,"William","Martinez",1980,16872,2,0,2,2,0.9851868388166
6448,"William","Garcia",1976,11704,2,2,2,2,0.999606254813491
6449,"Emma","Brown",1986,12940,0,2,2,2,0.985296268614473
6450,"Jane","Smith",1978,15332,2,2,2,2,0.999606254813491
2269,"Olivia","Miller",1995,12455,2,2,2,2,0.999606254813491
6452,"Emily","Miller",1999,19378,2,2,2,2,0.999606254813491
6453,"David","Rodriguez",1977,16813,0,2,2,2,0.985296268614473
6455,"Olivia","Rodriguez",1970,17360,2,2,0,2,0.953764941384782
6456,"James","Williams",1985,11896,2,2,2,2,0.999606254813491
6457,"Jane","Smith",1977,14216,2,2,2,2,0.999606254813491
6458,"William","Rodriguez",1976,16665,2,2,2,2,0.999606254813491
6460,"Jane","Brown",1976,11244,2,2,0,2,0.953764941384782
6461,"David","Brown",1990,10386,2,0,2,2,0.9851868388166
6462,"Olivia","Williams",1981,12898,2,2,2,2,0.999606254813491
6463,"William","Garcia",1985,12942,2,0,2,2,0.9851868388166
6464,"Emily","Rodriguez",1979,16838,2,2,2,2,0.999606254813491
6465,"David","Garcia",1986,19649,2,2,2,2,0.999606254813491
6466,"William","Williams",1975,14558,2,0,2,2,0.9851868388166
6467,"Michael","Miller",1985,18471,2,2,2,2,0.999606254813491
6468,"David","Johnson",1974,12926,2,2,2,2,0.999606254813491
6469,"Emily","Brown",1993,19575,2,2,2,2,0.999606254813491
6470,"James","Jones",1991,16797,2,0,2,2,0.9851868388166
6471,"Emma","Williams",1990,17388,0,2,2,2,0.985296268614473
6472,"Emma","Martinez",1992,10164,2,2,2,2,0.999606254813491
6473,"Olivia","Johnson",1974,17301,2,2,2,2,0.999606254813491
6474,"Michael","Johnson",1975,16761,0,2,2,2,0.985296268614473
6475,"Jane","Martinez",2000,11440,2,2,2,2,0.999606254813491
6476,"David","Smith",1981,14601,0,2,2,2,0.985296268614473
6477,"William","Rodriguez",1974,19621,2,2,2,2,0.999606254813491
6478,"Emily","Brown",1983,15523,2,2,0,2,0.953764941384782
6479,"Emma","Jones",1977,14548,2,2,0,2,0.953764941384782
6480,"James","Garcia",1970,18679,2,2,2,2,0.999606254813491
6481,"Michael","Jones",1995,13192,2,2,2,2,0.999606254813491
6482,"David","Brown",1986,17152,2,2,2,2,0.999606254813491
6483,"Michael","Miller",1984,16859,2,2,2,2,0.999606254813491
6485,"Emily","Johnson",1984,16109,2,2,2,2,0.999606254813491
6487,"William","Garcia",1976,15281,0,2,2,2,0.985296268614473
6488,"Sarah","Jones",1986,14768,2,2,2,2,0.999606254813491
6489,"Sarah","Martinez",1977,12982,2,2,2,2,0.999606254813491
6490,"Olivia","Miller",1981,15416,2,0,2,2,0.9851868388166
6491,"Jane","Davis",1981,15220,2,2,2,2,0.999606254813491
6492,"Olivia","Martinez",1999,16031,2,2,2,2,0.999606254813491
6493,"Emily","Martinez",1972,13395,0,2,2,2,0.985296268614473
6494,"Emily","Williams",1981,19378,2,2,2,2,0.999606254813491
6495,"Olivia","Brown",1980,19274,2,2,2,2,0.999606254813491
6496,"William","Jones",1983,16647,2,0,2,2,0.9851868388166
6498,"Michael","Williams",1992,15060,2,2,2,2,0.999606254813491
6499,"William","Martinez",1976,14153,2,2,2,2,0.999606254813491
6500,"Emily","Johnson",1986,12322,2,0,2,2,0.9851868388166
6501,"Emily","Williams",1984,17541,0,2,2,2,0.985296268614473
6504,"James","Williams",1992,15918,2,2,2,2,0.999606254813491
6505,"Jane","Smith",1991,19908,2,2,2,2,0.999606254813491
6506,"Olivia","Rodriguez",1996,14916,2,2,2,2,0.999606254813491
6507,"William","Smith",1970,10404,2,2,2,2,0.999606254813491
6508,"Michael","Jones",1996,17351,2,2,2,2,0.999606254813491
6509,"James","Smith",1971,13300,2,2,2,2,0.999606254813491
6510,"Emma","Miller",1989,11997,2,0,2,2,0.9851868388166
6511,"Olivia","Rodriguez",1993,11082,2,2,2,2,0.999606254813491
6512,"Olivia","Davis",1976,18894,0,2,2,2,0.985296268614473
6513,"David","Martinez",1991,17765,2,2,2,2,0.999606254813491
6514,"James","Garcia",1987,14582,2,2,2,2,0.999606254813491
6515,"Olivia","Jones",1988,16274,2,2,2,2,0.999606254813491
6516,"Sarah","Miller",1996,14507,2,2,2,2,0.999606254813491
6518,"William","Martinez",1988,12027,2,0,2,2,0.9851868388166
6522,"Michael","Smith",1983,13695,2,2,2,2,0.999606254813491
6523,"Olivia","Davis",1999,10215,2,2,2,2,0.999606254813491
6524,"Sarah","Smith",1998,13114,2,2,2,2,0.999606254813491
6525,"John","Rodriguez",1980,14912,2,2,0,2,0.953764941384782
6526,"Emma","Garcia",1988,11916,2,2,2,2,0.999606254813491
6527,"Jane","Johnson",1995,15349,2,0,2,2,0.9851868388166
6528,"Michael","Davis",1981,18849,2,0,2,2,0.9851868388166
6529,"Emily","Miller",1999,18539,0,2,2,2,0.985296268614473
6530,"Emma","Smith",1987,11022,2,0,2,2,0.9851868388166
6532,"William","Smith",1982,17156,0,2,2,2,0.985296268614473
6535,"William","Williams",1993,16357,2,2,2,2,0.999606254813491
6537,"William","Miller",1993,15992,2,0,2,2,0.9851868388166
6538,"David","Brown",1971,11746,2,2,2,2,0.999606254813491
6539,"Emma","Martinez",1977,13335,2,2,2,2,0.999606254813491
6541,"Emily","Williams",1993,12950,0,2,2,2,0.985296268614473
6542,"John","Williams",1978,19478,0,2,2,2,0.985296268614473
6543,"Jane","Williams",1981,12461,2,2,2,2,0.999606254813491
6544,"James","Rodriguez",1987,15743,2,2,2,2,0.999606254813491
6545,"David","Jones",1986,13509,2,2,0,2,0.953764941384782
6546,"William","Martinez",1978,19635,2,2,2,2,0.999606254813491
6547,"Emily","Garcia",1989,18386,2,2,0,2,0.953764941384782
6548,"John","Brown",1997,16459,2,2,2,2,0.999606254813491
6549,"Emma","Brown",1980,18615,2,0,2,2,0.9851868388166
6550,"Sarah","Williams",2000,19473,2,2,2,2,0.999606254813491
6551,"Olivia","Brown",1987,17562,2,2,2,2,0.999606254813491
6552,"Emily","Brown",1995,11475,2,2,2,2,0.999606254813491
6553,"David","Williams",2000,18166,2,2,2,2,0.999606254813491
6554,"William","Davis",1991,14278,2,2,2,2,0.999606254813491
6555,"John","Miller",1986,18867,0,2,2,2,0.985296268614473
6556,"Olivia","Garcia",1970,12487,0,2,2,2,0.985296268614473
6557,"Sarah","Williams",1978,12764,2,0,2,2,0.9851868388166
6558,"David","Johnson",1978,17765,2,2,0,2,0.953764941384782
6559,"Michael","Johnson",1975,13647,2,2,2,2,0.999606254813491
6560,"William","Garcia",1985,19535,2,2,2,2,0.999606254813491
6561,"David","Williams",1970,17096,2,2,2,2,0.999606254813491
6562,"Jane","Miller",1976,19466,2,2,2,2,0.999606254813491
6563,"Jane","Rodriguez",1987,12345,2,0,2,2,0.9851868388166
6566,"John","Smith",1973,12492,2,2,2,2,0.999606254813491
6568,"Emily","Williams",2000,12667,0,2,2,2,0.985296268614473
6569,"Olivia","Jones",1988,11829,2,2,2,2,0.999606254813491
6570,"David","Martinez",1975,18149,2,0,2,2,0.9851868388166
6571,"William","Johnson",1976,15857,2,2,2,2,0.999606254813491
6572,"David","Martinez",1979,14956,0,2,2,2,0.985296268614473
6573,"Emily","Garcia",1998,19644,2,2,2,2,0.999606254813491
6574,"Olivia","Miller",1991,11770,2,0,2,2,0.9851868388166
6576,"Olivia","Jones",1991,13975,0,2,2,2,0.985296268614473
6577,"Michael","Miller",1988,18347,2,2,2,2,0.999606254813491
6578,"Sarah","Johnson",1996,12329,2,0,2,2,0.9851868388166
6579,"Sarah","Jones",1986,13230,2,2,2,2,0.999606254813491
6580,"Emma","Davis",1982,12798,2,2,2,2,0.999606254813491
6583,"John","Smith",1985,16042,0,2,2,2,0.985296268614473
6584,"John","Martinez",1995,14403,2,2,2,2,0.999606254813491
6585,"John","Miller",1995,16350,2,2,0,2,0.953764941384782
6588,"Emma","Martinez",1979,10081,2,2,2,2,0.999606254813491
6589,"David","Martinez",1983,15295,2,2,0,2,0.953764941384782
6590,"William","Davis",1975,12971,2,2,2,2,0.999606254813491
6591,"Sarah","Jones",1976,16797,2,2,2,2,0.999606254813491
6592,"Michael","Davis",1993,10052,2,2,2,2,0.999606254813491
6593,"Jane","Brown",1992,11042,2,0,2,2,0.9851868388166
6596,"Michael","Brown",1998,10811,2,2,0,2,0.953764941384782
6597,"John","Garcia",1971,17526,2,0,2,2,0.9851868388166
6598,"James","Miller",1977,15235,0,2,2,2,0.985296268614473
6600,"James","Garcia",1987,13157,2,2,2,2,0.999606254813491
6601,"David","Brown",1999,16018,2,2,0,2,0.953764941384782
6602,"Michael","Davis",1977,14938,2,2,2,2,0.999606254813491
6603,"David","Martinez",1977,17024,2,2,2,2,0.999606254813491
6604,"Michael","Miller",1975,10991,0,2,2,2,0.985296268614473
6605,"John","Garcia",1984,13196,2,2,2,2,0.999606254813491
6606,"William","Jones",1989,16019,2,2,2,2,0.999606254813491
6607,"Jane","Martinez",1975,14212,2,2,2,2,0.999606254813491
6608,"James","Martinez",1971,13890,2,2,2,2,0.999606254813491
6610,"Olivia","Smith",1975,10120,2,2,2,2,0.999606254813491
6611,"Emily","Miller",1988,16023,0,2,2,2,0.985296268614473
6612,"William","Rodriguez",1974,18002,2,0,2,2,0.9851868388166
6613,"James","Martinez",1990,19857,0,2,2,2,0.985296268614473
6614,"Emily","Garcia",2000,15345,2,2,2,2,0.999606254813491
6615,"William","Johnson",1987,11535,2,0,2,2,0.9851868388166
6616,"Sarah","Garcia",1988,17180,2,2,2,2,0.999606254813491
6617,"James","Williams",1988,16831,2,2,2,2,0.999606254813491
6618,"Emily","Jones",1985,10170,2,2,0,2,0.953764941384782
6619,"Olivia","Williams",1976,15966,2,2,2,2,0.999606254813491
6620,"John","Smith",1978,14088,0,2,2,2,0.985296268614473
6621,"William","Johnson",1993,19753,2,2,2,2,0.999606254813491
6623,"James","Rodriguez",1979,18597,2,2,2,2,0.999606254813491
6624,"William","Johnson",1973,13979,2,0,2,2,0.9851868388166
6625,"John","Williams",1986,13283,2,2,2,2,0.999606254813491
6626,"Emily","Rodriguez",1978,18685,2,0,2,2,0.9851868388166
6627,"David","Jones",1975,17814,2,2,2,2,0.999606254813491
6628,"James","Williams",1987,16326,2,0,2,2,0.9851868388166
6629,"John","Martinez",1977,19673,2,2,2,2,0.999606254813491
6630,"Jane","Martinez",1988,14238,0,2,2,2,0.985296268614473
6631,"Olivia","Rodriguez",1975,12328,2,2,2,2,0.999606254813491
6632,"Emily","Miller",1987,10722,2,0,2,2,0.9851868388166
6633,"Emma","Jones",1978,19328,2,2,2,2,0.999606254813491
6634,"Michael","Davis",1984,15539,0,2,2,2,0.985296268614473
6635,"Jane","Davis",1982,13898,2,2,2,2,0.999606254813491
6636,"Sarah","Smith",1996,16965,0,2,2,2,0.985296268614473
6637,"John","Miller",1995,18377,2,0,2,2,0.9851868388166
6638,"Sarah","Garcia",1983,16961,2,2,2,2,0.999606254813491
6641,"David","Rodriguez",1985,11253,2,2,2,2,0.999606254813491
6643,"Sarah","Brown",1970,19029,2,2,2,2,0.999606254813491
6644,"Emma","Miller",1971,17220,2,2,2,2,0.999606254813491
6645,"John","Rodriguez",1976,17335,2,2,2,2,0.999606254813491
6646,"Emma","Rodriguez",1992,10341,2,2,0,2,0.953764941384782
6647,"Emma","Johnson",1978,16327,2,0,2,2,0.9851868388166
6648,"Sarah","Williams",1973,15444,2,2,2,2,0.999606254813491
6649,"Jane","Williams",1982,16979,2,2,2,2,0.999606254813491
6650,"Michael","Smith",1974,13815,2,0,2,2,0.9851868388166
6651,"James","Miller",1984,12704,2,0,2,2,0.9851868388166
6652,"Olivia","Martinez",1976,13140,2,0,2,2,0.9851868388166
6653,"John","Williams",1991,14121,2,2,2,2,0.999606254813491
6654,"James","Jones",1991,16371,2,2,2,2,0.999606254813491
6655,"Michael","Miller",1987,17236,2,2,2,2,0.999606254813491
6656,"Jane","Johnson",1999,11497,2,2,2,2,0.999606254813491
6657,"Emma","Davis",1985,10373,0,2,2,2,0.985296268614473
6658,"Jane","Johnson",1980,18870,2,0,2,2,0.9851868388166
6659,"Emma","Garcia",1991,16302,2,2,2,2,0.999606254813491
6660,"Sarah","Rodriguez",1978,17313,2,2,2,2,0.999606254813491
6661,"Emma","Rodriguez",1975,16869,2,0,2,2,0.9851868388166
6662,"Olivia","Rodriguez",1985,18019,2,2,2,2,0.999606254813491
6663,"Emma","Brown",1979,19512,2,2,2,2,0.999606254813491
6665,"Olivia","Jones",1998,15244,2,2,2,2,0.999606254813491
6666,"David","Miller",1987,10321,2,2,2,2,0.999606254813491
6667,"Olivia","Martinez",1977,14239,2,2,2,2,0.999606254813491
6668,"Emily","Johnson",1972,12282,2,0,2,2,0.9851868388166
6669,"Michael","Martinez",1978,11109,2,2,2,2,0.999606254813491
6670,"Sarah","Miller",1980,11905,2,2,2,2,0.999606254813491
6671,"David","Smith",1973,10619,2,0,2,2,0.9851868388166
6672,"Emily","Johnson",1970,15182,2,0,2,2,0.9851868388166
6673,"Jane","Brown",1985,11576,2,2,2,2,0.999606254813491
6674,"William","Smith",2000,11720,2,0,2,2,0.9851868388166
6676,"John","Garcia",1983,13970,0,2,2,2,0.985296268614473
6677,"Jane","Smith",1991,12258,2,2,2,2,0.999606254813491
6678,"Jane","Garcia",1982,16057,2,2,2,2,0.999606254813491
6679,"William","Martinez",1999,19160,2,0,2,2,0.9851868388166
6680,"Michael","Miller",1973,17424,2,0,2,2,0.9851868388166
6681,"William","Smith",1975,11773,0,2,2,2,0.985296268614473
6683,"Emma","Rodriguez",1971,18001,2,2,2,2,0.999606254813491
6686,"John","Davis",1994,17233,2,0,2,2,0.9851868388166
6687,"Sarah","Rodriguez",1991,17856,2,2,2,2,0.999606254813491
6688,"James","Garcia",1980,12916,2,0,2,2,0.9851868388166
6689,"Sarah","Garcia",1991,17274,2,2,2,2,0.999606254813491
6690,"Olivia","Smith",1999,12676,2,2,2,2,0.999606254813491
6691,"Michael","Rodriguez",1983,12024,2,2,2,2,0.999606254813491
6692,"William","Davis",1997,13840,2,2,2,2,0.999606254813491
6693,"David","Davis",1983,15543,2,2,2,2,0.999606254813491
6694,"Emma","Jones",1988,15592,2,2,2,2,0.999606254813491
6695,"Emma","Johnson",1986,17809,0,2,2,2,0.985296268614473
6696,"David","Smith",1982,17559,2,2,2,2,0.999606254813491
6697,"Sarah","Garcia",1970,19336,0,2,2,2,0.985296268614473
6698,"Olivia","Davis",1970,17226,2,0,2,2,0.9851868388166
6699,"Emily","Johnson",1994,16797,2,2,2,2,0.999606254813491
6701,"John","Williams",1976,13585,0,2,2,2,0.985296268614473
6702,"John","Rodriguez",1984,19984,0,2,2,2,0.985296268614473
6703,"James","Brown",1988,14489,0,2,2,2,0.985296268614473
6704,"Olivia","Garcia",1977,19257,2,2,2,2,0.999606254813491
6705,"Sarah","Brown",1971,17948,2,2,2,2,0.999606254813491
6706,"David","Martinez",1974,10413,2,2,2,2,0.999606254813491
6707,"Michael","Smith",1993,12805,2,2,2,2,0.999606254813491
6708,"William","Rodriguez",1983,13960,2,0,2,2,0.9851868388166
6709,"Olivia","Williams",1978,14093,2,2,0,2,0.953764941384782
6710,"William","Davis",1994,11200,2,2,2,2,0.999606254813491
6711,"Emily","Jones",1995,18520,2,2,0,2,0.953764941384782
6712,"Sarah","Miller",1981,10275,0,2,2,2,0.985296268614473
6714,"Emma","Garcia",1994,17896,2,2,0,2,0.953764941384782
6715,"John","Jones",1975,18191,2,2,2,2,0.999606254813491
6716,"Emily","Rodriguez",1996,10277,2,2,2,2,0.999606254813491
6717,"Emily","Martinez",1972,10779,2,2,2,2,0.999606254813491
6719,"Jane","Martinez",1984,10717,2,0,2,2,0.9851868388166
6720,"Michael","Rodriguez",1972,12486,2,2,2,2,0.999606254813491
6722,"Michael","Jones",1972,16506,0,2,2,2,0.985296268614473
6723,"Michael","Johnson",1985,12529,2,0,2,2,0.9851868388166
6724,"John","Williams",1973,11853,2,2,2,2,0.999606254813491
6725,"Emily","Johnson",1987,18466,2,2,2,2,0.999606254813491
6726,"Jane","Smith",1977,19872,0,2,2,2,0.985296268614473
6727,"Emma","Williams",1974,12757,2,2,2,2,0.999606254813491
6728,"Emily","Miller",1998,10755,2,2,2,2,0.999606254813491
6729,"Michael","Miller",1974,16900,2,2,2,2,0.999606254813491
6730,"Emily","Miller",1987,17824,0,2,2,2,0.985296268614473
6731,"Emma","Jones",1988,15187,2,2,2,2,0.999606254813491
6733,"Michael","Rodriguez",1974,14817,2,0,2,2,0.9851868388166
6734,"Emily","Rodriguez",1977,13855,0,2,2,2,0.985296268614473
6735,"Jane","Smith",1977,12830,2,0,2,2,0.9851868388166
6736,"Sarah","Williams",1990,11194,2,2,2,2,0.999606254813491
6737,"John","Brown",1990,12408,0,2,2,2,0.985296268614473
6738,"John","Brown",1993,16079,2,2,0,2,0.953764941384782
6740,"David","Davis",1983,15260,2,2,2,2,0.999606254813491
6741,"James","Davis",1985,18941,2,2,2,2,0.999606254813491
6742,"Jane","Williams",1972,17728,2,2,2,2,0.999606254813491
6743,"Michael","Johnson",1984,11971,0,2,2,2,0.985296268614473
6744,"David","Davis",1986,12691,2,0,2,2,0.9851868388166
6745,"Sarah","Miller",1985,12599,2,0,2,2,0.9851868388166
6746,"John","Jones",1971,18087,2,0,2,2,0.9851868388166
6747,"Emma","Williams",1999,10097,0,2,2,2,0.985296268614473
6748,"Sarah","Smith",1970,16885,2,2,2,2,0.999606254813491
6749,"Michael","Miller",1989,14992,2,0,2,2,0.9851868388166
6750,"John","Garcia",1978,16624,2,2,2,2,0.999606254813491
6751,"Michael","Martinez",1975,16433,2,2,2,2,0.999606254813491
6752,"John","Martinez",1979,13733,0,2,2,2,0.985296268614473
6754,"Jane","Jones",2000,12628,0,2,2,2,0.985296268614473
6755,"Emma","Garcia",1989,12053,2,2,2,2,0.999606254813491
6756,"John","Rodriguez",1973,11107,2,2,2,2,0.999606254813491
6758,"David","Smith",1990,18823,2,2,0,2,0.953764941384782
6759,"Olivia","Miller",1999,18158,2,2,2,2,0.999606254813491
6761,"Emma","Rodriguez",1975,15908,0,2,2,2,0.985296268614473
6763,"Michael","Martinez",1986,14800,2,2,2,2,0.999606254813491
6764,"William","Miller",1996,14714,0,2,2,2,0.985296268614473
6765,"Jane","Garcia",1992,19099,2,2,2,2,0.999606254813491
6766,"Sarah","Davis",1985,12981,2,0,2,2,0.9851868388166
6767,"David","Brown",1978,19301,2,2,2,2,0.999606254813491
6768,"Emma","Davis",1975,18010,2,2,2,2,0.999606254813491
6769,"Jane","Miller",1973,19005,0,2,2,2,0.985296268614473
6770,"Jane","Brown",1990,14539,2,2,2,2,0.999606254813491
6771,"William","Rodriguez",1987,17182,2,2,0,2,0.953764941384782
6772,"Jane","Brown",1998,11558,2,0,2,2,0.9851868388166
6773,"Emily","Jones",1971,11004,2,2,2,2,0.999606254813491
6774,"David","Davis",1972,11024,2,2,2,2,0.999606254813491
6775,"Emma","Williams",1971,12097,2,2,2,2,0.999606254813491
6776,"Sarah","Williams",1980,14037,2,2,0,2,0.953764941384782
6777,"James","Williams",1977,15082,2,0,2,2,0.9851868388166
6778,"William","Jones",1989,15405,2,2,2,2,0.999606254813491
6779,"Jane","Miller",1971,16817,0,2,2,2,0.985296268614473
6780,"James","Johnson",1971,17672,2,0,2,2,0.9851868388166
6781,"John","Davis",1990,16877,0,2,2,2,0.985296268614473
6782,"David","Brown",1978,19183,2,2,2,2,0.999606254813491
6784,"David","Davis",1985,13387,2,0,2,2,0.9851868388166
6786,"David","Johnson",1988,12631,2,2,2,2,0.999606254813491
6789,"Olivia","Williams",1970,18504,0,2,2,2,0.985296268614473
6790,"David","Smith",1987,15181,2,2,2,2,0.999606254813491
6791,"James","Garcia",1998,17780,2,2,2,2,0.999606254813491
6792,"David","Rodriguez",1970,19105,2,2,2,2,0.999606254813491
6793,"Olivia","Davis",1998,12141,2,2,2,2,0.999606254813491
6794,"Jane","Miller",1978,18110,0,2,2,2,0.985296268614473
6795,"Michael","Rodriguez",1980,13191,0,2,2,2,0.985296268614473
6796,"Michael","Davis",1991,14492,2,0,2,2,0.9851868388166
6798,"Olivia","Jones",1999,14035,2,2,2,2,0.999606254813491
6799,"William","Davis",1987,16538,2,0,2,2,0.9851868388166
6800,"Sarah","Rodriguez",1973,16334,2,0,2,2,0.9851868388166
6801,"James","Miller",1975,18653,2,2,2,2,0.999606254813491
6802,"Sarah","Miller",1990,19593,0,2,2,2,0.985296268614473
6804,"Sarah","Garcia",1998,13325,2,0,2,2,0.9851868388166
6805,"John","Jones",1992,17430,0,2,2,2,0.985296268614473
6806,"Michael","Garcia",1997,11350,2,0,2,2,0.9851868388166
6807,"William","Jones",1987,18844,2,2,0,2,0.953764941384782
6808,"Emily","Johnson",2000,16254,0,2,2,2,0.985296268614473
6809,"William","Martinez",1974,13913,2,0,2,2,0.9851868388166
6810,"Jane","Miller",1970,14814,2,2,2,2,0.999606254813491
6812,"Olivia","Davis",1984,10694,2,2,2,2,0.999606254813491
6813,"John","Johnson",1982,15014,2,2,2,2,0.999606254813491
6814,"John","Martinez",1997,19391,2,2,2,2,0.999606254813491
6815,"Jane","Johnson",1996,11123,2,2,2,2,0.999606254813491
6816,"James","Rodriguez",1971,15737,2,0,2,2,0.9851868388166
6817,"Olivia","Smith",1979,13642,2,0,2,2,0.9851868388166
6818,"John","Brown",1981,19455,2,2,2,2,0.999606254813491
6821,"William","Jones",1971,15952,0,2,2,2,0.985296268614473
6822,"Olivia","Davis",1974,13801,2,2,2,2,0.999606254813491
6823,"Emily","Davis",2000,12760,2,0,2,2,0.9851868388166
6824,"Emma","Garcia",1983,19610,2,2,2,2,0.999606254813491
6825,"John","Martinez",1970,11281,0,2,2,2,0.985296268614473
6826,"William","Martinez",1972,13478,2,2,2,2,0.999606254813491
6827,"Olivia","Davis",1983,12450,2,2,0,2,0.953764941384782
6828,"Jane","Smith",1979,17903,2,2,2,2,0.999606254813491
6829,"Michael","Brown",1983,17660,2,2,2,2,0.999606254813491
6830,"Sarah","Garcia",1985,15965,2,0,2,2,0.9851868388166
6831,"Emma","Miller",1971,19165,2,2,2,2,0.999606254813491
6832,"David","Miller",1974,13139,0,2,2,2,0.985296268614473
6833,"David","Rodriguez",1988,16513,2,2,2,2,0.999606254813491
6834,"Olivia","Jones",1981,15550,2,2,2,2,0.999606254813491
6835,"William","Miller",1999,19370,2,0,2,2,0.9851868388166
6836,"Olivia","Rodriguez",1971,18893,0,2,2,2,0.985296268614473
6837,"Michael","Martinez",1993,16967,0,2,2,2,0.985296268614473
6838,"William","Martinez",1998,16185,2,0,2,2,0.9851868388166
6839,"Michael","Davis",1979,18497,0,2,2,2,0.985296268614473
6840,"Olivia","Brown",1997,11429,2,2,2,2,0.999606254813491
6841,"John","Jones",1985,12470,2,2,2,2,0.999606254813491
6842,"Sarah","Brown",1977,14717,2,0,2,2,0.9851868388166
6843,"Emily","Garcia",1987,13492,2,0,2,2,0.9851868388166
6844,"Emma","Smith",1990,18979,0,2,2,2,0.985296268614473
6845,"David","Brown",1999,19343,0,2,2,2,0.985296268614473
6846,"Jane","Brown",1997,16943,2,2,0,2,0.953764941384782
6847,"James","Brown",1994,10711,0,2,2,2,0.985296268614473
6848,"John","Johnson",1991,10453,2,0,2,2,0.9851868388166
6849,"Sarah","Williams",1981,10457,2,2,0,2,0.953764941384782
6850,"Emma","Johnson",1976,12519,2,2,2,2,0.999606254813491
6851,"Jane","Garcia",1971,13177,2,2,2,2,0.999606254813491
6852,"James","Williams",1985,16173,2,2,0,2,0.953764941384782
6853,"James","Miller",1978,14575,2,2,2,2,0.999606254813491
6854,"Emily","Brown",1988,10672,2,2,2,2,0.999606254813491
6855,"John","Garcia",1971,18610,2,2,2,2,0.999606254813491
6856,"Jane","Rodriguez",1993,17024,2,2,2,2,0.999606254813491
6857,"Jane","Jones",1999,16325,2,2,2,2,0.999606254813491
6858,"Jane","Rodriguez",1974,12326,2,2,2,2,0.999606254813491
6859,"Sarah","Rodriguez",1989,19867,2,2,0,2,0.953764941384782
6860,"James","Brown",1985,19930,2,2,2,2,0.999606254813491
6861,"David","Brown",1988,15838,2,2,2,2,0.999606254813491
6862,"James","Brown",1988,17152,0,2,2,2,0.985296268614473
6864,"David","Miller",1975,19565,2,2,2,2,0.999606254813491
6865,"Emma","Brown",1999,10308,2,0,2,2,0.9851868388166
6867,"David","Johnson",1984,19170,2,2,2,2,0.999606254813491
6868,"Emma","Miller",1983,17411,0,2,2,2,0.985296268614473
6869,"Michael","Rodriguez",1988,13550,2,0,2,2,0.9851868388166
6870,"Jane","Rodriguez",1994,17365,2,2,2,2,0.999606254813491
6871,"Michael","Johnson",1999,11806,2,2,0,2,0.953764941384782
6872,"Emily","Brown",1979,15896,2,2,0,2,0.953764941384782
6873,"Michael","Johnson",1997,15964,2,0,2,2,0.9851868388166
6874,"Olivia","Rodriguez",1985,14819,2,0,2,2,0.9851868388166
6875,"John","Garcia",1983,19588,0,2,2,2,0.985296268614473
6876,"Sarah","Davis",1996,10241,2,2,2,2,0.999606254813491
6877,"William","Brown",1971,15675,2,2,2,2,0.999606254813491
6878,"Emily","Johnson",1991,14978,2,2,0,2,0.953764941384782
6879,"Michael","Davis",1976,19323,2,0,2,2,0.9851868388166
6880,"John","Smith",1980,12359,2,2,0,2,0.953764941384782
6881,"Michael","Rodriguez",1989,15710,2,0,2,2,0.9851868388166
6882,"Olivia","Smith",2000,16158,2,2,2,2,0.999606254813491
6883,"James","Smith",1984,14283,2,2,2,2,0.999606254813491
6884,"Emily","Jones",1985,19220,2,2,0,2,0.953764941384782
6885,"John","Williams",1982,13626,2,2,2,2,0.999606254813491
6888,"Emma","Johnson",1999,18750,2,2,0,2,0.953764941384782
6889,"Michael","Brown",1992,12757,2,2,0,2,0.953764941384782
6890,"John","Davis",1999,17625,0,2,2,2,0.985296268614473
6891,"Olivia","Martinez",1987,12582,2,0,2,2,0.9851868388166
6892,"Sarah","Jones",1997,17001,2,2,2,2,0.999606254813491
6894,"Olivia","Davis",1976,15371,2,2,2,2,0.999606254813491
6895,"Emily","Garcia",1985,11280,2,0,2,2,0.9851868388166
6897,"James","Miller",1996,10945,0,2,2,2,0.985296268614473
6898,"John","Miller",1975,12461,2,0,2,2,0.9851868388166
6899,"Jane","Miller",1999,16050,2,2,2,2,0.999606254813491
6900,"Michael","Jones",1971,15609,2,2,2,2,0.999606254813491
6901,"James","Johnson",1982,14032,2,2,2,2,0.999606254813491
6902,"James","Smith",1989,19946,2,2,0,2,0.953764941384782
6903,"John","Williams",1995,17220,2,2,0,2,0.953764941384782
6904,"Emma","Garcia",1972,18322,2,2,2,2,0.999606254813491
6905,"David","Williams",1988,12495,2,0,2,2,0.9851868388166
6906,"John","Miller",1989,16349,2,2,2,2,0.999606254813491
6907,"David","Rodriguez",1990,13669,2,0,2,2,0.9851868388166
6908,"Emma","Brown",1970,17262,2,2,2,2,0.999606254813491
6909,"David","Martinez",1976,10659,2,0,2,2,0.9851868388166
6910,"David","Martinez",1973,11826,2,2,2,2,0.999606254813491
6912,"Jane","Williams",1996,19498,0,2,2,2,0.985296268614473
6913,"Emily","Davis",1997,14603,2,0,2,2,0.9851868388166
6914,"Emily","Rodriguez",1981,16285,0,2,2,2,0.985296268614473
6915,"Jane","Miller",1996,18502,2,2,2,2,0.999606254813491
6919,"Emily","Martinez",1983,11802,2,2,2,2,0.999606254813491
6920,"John","Rodriguez",1987,13226,2,2,2,2,0.999606254813491
6921,"William","Rodriguez",1978,15700,2,2,2,2,0.999606254813491
6922,"John","Martinez",1991,16672,2,2,2,2,0.999606254813491
6925,"John","Smith",1995,19016,0,2,2,2,0.985296268614473
6926,"John","Davis",1975,14599,2,0,2,2,0.9851868388166
6927,"James","Garcia",1978,17423,2,2,2,2,0.999606254813491
6928,"Jane","Williams",1972,10836,0,2,2,2,0.985296268614473
6929,"Emily","Jones",1988,11350,2,2,2,2,0.999606254813491
6930,"William","Jones",1981,13083,2,2,2,2,0.999606254813491
6931,"Emily","Smith",1981,11294,2,2,2,2,0.999606254813491
6932,"Olivia","Smith",2000,16531,2,2,2,2,0.999606254813491
6934,"James","Garcia",1979,10943,2,0,2,2,0.9851868388166
6936,"David","Williams",1974,16614,2,2,2,2,0.999606254813491
6937,"James","Williams",1982,16354,2,2,2,2,0.999606254813491
6938,"Michael","Smith",1999,15139,2,2,2,2,0.999606254813491
6939,"Jane","Miller",1992,18288,0,2,2,2,0.985296268614473
6940,"David","Williams",1995,14380,2,2,0,2,0.953764941384782
6942,"Michael","Martinez",1992,13412,2,2,2,2,0.999606254813491
6943,"John","Johnson",1996,15390,2,2,2,2,0.999606254813491
6944,"Michael","Garcia",1971,17412,2,2,2,2,0.999606254813491
6945,"John","Garcia",2000,18840,2,2,2,2,0.999606254813491
6946,"Olivia","Rodriguez",1991,15763,0,2,2,2,0.985296268614473
6947,"Jane","Johnson",1977,10200,2,2,2,2,0.999606254813491
6948,"William","Rodriguez",1992,15188,2,2,2,2,0.999606254813491
6949,"James","Jones",1999,16488,2,2,2,2,0.999606254813491
6950,"Olivia","Johnson",1999,15902,2,0,2,2,0.9851868388166
6952,"David","Miller",1994,15205,2,2,2,2,0.999606254813491
6953,"John","Rodriguez",1990,18222,2,0,2,2,0.9851868388166
6954,"Jane","Rodriguez",1979,10233,2,2,2,2,0.999606254813491
6956,"Olivia","Jones",1971,11082,2,0,2,2,0.9851868388166
6957,"Emily","Brown",1983,19518,0,2,2,2,0.985296268614473
6958,"William","Smith",1973,16912,2,0,2,2,0.9851868388166
6959,"William","Garcia",1973,19925,0,2,2,2,0.985296268614473
6960,"John","Garcia",1980,11944,2,0,2,2,0.9851868388166
6961,"Sarah","Davis",1975,12201,0,2,2,2,0.985296268614473
6962,"Emma","Rodriguez",1993,13210,2,2,2,2,0.999606254813491
6963,"Emma","Rodriguez",2000,10854,2,0,2,2,0.9851868388166
6964,"Olivia","Brown",2000,11674,2,2,2,2,0.999606254813491
6965,"Michael","Brown",1990,18024,2,0,2,2,0.9851868388166
6966,"Jane","Rodriguez",1977,18190,2,2,0,2,0.953764941384782
6967,"Olivia","Brown",1990,18848,2,2,2,2,0.999606254813491
6968,"Emily","Smith",1997,17894,2,2,2,2,0.999606254813491
6969,"Michael","Brown",1996,15079,2,2,0,2,0.953764941384782
6970,"Sarah","Brown",1984,17780,2,2,2,2,0.999606254813491
6971,"John","Davis",1994,19213,2,2,2,2,0.999606254813491
6972,"James","Williams",1971,13113,2,0,2,2,0.9851868388166
6973,"Olivia","Brown",1978,16932,0,2,2,2,0.985296268614473
6974,"Jane","Martinez",1998,14600,2,2,2,2,0.999606254813491
6976,"Jane","Brown",1992,15466,2,2,0,2,0.953764941384782
6978,"Sarah","Garcia",1993,17843,2,2,2,2,0.999606254813491
6979,"James","Martinez",1989,11480,2,0,2,2,0.9851868388166
6980,"Sarah","Brown",1981,16253,2,2,2,2,0.999606254813491
6981,"Sarah","Davis",1982,15180,2,2,2,2,0.999606254813491
6982,"William","Williams",1989,11736,2,2,2,2,0.999606254813491
6983,"Jane","Smith",1986,17749,2,2,2,2,0.999606254813491
6985,"Sarah","Johnson",1990,16728,2,2,2,2,0.999606254813491
6986,"Jane","Johnson",1975,18699,2,2,2,2,0.999606254813491
6987,"William","Garcia",1977,11271,2,0,2,2,0.9851868388166
6988,"Michael","Miller",1984,14309,2,0,2,2,0.9851868388166
6989,"Olivia","Rodriguez",1994,14504,0,2,2,2,0.985296268614473
6992,"Jane","Johnson",1985,18597,2,2,0,2,0.953764941384782
6993,"James","Davis",1992,19329,2,2,2,2,0.999606254813491
6994,"William","Johnson",1972,10264,2,2,2,2,0.999606254813491
6998,"Michael","Martinez",1988,18593,2,2,2,2,0.999606254813491
6999,"Sarah","Johnson",1972,14543,0,2,2,2,0.985296268614473
7000,"Jane","Garcia",1970,19471,0,2,2,2,0.985296268614473
7001,"David","Garcia",1993,18256,2,2,2,2,0.999606254813491
7002,"William","Jones",1978,12909,2,2,2,2,0.999606254813491
7003,"Jane","Brown",1978,10483,2,2,0,2,0.953764941384782
7004,"Olivia","Smith",1971,12473,2,2,0,2,0.953764941384782
7005,"James","Jones",1995,11210,2,2,2,2,0.999606254813491
7006,"Emma","Martinez",2000,10076,2,2,0,2,0.953764941384782
7007,"William","Miller",1989,19762,2,2,2,2,0.999606254813491
7008,"David","Brown",1975,10777,2,2,2,2,0.999606254813491
7009,"Olivia","Williams",1974,13794,2,2,2,2,0.999606254813491
7010,"Emma","Martinez",1986,15927,2,2,0,2,0.953764941384782
7011,"John","Davis",1978,18328,2,2,0,2,0.953764941384782
7012,"Sarah","Davis",2000,17635,2,0,2,2,0.9851868388166
7013,"David","Miller",1975,19432,2,2,2,2,0.999606254813491
7014,"Olivia","Brown",1973,14456,2,2,2,2,0.999606254813491
7015,"David","Garcia",1982,18741,2,2,2,2,0.999606254813491
7016,"William","Garcia",1974,16863,2,2,2,2,0.999606254813491
7017,"Sarah","Garcia",1994,13605,2,2,0,2,0.953764941384782
7019,"Olivia","Rodriguez",1989,14606,2,2,2,2,0.999606254813491
7020,"John","Martinez",1984,19605,2,0,2,2,0.9851868388166
7021,"William","Smith",1995,19238,0,2,2,2,0.985296268614473
7023,"William","Jones",1986,11111,2,0,2,2,0.9851868388166
7024,"James","Brown",1989,10635,0,2,2,2,0.985296268614473
7025,"Emily","Rodriguez",1980,15323,2,2,2,2,0.999606254813491
7026,"John","Williams",1971,18496,2,2,0,2,0.953764941384782
7029,"Emily","Miller",1976,18587,2,2,2,2,0.999606254813491
7030,"David","Rodriguez",1980,18554,2,2,2,2,0.999606254813491
7031,"Emma","Rodriguez",1984,14255,2,0,2,2,0.9851868388166
7032,"Olivia","Jones",1993,15705,2,2,2,2,0.999606254813491
7034,"Michael","Garcia",1970,16351,2,2,2,2,0.999606254813491
7035,"Sarah","Smith",1975,16494,2,2,2,2,0.999606254813491
7036,"William","Brown",1989,11342,0,2,2,2,0.985296268614473
7037,"Jane","Smith",1984,10017,2,2,2,2,0.999606254813491
7038,"Michael","Rodriguez",1986,10515,2,2,2,2,0.999606254813491
7040,"John","Garcia",1985,10818,2,2,2,2,0.999606254813491
7043,"Emma","Garcia",1996,16172,2,2,0,2,0.953764941384782
7045,"Michael","Jones",2000,19517,0,2,2,2,0.985296268614473
7046,"Jane","Miller",1993,10661,2,2,2,2,0.999606254813491
7047,"John","Brown",1999,19948,0,2,2,2,0.985296268614473
7048,"James","Johnson",1970,15449,2,2,0,2,0.953764941384782
7049,"Emily","Johnson",1978,13197,2,2,2,2,0.999606254813491
7050,"Olivia","Brown",1975,12567,2,2,0,2,0.953764941384782
7051,"Olivia","Garcia",1983,16128,2,2,2,2,0.999606254813491
7052,"James","Jones",1971,15378,2,2,2,2,0.999606254813491
7053,"Emma","Johnson",1977,12173,2,0,2,2,0.9851868388166
7055,"Michael","Smith",1985,14041,2,2,2,2,0.999606254813491
7056,"Michael","Brown",1987,19178,2,2,2,2,0.999606254813491
7057,"Michael","Johnson",1976,13937,0,2,2,2,0.985296268614473
7059,"Olivia","Garcia",1981,16061,2,2,2,2,0.999606254813491
7061,"Jane","Davis",1982,16905,2,2,2,2,0.999606254813491
7062,"Emma","Garcia",1970,12425,0,2,2,2,0.985296268614473
7063,"David","Smith",1985,19499,2,2,2,2,0.999606254813491
7064,"John","Garcia",1994,13167,2,2,0,2,0.953764941384782
7066,"Emma","Brown",1979,11698,2,2,2,2,0.999606254813491
7067,"Emily","Martinez",1997,17564,2,0,2,2,0.9851868388166
7068,"David","Miller",1992,19523,2,2,0,2,0.953764941384782
7069,"David","Martinez",1985,10893,2,2,2,2,0.999606254813491
7070,"David","Rodriguez",1985,18218,2,2,0,2,0.953764941384782
7071,"Jane","Martinez",1974,10190,2,2,2,2,0.999606254813491
7072,"Michael","Miller",1978,17272,2,2,0,2,0.953764941384782
7073,"William","Jones",1979,16918,2,2,2,2,0.999606254813491
7075,"Michael","Johnson",1988,11745,2,2,2,2,0.999606254813491
7076,"Emma","Jones",1977,12163,0,2,2,2,0.985296268614473
7077,"James","Smith",1990,10891,2,2,0,2,0.953764941384782
7078,"Michael","Garcia",1971,16618,2,2,2,2,0.999606254813491
7080,"David","Miller",1982,16393,2,2,2,2,0.999606254813491
7081,"William","Jones",1997,13119,2,2,2,2,0.999606254813491
7082,"Olivia","Martinez",1999,12879,2,2,2,2,0.999606254813491
7084,"Olivia","Martinez",1974,18806,2,0,2,2,0.9851868388166
7085,"John","Rodriguez",1993,11810,2,2,0,2,0.953764941384782
7087,"Sarah","Davis",1990,11075,2,0,2,2,0.9851868388166
7088,"David","Martinez",1984,17185,2,2,2,2,0.999606254813491
7089,"Emma","Garcia",2000,19952,2,2,2,2,0.999606254813491
7090,"Sarah","Miller",2000,14142,2,2,2,2,0.999606254813491
7091,"Emma","Davis",1974,11195,2,2,2,2,0.999606254813491
7092,"Olivia","Jones",1983,15754,0,2,2,2,0.985296268614473
7093,"Olivia","Martinez",1999,17841,2,2,2,2,0.999606254813491
7094,"John","Martinez",1988,17270,2,2,2,2,0.999606254813491
7095,"Michael","Davis",1992,17055,2,0,2,2,0.9851868388166
7097,"Emma","Martinez",1977,15897,2,2,2,2,0.999606254813491
7098,"Olivia","Brown",1992,10459,2,2,2,2,0.999606254813491
7099,"Olivia","Johnson",1972,16647,2,2,2,2,0.999606254813491
7100,"Emma","Johnson",1978,11184,2,2,2,2,0.999606254813491
7101,"John","Garcia",2000,17861,2,2,2,2,0.999606254813491
7102,"John","Garcia",1998,19342,0,2,2,2,0.985296268614473
7103,"Sarah","Garcia",2000,19650,2,2,2,2,0.999606254813491
7105,"Emma","Rodriguez",1990,11761,2,2,2,2,0.999606254813491
7106,"John","Garcia",1974,16425,2,2,0,2,0.953764941384782
7107,"Sarah","Johnson",1998,16809,2,0,2,2,0.9851868388166
7109,"Jane","Martinez",1982,11169,0,2,2,2,0.985296268614473
7110,"James","Williams",1977,18126,2,2,2,2,0.999606254813491
7111,"Olivia","Garcia",1985,16997,2,2,2,2,0.999606254813491
7112,"Sarah","Brown",1972,12181,2,2,0,2,0.953764941384782
7115,"David","Davis",1980,17096,2,2,2,2,0.999606254813491
7116,"John","Rodriguez",1997,11605,2,2,2,2,0.999606254813491
7118,"Olivia","Williams",1975,13884,2,2,2,2,0.999606254813491
7120,"James","Garcia",1979,16117,2,2,2,2,0.999606254813491
7121,"Sarah","Martinez",1981,17418,2,2,2,2,0.999606254813491
7122,"Sarah","Johnson",1991,18567,2,0,2,2,0.9851868388166
7123,"David","Jones",1981,19230,2,2,2,2,0.999606254813491
7124,"Olivia","Johnson",1985,12197,2,2,2,2,0.999606254813491
7125,"Emily","Rodriguez",1999,17125,0,2,2,2,0.985296268614473
7126,"James","Williams",1999,11582,0,2,2,2,0.985296268614473
7127,"Olivia","Johnson",2000,16339,2,2,2,2,0.999606254813491
7128,"Olivia","Davis",1972,14587,2,2,2,2,0.999606254813491
7129,"John","Brown",1985,17773,0,2,2,2,0.985296268614473
7130,"Michael","Jones",1971,12708,0,2,2,2,0.985296268614473
7131,"Emma","Smith",1977,15006,2,0,2,2,0.9851868388166
7133,"Emma","Rodriguez",1976,16077,0,2,2,2,0.985296268614473
7134,"William","Williams",1984,13154,2,2,2,2,0.999606254813491
7135,"Michael","Smith",1975,12937,2,2,0,2,0.953764941384782
7136,"William","Rodriguez",1996,18862,2,2,2,2,0.999606254813491
7138,"Olivia","Smith",1970,18926,2,0,2,2,0.9851868388166
7139,"Sarah","Garcia",1979,16769,2,2,0,2,0.953764941384782
7140,"Emily","Martinez",1998,11476,2,2,0,2,0.953764941384782
7141,"David","Garcia",1983,19338,2,0,2,2,0.9851868388166
7142,"Michael","Martinez",1993,18137,2,2,0,2,0.953764941384782
7143,"John","Miller",1990,14613,2,2,2,2,0.999606254813491
7144,"Sarah","Garcia",1979,15029,2,2,2,2,0.999606254813491
7146,"Jane","Smith",2000,12241,2,2,2,2,0.999606254813491
7147,"Emma","Smith",1986,10759,2,2,2,2,0.999606254813491
7149,"Michael","Rodriguez",1971,14364,2,2,2,2,0.999606254813491
7150,"Sarah","Miller",1980,14213,2,2,0,2,0.953764941384782
7151,"Emma","Martinez",1990,15431,0,2,2,2,0.985296268614473
7152,"David","Davis",1991,18985,0,2,2,2,0.985296268614473
7153,"Michael","Smith",1977,13886,2,0,2,2,0.9851868388166
7154,"Jane","Rodriguez",1983,18725,0,2,2,2,0.985296268614473
7156,"Michael","Miller",1989,19771,2,2,0,2,0.953764941384782
7157,"Michael","Johnson",1981,10526,2,2,2,2,0.999606254813491
7158,"Jane","Brown",1977,14378,2,2,2,2,0.999606254813491
7159,"James","Brown",1998,17902,2,2,2,2,0.999606254813491
7160,"Olivia","Rodriguez",1986,15456,2,2,2,2,0.999606254813491
7161,"David","Davis",1973,15656,2,2,2,2,0.999606254813491
7162,"Olivia","Jones",1976,13193,0,2,2,2,0.985296268614473
7163,"Olivia","Smith",1992,19025,2,2,2,2,0.999606254813491
7164,"Sarah","Brown",1996,13338,0,2,2,2,0.985296268614473
7165,"John","Smith",1990,16613,2,2,2,2,0.999606254813491
7166,"John","Garcia",1992,14731,2,2,2,2,0.999606254813491
7167,"Emily","Miller",1983,19076,0,2,2,2,0.985296268614473
7168,"Olivia","Johnson",1990,16108,0,2,2,2,0.985296268614473
7169,"William","Johnson",2000,15853,2,2,0,2,0.953764941384782
7171,"David","Brown",1974,14017,2,2,2,2,0.999606254813491
7173,"James","Martinez",1973,15112,2,0,2,2,0.9851868388166
7174,"James","Smith",1999,10906,0,2,2,2,0.985296268614473
7176,"Emily","Martinez",1987,12906,2,2,2,2,0.999606254813491
7177,"Olivia","Williams",1977,18771,2,2,2,2,0.999606254813491
7178,"William","Miller",1988,10381,2,2,2,2,0.999606254813491
7179,"Emma","Jones",1994,12016,2,0,2,2,0.9851868388166
7180,"Emily","Martinez",1986,17936,2,2,2,2,0.999606254813491
7181,"John","Johnson",1981,13888,0,2,2,2,0.985296268614473
7182,"Michael","Smith",1971,14524,0,2,2,2,0.985296268614473
7183,"Olivia","Johnson",1998,17792,2,2,2,2,0.999606254813491
7184,"Emma","Johnson",1972,10587,2,2,0,2,0.953764941384782
7185,"William","Brown",1979,18778,2,2,2,2,0.999606254813491
7186,"Emma","Davis",1976,14401,2,2,2,2,0.999606254813491
7189,"William","Jones",1999,18700,2,2,2,2,0.999606254813491
7190,"James","Garcia",1990,19643,2,2,2,2,0.999606254813491
7191,"Jane","Martinez",1977,12667,2,2,2,2,0.999606254813491
7192,"Olivia","Miller",1995,11119,2,0,2,2,0.9851868388166
7193,"Michael","Jones",1983,16750,2,0,2,2,0.9851868388166
7194,"Emma","Garcia",1989,17912,0,2,2,2,0.985296268614473
7195,"Emily","Smith",1970,11473,2,2,2,2,0.999606254813491
7196,"David","Garcia",1981,12195,2,2,2,2,0.999606254813491
7197,"Emily","Miller",1984,14074,2,2,2,2,0.999606254813491
7198,"John","Williams",1995,11375,2,2,2,2,0.999606254813491
7199,"David","Johnson",1971,19552,2,2,2,2,0.999606254813491
7201,"Emma","Davis",1977,11135,0,2,2,2,0.985296268614473
7202,"John","Davis",1970,16425,2,0,2,2,0.9851868388166
7203,"David","Williams",2000,15611,2,2,0,2,0.953764941384782
7204,"John","Garcia",1979,12397,2,2,2,2,0.999606254813491
7205,"James","Davis",1985,16230,0,2,2,2,0.985296268614473
7207,"John","Brown",1990,13604,0,2,2,2,0.985296268614473
7209,"James","Davis",1996,16193,0,2,2,2,0.985296268614473
7210,"Michael","Brown",1975,17053,2,2,2,2,0.999606254813491
7211,"Emily","Johnson",1990,10789,0,2,2,2,0.985296268614473
7212,"Emily","Davis",1997,18997,2,2,2,2,0.999606254813491
7213,"Emily","Martinez",1988,14442,2,2,2,2,0.999606254813491
7215,"Michael","Johnson",1978,14287,2,0,2,2,0.9851868388166
7216,"Michael","Martinez",1981,14662,0,2,2,2,0.985296268614473
7217,"Olivia","Williams",1980,13085,2,2,2,2,0.999606254813491
7218,"James","Jones",1993,19541,2,0,2,2,0.9851868388166
7219,"Emily","Brown",1991,10994,2,2,2,2,0.999606254813491
7220,"Michael","Smith",1984,13205,2,0,2,2,0.9851868388166
7221,"Olivia","Johnson",1981,18875,2,2,2,2,0.999606254813491
7223,"Emily","Martinez",1998,15695,2,0,2,2,0.9851868388166
7224,"Jane","Martinez",1988,12917,2,0,2,2,0.9851868388166
7225,"John","Garcia",1984,19627,2,2,2,2,0.999606254813491
7226,"David","Williams",1988,12031,2,2,2,2,0.999606254813491
7228,"Sarah","Jones",1994,11075,2,0,2,2,0.9851868388166
7229,"Sarah","Rodriguez",1988,19347,2,2,2,2,0.999606254813491
7230,"David","Smith",1986,11180,2,2,2,2,0.999606254813491
7232,"Jane","Davis",1989,19705,0,2,2,2,0.985296268614473
7233,"Emma","Miller",1989,18012,0,2,2,2,0.985296268614473
7234,"James","Williams",1984,15539,2,2,2,2,0.999606254813491
7235,"James","Davis",1990,12208,2,2,2,2,0.999606254813491
7236,"William","Miller",1977,16036,2,0,2,2,0.9851868388166
7237,"Emma","Jones",1974,14603,2,2,2,2,0.999606254813491
7238,"Emily","Williams",1974,14259,2,2,0,2,0.953764941384782
7239,"Emily","Martinez",1976,15504,2,2,2,2,0.999606254813491
7242,"Olivia","Johnson",1975,10793,2,2,2,2,0.999606254813491
7243,"Michael","Rodriguez",1991,14479,2,2,2,2,0.999606254813491
7244,"Jane","Jones",1979,12315,2,2,2,2,0.999606254813491
7245,"James","Miller",1994,19953,2,2,2,2,0.999606254813491
7246,"David","Jones",1997,13001,0,2,2,2,0.985296268614473
7249,"Emma","Johnson",1972,11317,0,2,2,2,0.985296268614473
7250,"Michael","Rodriguez",1988,13445,0,2,2,2,0.985296268614473
7251,"Emily","Brown",1986,14555,0,2,2,2,0.985296268614473
7252,"Emma","Garcia",1998,14352,2,2,0,2,0.953764941384782
7253,"Jane","Brown",1993,14372,2,2,2,2,0.999606254813491
7254,"Michael","Miller",1994,16704,2,0,2,2,0.9851868388166
7255,"Sarah","Smith",1992,15228,2,2,2,2,0.999606254813491
7258,"Olivia","Johnson",2000,13482,0,2,2,2,0.985296268614473
7259,"Michael","Smith",1982,16034,0,2,2,2,0.985296268614473
7260,"Michael","Williams",1974,18968,0,2,2,2,0.985296268614473
7262,"Emma","Rodriguez",1991,19833,2,2,2,2,0.999606254813491
7263,"William","Garcia",1979,15394,2,2,0,2,0.953764941384782
7264,"Emma","Garcia",1995,19870,2,2,2,2,0.999606254813491
7266,"Michael","Brown",1995,18997,2,2,2,2,0.999606254813491
7268,"Olivia","Martinez",1989,19223,2,2,2,2,0.999606254813491
7269,"John","Brown",1973,17418,2,2,0,2,0.953764941384782
7270,"James","Williams",1998,18071,0,2,2,2,0.985296268614473
7271,"William","Miller",1979,13766,2,2,2,2,0.999606254813491
7272,"Emma","Rodriguez",1995,18384,2,2,2,2,0.999606254813491
7273,"Sarah","Garcia",1996,18380,2,2,2,2,0.999606254813491
7275,"William","Garcia",1995,15129,2,2,2,2,0.999606254813491
7276,"Sarah","Davis",1994,17254,2,2,2,2,0.999606254813491
7277,"Michael","Jones",1988,15549,2,2,2,2,0.999606254813491
7278,"William","Davis",1970,10393,2,2,2,2,0.999606254813491
7279,"Sarah","Garcia",1979,16315,2,0,2,2,0.9851868388166
7280,"John","Williams",1975,11256,2,0,2,2,0.9851868388166
7283,"Sarah","Rodriguez",1993,16940,2,0,2,2,0.9851868388166
7284,"Emma","Miller",1998,16329,0,2,2,2,0.985296268614473
7285,"Michael","Martinez",1981,15870,2,0,2,2,0.9851868388166
7286,"Sarah","Jones",1980,11283,2,0,2,2,0.9851868388166
7287,"Sarah","Jones",1998,11414,2,2,0,2,0.953764941384782
7288,"James","Johnson",1980,10222,2,2,2,2,0.999606254813491
7289,"Emma","Williams",1976,17585,2,2,2,2,0.999606254813491
7290,"Michael","Rodriguez",1981,13268,2,0,2,2,0.9851868388166
7291,"James","Rodriguez",1988,11727,0,2,2,2,0.985296268614473
7292,"Olivia","Smith",1974,17885,2,2,0,2,0.953764941384782
7293,"John","Smith",1973,12245,2,2,2,2,0.999606254813491
7294,"Sarah","Davis",1972,14582,0,2,2,2,0.985296268614473
7295,"Jane","Rodriguez",1979,18167,2,0,2,2,0.9851868388166
7296,"Michael","Davis",1974,15515,0,2,2,2,0.985296268614473
7297,"David","Jones",1983,12236,2,2,2,2,0.999606254813491
7299,"Emily","Davis",1982,13197,2,2,2,2,0.999606254813491
7300,"Michael","Garcia",1973,16468,2,2,2,2,0.999606254813491
7302,"James","Rodriguez",1994,11537,2,2,2,2,0.999606254813491
7303,"Jane","Johnson",1984,14503,2,2,2,2,0.999606254813491
7304,"Sarah","Miller",1985,15565,2,2,2,2,0.999606254813491
7305,"Emily","Williams",1990,10658,2,2,2,2,0.999606254813491
7307,"Jane","Brown",1985,17761,2,2,2,2,0.999606254813491
7308,"Emily","Martinez",1974,13277,0,2,2,2,0.985296268614473
7309,"Emma","Davis",1982,17625,2,2,2,2,0.999606254813491
7310,"John","Brown",1988,19355,2,2,0,2,0.953764941384782
7311,"Olivia","Williams",1982,14043,2,2,0,2,0.953764941384782
7312,"Michael","Williams",1978,15810,2,0,2,2,0.9851868388166
7313,"Emily","Davis",1975,16359,2,2,2,2,0.999606254813491
7314,"Olivia","Rodriguez",1972,15296,2,2,2,2,0.999606254813491
7315,"Michael","Williams",1996,16499,2,2,2,2,0.999606254813491
7316,"John","Jones",1971,16750,2,2,2,2,0.999606254813491
7317,"Michael","Williams",1981,15929,2,0,2,2,0.9851868388166
7318,"Sarah","Jones",1972,11406,2,0,2,2,0.9851868388166
7319,"Michael","Rodriguez",1997,14204,2,2,2,2,0.999606254813491
7320,"Emma","Martinez",1986,14271,0,2,2,2,0.985296268614473
7321,"Michael","Johnson",1989,16444,2,0,2,2,0.9851868388166
7322,"Emma","Jones",1998,17018,2,2,0,2,0.953764941384782
7324,"Emma","Rodriguez",1987,16450,2,2,2,2,0.999606254813491
7325,"John","Davis",1970,18963,2,2,2,2,0.999606254813491
7326,"James","Miller",1994,11311,2,2,2,2,0.999606254813491
7327,"Emma","Brown",1984,16134,2,2,2,2,0.999606254813491
7328,"Olivia","Smith",1998,10973,0,2,2,2,0.985296268614473
7329,"David","Martinez",1995,11811,2,2,2,2,0.999606254813491
7330,"Olivia","Williams",1993,17879,2,2,2,2,0.999606254813491
7332,"David","Jones",1978,16007,2,2,2,2,0.999606254813491
7333,"David","Garcia",1972,18855,2,2,2,2,0.999606254813491
7334,"William","Davis",1998,11436,2,2,0,2,0.953764941384782
7335,"Sarah","Brown",1976,19475,2,2,2,2,0.999606254813491
7337,"Michael","Williams",1975,11496,2,2,2,2,0.999606254813491
7339,"Emily","Johnson",1998,15119,2,0,2,2,0.9851868388166
7340,"Olivia","Rodriguez",1979,18684,2,2,2,2,0.999606254813491
7341,"Sarah","Smith",1980,11739,2,2,2,2,0.999606254813491
7342,"James","Smith",1979,11007,2,0,2,2,0.9851868388166
7343,"Sarah","Brown",1977,19792,2,0,2,2,0.9851868388166
7344,"William","Jones",1984,10724,0,2,2,2,0.985296268614473
7346,"Emma","Davis",1987,14437,2,2,2,2,0.999606254813491
7347,"William","Miller",1977,16056,2,2,2,2,0.999606254813491
7349,"Emma","Smith",1992,10567,2,2,2,2,0.999606254813491
7350,"John","Williams",1978,18037,2,0,2,2,0.9851868388166
7351,"Emma","Jones",1990,14013,0,2,2,2,0.985296268614473
7353,"John","Johnson",1977,10522,2,2,2,2,0.999606254813491
7354,"Sarah","Brown",1987,18085,2,2,2,2,0.999606254813491
7355,"James","Johnson",1979,10930,2,2,2,2,0.999606254813491
7356,"Emma","Martinez",1996,18629,2,2,2,2,0.999606254813491
7357,"David","Williams",1974,13933,2,2,2,2,0.999606254813491
7358,"David","Williams",1995,17604,0,2,2,2,0.985296268614473
7359,"Sarah","Miller",1997,12335,2,0,2,2,0.9851868388166
7361,"Jane","Jones",1971,13239,2,2,2,2,0.999606254813491
7362,"James","Martinez",1982,16044,2,2,2,2,0.999606254813491
7364,"James","Williams",1981,19843,0,2,2,2,0.985296268614473
7365,"Emma","Garcia",1976,12619,2,2,0,2,0.953764941384782
7366,"William","Davis",1991,10527,2,0,2,2,0.9851868388166
7367,"Sarah","Garcia",1988,16474,2,2,2,2,0.999606254813491
7368,"Jane","Davis",1988,18427,2,2,0,2,0.953764941384782
7369,"Emma","Johnson",1970,15977,2,2,2,2,0.999606254813491
7370,"William","Smith",1995,15336,2,0,2,2,0.9851868388166
7371,"James","Davis",1987,11173,2,2,2,2,0.999606254813491
7372,"James","Rodriguez",1970,17312,2,2,2,2,0.999606254813491
7373,"David","Johnson",1986,14245,2,2,2,2,0.999606254813491
7374,"David","Davis",1982,16529,2,2,2,2,0.999606254813491
7375,"David","Brown",1975,17157,0,2,2,2,0.985296268614473
7376,"John","Rodriguez",1996,13081,2,2,2,2,0.999606254813491
7377,"William","Miller",1991,19533,2,2,2,2,0.999606254813491
7378,"Emma","Miller",1994,18001,2,2,2,2,0.999606254813491
7379,"Olivia","Miller",1970,17630,2,2,2,2,0.999606254813491
7381,"David","Smith",1987,15497,2,2,0,2,0.953764941384782
7383,"Emily","Rodriguez",1993,16372,2,2,2,2,0.999606254813491
7384,"James","Johnson",1975,18058,2,2,0,2,0.953764941384782
7385,"James","Davis",1994,12365,0,2,2,2,0.985296268614473
7386,"James","Smith",1970,15841,2,2,2,2,0.999606254813491
7388,"Emily","Miller",1981,15656,2,2,2,2,0.999606254813491
7389,"Emma","Garcia",1985,13955,2,0,2,2,0.9851868388166
7390,"John","Jones",1973,17137,2,0,2,2,0.9851868388166
7391,"John","Rodriguez",1970,10656,2,2,2,2,0.999606254813491
7392,"Sarah","Martinez",2000,14914,2,2,2,2,0.999606254813491
7394,"James","Johnson",1995,11474,2,0,2,2,0.9851868388166
7395,"Emily","Smith",1970,13205,2,2,2,2,0.999606254813491
7396,"David","Johnson",1971,13080,2,2,2,2,0.999606254813491
7397,"John","Smith",1986,11140,0,2,2,2,0.985296268614473
7399,"Sarah","Davis",1979,16371,2,2,2,2,0.999606254813491
7400,"Sarah","Garcia",1977,13553,2,2,2,2,0.999606254813491
7401,"Michael","Garcia",1998,16249,0,2,2,2,0.985296268614473
7404,"William","Davis",1999,11615,2,2,0,2,0.953764941384782
7405,"Michael","Garcia",1988,18809,0,2,2,2,0.985296268614473
7406,"John","Rodriguez",1977,18932,2,0,2,2,0.9851868388166
7407,"Olivia","Martinez",1994,15673,2,2,2,2,0.999606254813491
7408,"Emma","Martinez",1989,14575,2,2,2,2,0.999606254813491
7409,"Jane","Miller",2000,14684,2,0,2,2,0.9851868388166
7410,"Emily","Martinez",1977,17287,2,2,2,2,0.999606254813491
7411,"Sarah","Miller",1982,19616,2,2,2,2,0.999606254813491
7412,"Sarah","Davis",1994,18672,2,0,2,2,0.9851868388166
7413,"David","Williams",1998,19455,2,2,0,2,0.953764941384782
7414,"Sarah","Smith",1974,13490,0,2,2,2,0.985296268614473
7415,"Sarah","Jones",1990,10829,2,2,2,2,0.999606254813491
7417,"David","Martinez",1979,19997,2,2,2,2,0.999606254813491
7418,"Jane","Johnson",1979,15673,2,2,2,2,0.999606254813491
7419,"John","Rodriguez",1993,12644,2,0,2,2,0.9851868388166
7420,"Emma","Garcia",1972,17524,2,0,2,2,0.9851868388166
7421,"John","Rodriguez",1996,14879,2,2,2,2,0.999606254813491
7422,"Olivia","Davis",1986,16262,2,2,2,2,0.999606254813491
7423,"Emma","Johnson",1980,11404,2,2,0,2,0.953764941384782
7424,"Sarah","Jones",1973,13910,2,2,2,2,0.999606254813491
7426,"Michael","Martinez",1971,14712,2,0,2,2,0.9851868388166
7427,"Olivia","Rodriguez",1992,19404,2,2,2,2,0.999606254813491
7428,"William","Johnson",1984,10272,0,2,2,2,0.985296268614473
7429,"Sarah","Johnson",1976,10134,0,2,2,2,0.985296268614473
7430,"David","Rodriguez",1974,13706,2,2,2,2,0.999606254813491
7431,"David","Martinez",1982,16086,2,2,0,2,0.953764941384782
7432,"William","Rodriguez",1983,14673,2,2,0,2,0.953764941384782
7433,"Jane","Johnson",1985,12252,2,2,2,2,0.999606254813491
7435,"John","Rodriguez",1991,12112,2,0,2,2,0.9851868388166
7436,"Emma","Miller",1980,15654,2,2,2,2,0.999606254813491
7437,"James","Smith",1975,17768,2,2,2,2,0.999606254813491
7438,"John","Rodriguez",2000,15716,2,2,2,2,0.999606254813491
7439,"James","Miller",1982,14416,2,2,2,2,0.999606254813491
7440,"David","Miller",1990,19414,2,2,0,2,0.953764941384782
7441,"James","Johnson",1983,15301,2,2,2,2,0.999606254813491
7442,"Emma","Davis",1984,13647,2,2,2,2,0.999606254813491
7443,"William","Jones",1981,12497,2,2,2,2,0.999606254813491
7444,"Sarah","Rodriguez",1972,11164,2,2,2,2,0.999606254813491
7445,"John","Davis",1998,19201,2,2,2,2,0.999606254813491
7446,"William","Jones",1981,14350,2,2,2,2,0.999606254813491
7447,"William","Rodriguez",1985,11628,2,0,2,2,0.9851868388166
7448,"Michael","Williams",1994,13401,2,2,2,2,0.999606254813491
7450,"Olivia","Williams",1982,18226,2,2,0,2,0.953764941384782
7451,"Sarah","Davis",1990,17457,2,2,2,2,0.999606254813491
7452,"Olivia","Garcia",1973,13657,0,2,2,2,0.985296268614473
7453,"Jane","Martinez",1995,12170,2,2,0,2,0.953764941384782
7454,"William","Davis",1986,14506,2,2,0,2,0.953764941384782
7455,"Michael","Garcia",1982,11384,2,2,2,2,0.999606254813491
7456,"William","Rodriguez",1997,17051,2,2,2,2,0.999606254813491
7457,"William","Jones",1985,19742,2,0,2,2,0.9851868388166
7458,"Sarah","Williams",1989,19055,2,0,2,2,0.9851868388166
7459,"David","Johnson",1992,19736,2,2,2,2,0.999606254813491
7460,"David","Jones",1975,14397,2,0,2,2,0.9851868388166
7461,"James","Miller",1976,17616,2,2,0,2,0.953764941384782
7462,"Olivia","Davis",1996,14618,2,2,2,2,0.999606254813491
7464,"Michael","Martinez",1974,18165,2,2,2,2,0.999606254813491
7465,"Sarah","Miller",1979,18214,2,2,0,2,0.953764941384782
7466,"David","Jones",1981,10493,0,2,2,2,0.985296268614473
7468,"Jane","Jones",1992,13106,2,2,0,2,0.953764941384782
7469,"John","Brown",1997,19978,2,2,2,2,0.999606254813491
7470,"Jane","Jones",1975,17052,2,2,2,2,0.999606254813491
7472,"John","Johnson",2000,18041,2,2,0,2,0.953764941384782
7473,"James","Garcia",1984,11622,2,2,2,2,0.999606254813491
7475,"David","Brown",1995,18785,2,2,2,2,0.999606254813491
7476,"James","Jones",1992,11221,2,0,2,2,0.9851868388166
7478,"James","Jones",1971,17341,2,2,0,2,0.953764941384782
7480,"James","Williams",1989,19408,2,2,2,2,0.999606254813491
7481,"John","Davis",1988,10343,0,2,2,2,0.985296268614473
7482,"James","Rodriguez",2000,14468,0,2,2,2,0.985296268614473
7483,"Olivia","Rodriguez",1986,15586,0,2,2,2,0.985296268614473
7485,"John","Williams",1989,11188,2,2,0,2,0.953764941384782
7486,"David","Garcia",1990,10210,2,2,0,2,0.953764941384782
7487,"Emma","Williams",1998,12801,2,2,2,2,0.999606254813491
7488,"William","Davis",1992,13287,2,2,2,2,0.999606254813491
7489,"David","Miller",1991,14890,2,0,2,2,0.9851868388166
7490,"John","Miller",1979,10648,0,2,2,2,0.985296268614473
7492,"James","Davis",1996,14687,0,2,2,2,0.985296268614473
7493,"Emily","Miller",1993,19831,2,2,2,2,0.999606254813491
7495,"Emily","Garcia",1980,16247,0,2,2,2,0.985296268614473
7496,"Olivia","Davis",1983,13214,2,2,2,2,0.999606254813491
7497,"Jane","Williams",1980,15548,2,2,2,2,0.999606254813491
7498,"Emma","Smith",1977,19795,0,2,2,2,0.985296268614473
7499,"David","Jones",1985,12580,2,2,2,2,0.999606254813491
7500,"William","Miller",1971,10045,2,2,2,2,0.999606254813491
7501,"David","Smith",1983,19970,2,2,2,2,0.999606254813491
7502,"Olivia","Jones",1988,11378,2,2,2,2,0.999606254813491
7503,"Michael","Johnson",1999,13973,2,2,2,2,0.999606254813491
7504,"James","Martinez",1980,15554,0,2,2,2,0.985296268614473
7505,"Sarah","Jones",1988,11086,2,2,2,2,0.999606254813491
7506,"Michael","Davis",1995,13437,2,2,2,2,0.999606254813491
7507,"Jane","Smith",1983,10956,2,2,2,2,0.999606254813491
7508,"Sarah","Davis",1986,10570,2,2,2,2,0.999606254813491
7509,"John","Williams",1989,11920,2,2,2,2,0.999606254813491
7510,"Michael","Miller",1983,12184,2,2,0,2,0.953764941384782
7511,"Jane","Jones",1996,11419,2,2,2,2,0.999606254813491
7512,"Emily","Johnson",1984,18563,2,2,2,2,0.999606254813491
7513,"Olivia","Brown",1975,15771,2,2,2,2,0.999606254813491
7514,"James","Smith",1994,15973,2,2,2,2,0.999606254813491
7517,"Olivia","Brown",1982,13796,2,2,2,2,0.999606254813491
7518,"William","Williams",1987,15509,2,0,2,2,0.9851868388166
7519,"David","Martinez",1970,12532,2,0,2,2,0.9851868388166
7520,"James","Martinez",1977,11781,2,2,0,2,0.953764941384782
7521,"Emma","Davis",1970,11641,2,2,2,2,0.999606254813491
7522,"Sarah","Davis",1991,18606,0,2,2,2,0.985296268614473
7523,"William","Williams",1975,15784,2,2,2,2,0.999606254813491
7524,"Olivia","Johnson",1982,19576,2,2,0,2,0.953764941384782
7525,"Michael","Miller",1982,18616,2,2,2,2,0.999606254813491
7526,"James","Williams",1981,18703,2,0,2,2,0.9851868388166
7527,"Jane","Williams",1974,10212,2,2,2,2,0.999606254813491
7528,"Emily","Rodriguez",1977,10137,2,0,2,2,0.9851868388166
7529,"Emma","Rodriguez",1992,19505,2,2,2,2,0.999606254813491
7530,"Emma","Williams",1986,19432,2,2,0,2,0.953764941384782
7531,"William","Williams",1976,14393,2,0,2,2,0.9851868388166
7532,"Jane","Garcia",1977,15355,2,2,2,2,0.999606254813491
7533,"Michael","Smith",1992,17028,2,0,2,2,0.9851868388166
7534,"Jane","Brown",1986,18989,2,2,2,2,0.999606254813491
7536,"John","Miller",1977,16032,2,2,2,2,0.999606254813491
7537,"Olivia","Martinez",1983,17830,2,2,2,2,0.999606254813491
7539,"John","Jones",1994,14881,2,2,2,2,0.999606254813491
7540,"Emma","Brown",1971,18031,2,0,2,2,0.9851868388166
7541,"Jane","Williams",1973,13738,2,2,2,2,0.999606254813491
7542,"William","Williams",1990,15480,2,2,2,2,0.999606254813491
7543,"David","Brown",1993,13526,2,2,2,2,0.999606254813491
7545,"David","Martinez",1988,15161,2,2,2,2,0.999606254813491
7546,"James","Williams",1983,12819,0,2,2,2,0.985296268614473
7547,"Olivia","Williams",1986,12535,2,2,0,2,0.953764941384782
7548,"James","Garcia",1999,18724,2,2,2,2,0.999606254813491
7549,"Michael","Martinez",1982,10319,0,2,2,2,0.985296268614473
7550,"Jane","Davis",1988,18893,2,2,2,2,0.999606254813491
7551,"Michael","Jones",1986,12656,2,2,2,2,0.999606254813491
7552,"John","Martinez",1992,13093,2,2,0,2,0.953764941384782
7553,"Sarah","Jones",1992,19246,2,2,2,2,0.999606254813491
7554,"William","Williams",1992,11776,0,2,2,2,0.985296268614473
7555,"Emily","Jones",1975,19640,2,0,2,2,0.9851868388166
7556,"John","Johnson",1992,13534,2,2,2,2,0.999606254813491
7557,"James","Brown",1975,11815,2,2,2,2,0.999606254813491
7558,"James","Garcia",1988,12679,2,2,2,2,0.999606254813491
7559,"William","Williams",1972,19970,2,2,0,2,0.953764941384782
7561,"Emma","Miller",1998,11591,2,0,2,2,0.9851868388166
7562,"William","Miller",1984,10488,2,2,0,2,0.953764941384782
7563,"Sarah","Martinez",1978,19556,2,2,2,2,0.999606254813491
7564,"James","Rodriguez",1987,12892,2,2,2,2,0.999606254813491
7565,"Olivia","Miller",1978,19521,2,2,2,2,0.999606254813491
7566,"Sarah","Williams",1977,11051,2,2,2,2,0.999606254813491
7567,"Michael","Garcia",1986,10848,2,2,2,2,0.999606254813491
7568,"Emily","Williams",1973,17181,2,2,2,2,0.999606254813491
7569,"John","Williams",1991,10977,2,2,2,2,0.999606254813491
7570,"Emily","Johnson",1987,10041,2,2,2,2,0.999606254813491
7571,"James","Brown",1988,11690,2,0,2,2,0.9851868388166
7572,"Michael","Martinez",1979,15876,2,0,2,2,0.9851868388166
7573,"David","Jones",2000,18095,2,2,2,2,0.999606254813491
7574,"Sarah","Williams",1987,16450,0,2,2,2,0.985296268614473
7576,"Emily","Garcia",1997,14360,2,2,2,2,0.999606254813491
7577,"Olivia","Brown",1988,16351,2,2,0,2,0.953764941384782
7579,"Emily","Martinez",1971,16611,0,2,2,2,0.985296268614473
7580,"Olivia","Brown",1988,16456,2,2,2,2,0.999606254813491
7581,"David","Davis",1972,19876,2,2,2,2,0.999606254813491
7582,"Olivia","Rodriguez",1976,19323,2,2,2,2,0.999606254813491
7583,"James","Jones",1980,12600,2,2,2,2,0.999606254813491
7584,"Olivia","Williams",1981,17051,2,2,2,2,0.999606254813491
7585,"James","Williams",1981,15281,2,0,2,2,0.9851868388166
7586,"Emma","Jones",1986,14032,2,2,0,2,0.953764941384782
7587,"Emma","Martinez",1981,12706,2,2,0,2,0.953764941384782
7588,"William","Jones",1981,17093,2,2,2,2,0.999606254813491
7590,"Sarah","Miller",1990,10042,2,2,2,2,0.999606254813491
7591,"Jane","Jones",1987,19777,2,2,2,2,0.999606254813491
7592,"Jane","Brown",1979,11339,2,2,2,2,0.999606254813491
7593,"Emily","Smith",1984,15615,2,2,2,2,0.999606254813491
7594,"Sarah","Brown",1986,10658,2,2,2,2,0.999606254813491
7595,"William","Martinez",1988,16289,2,2,2,2,0.999606254813491
7596,"Olivia","Rodriguez",1989,13167,2,2,2,2,0.999606254813491
7597,"David","Williams",1990,17535,0,2,2,2,0.985296268614473
7598,"John","Rodriguez",1979,12645,2,2,2,2,0.999606254813491
7599,"Michael","Martinez",1990,19242,2,2,0,2,0.953764941384782
7600,"Michael","Smith",1989,13858,2,2,2,2,0.999606254813491
7601,"David","Jones",1992,12913,2,2,2,2,0.999606254813491
7603,"David","Rodriguez",1987,11266,2,2,2,2,0.999606254813491
7604,"Emma","Miller",2000,10705,2,2,2,2,0.999606254813491
7605,"Michael","Garcia",1993,18882,2,2,2,2,0.999606254813491
7606,"Emma","Williams",1982,11716,2,0,2,2,0.9851868388166
7607,"Olivia","Rodriguez",1989,19652,2,2,2,2,0.999606254813491
7608,"Emily","Garcia",1975,17101,2,0,2,2,0.9851868388166
7609,"Michael","Rodriguez",1984,11263,0,2,2,2,0.985296268614473
7610,"David","Williams",1975,12530,2,2,2,2,0.999606254813491
7611,"Emma","Martinez",1999,10789,2,2,2,2,0.999606254813491
7612,"John","Smith",1996,11945,2,0,2,2,0.9851868388166
7613,"Olivia","Brown",1975,19129,2,2,2,2,0.999606254813491
7614,"William","Garcia",1986,18443,0,2,2,2,0.985296268614473
7615,"David","Garcia",1992,14893,2,2,2,2,0.999606254813491
7616,"James","Williams",1975,12127,2,2,0,2,0.953764941384782
7617,"James","Rodriguez",1970,15926,0,2,2,2,0.985296268614473
7618,"James","Smith",1992,10262,2,2,2,2,0.999606254813491
7619,"Michael","Davis",1995,17680,2,2,2,2,0.999606254813491
7620,"Jane","Williams",1998,15517,0,2,2,2,0.985296268614473
7621,"John","Davis",1995,10871,2,2,2,2,0.999606254813491
7622,"James","Davis",1984,15834,2,0,2,2,0.9851868388166
7623,"David","Rodriguez",2000,18204,2,0,2,2,0.9851868388166
7624,"Emily","Jones",1987,14895,0,2,2,2,0.985296268614473
7625,"Jane","Williams",1993,13123,2,2,2,2,0.999606254813491
7626,"John","Williams",1980,15922,0,2,2,2,0.985296268614473
7627,"James","Garcia",1980,12215,2,2,0,2,0.953764941384782
7629,"John","Rodriguez",2000,13050,2,2,2,2,0.999606254813491
7630,"William","Williams",1996,19464,0,2,2,2,0.985296268614473
7631,"David","Davis",1997,12162,2,2,0,2,0.953764941384782
7632,"Olivia","Williams",1983,12603,2,0,2,2,0.9851868388166
7633,"James","Williams",1993,15526,2,2,2,2,0.999606254813491
7634,"David","Jones",1994,12721,2,2,2,2,0.999606254813491
7636,"David","Garcia",1981,13044,2,0,2,2,0.9851868388166
7637,"David","Garcia",1971,17604,2,2,2,2,0.999606254813491
7639,"William","Williams",1991,12783,2,2,2,2,0.999606254813491
7640,"Emily","Williams",1991,18048,2,2,2,2,0.999606254813491
7641,"William","Williams",1998,11204,2,2,2,2,0.999606254813491
7642,"Sarah","Martinez",1982,12575,2,2,2,2,0.999606254813491
7643,"Jane","Williams",1973,14711,2,0,2,2,0.9851868388166
7644,"David","Johnson",1996,18340,2,2,2,2,0.999606254813491
7645,"Michael","Garcia",1970,19351,2,2,2,2,0.999606254813491
7646,"James","Johnson",1982,16099,2,2,2,2,0.999606254813491
7647,"Sarah","Jones",1989,16276,2,2,0,2,0.953764941384782
7648,"William","Johnson",1970,19498,2,2,0,2,0.953764941384782
7649,"Jane","Rodriguez",1984,11233,0,2,2,2,0.985296268614473
7650,"Olivia","Martinez",2000,18893,2,2,2,2,0.999606254813491
7651,"Emma","Brown",1997,12147,0,2,2,2,0.985296268614473
7652,"Olivia","Williams",1973,12344,2,2,2,2,0.999606254813491
7653,"Jane","Johnson",1999,14347,2,2,0,2,0.953764941384782
7654,"James","Johnson",1988,14266,2,2,2,2,0.999606254813491
7655,"Olivia","Williams",1982,11315,2,2,2,2,0.999606254813491
7656,"Jane","Miller",1986,12564,2,2,2,2,0.999606254813491
7657,"Sarah","Smith",1994,10704,2,2,2,2,0.999606254813491
7658,"Jane","Brown",2000,16490,2,2,2,2,0.999606254813491
7659,"Emma","Brown",1971,16947,2,2,0,2,0.953764941384782
7660,"Michael","Smith",1998,12658,2,2,2,2,0.999606254813491
7661,"Michael","Miller",1974,19929,0,2,2,2,0.985296268614473
7662,"Jane","Johnson",1988,19808,2,0,2,2,0.9851868388166
7663,"James","Rodriguez",1996,14676,2,0,2,2,0.9851868388166
7664,"Olivia","Miller",1998,18112,2,2,2,2,0.999606254813491
7665,"John","Garcia",1971,18454,2,2,2,2,0.999606254813491
7666,"James","Johnson",1984,15726,0,2,2,2,0.985296268614473
7667,"Michael","Johnson",1977,11699,2,2,2,2,0.999606254813491
7668,"Emma","Williams",1994,12159,2,2,2,2,0.999606254813491
7669,"Emma","Garcia",2000,14806,2,0,2,2,0.9851868388166
7670,"Emma","Martinez",1988,10289,2,0,2,2,0.9851868388166
7671,"Emily","Brown",1973,16609,2,2,2,2,0.999606254813491
7672,"Jane","Rodriguez",1974,19331,0,2,2,2,0.985296268614473
7673,"Jane","Johnson",1977,10109,0,2,2,2,0.985296268614473
7674,"James","Davis",1999,12378,0,2,2,2,0.985296268614473
7675,"Emma","Smith",1983,11587,2,2,2,2,0.999606254813491
7676,"Olivia","Smith",1996,14481,2,2,2,2,0.999606254813491
7677,"John","Garcia",1975,18292,0,2,2,2,0.985296268614473
7678,"William","Miller",1978,16050,2,2,2,2,0.999606254813491
7679,"Michael","Jones",1973,12346,2,2,2,2,0.999606254813491
7680,"John","Johnson",1996,15021,2,2,2,2,0.999606254813491
7681,"Olivia","Martinez",1994,10195,2,2,2,2,0.999606254813491
7682,"James","Johnson",1989,14028,2,2,2,2,0.999606254813491
7683,"Emma","Rodriguez",1989,18449,2,0,2,2,0.9851868388166
7684,"John","Davis",1975,12892,2,2,2,2,0.999606254813491
7686,"Jane","Williams",1980,11283,2,2,0,2,0.953764941384782
7687,"William","Jones",1992,12231,2,2,2,2,0.999606254813491
7688,"Michael","Brown",1971,18826,0,2,2,2,0.985296268614473
7690,"William","Davis",1986,18649,2,2,0,2,0.953764941384782
7691,"Emma","Brown",1997,18061,2,0,2,2,0.9851868388166
7692,"Emily","Rodriguez",1997,14661,2,2,2,2,0.999606254813491
7693,"Michael","Miller",1990,16128,0,2,2,2,0.985296268614473
7694,"David","Miller",1991,19707,2,2,2,2,0.999606254813491
7695,"William","Miller",1991,10456,0,2,2,2,0.985296268614473
7696,"Michael","Garcia",1972,16280,2,2,2,2,0.999606254813491
7697,"James","Smith",1972,14609,2,0,2,2,0.9851868388166
7698,"Jane","Rodriguez",1983,17420,2,2,0,2,0.953764941384782
7699,"James","Smith",1987,16497,2,2,2,2,0.999606254813491
7700,"David","Martinez",1981,16885,2,2,0,2,0.953764941384782
7702,"Jane","Garcia",1972,14501,2,0,2,2,0.9851868388166
7703,"Sarah","Smith",1976,18687,2,2,2,2,0.999606254813491
7704,"Emily","Williams",1998,12396,2,2,2,2,0.999606254813491
7706,"James","Brown",1975,17763,2,2,0,2,0.953764941384782
7707,"William","Smith",1978,16687,0,2,2,2,0.985296268614473
7708,"Sarah","Williams",1991,12538,2,2,2,2,0.999606254813491
7709,"William","Davis",1973,17968,2,2,2,2,0.999606254813491
7710,"Emma","Rodriguez",1985,14547,2,0,2,2,0.9851868388166
7711,"Sarah","Jones",1985,14344,2,0,2,2,0.9851868388166
7713,"Sarah","Brown",1993,16116,0,2,2,2,0.985296268614473
7715,"Emma","Williams",1982,11966,2,2,2,2,0.999606254813491
7716,"Emily","Miller",1975,10198,0,2,2,2,0.985296268614473
7718,"Michael","Garcia",1990,16861,2,2,0,2,0.953764941384782
7719,"James","Johnson",1972,11531,2,2,2,2,0.999606254813491
7720,"William","Jones",1998,19073,2,2,2,2,0.999606254813491
7721,"Sarah","Garcia",1990,17410,2,2,2,2,0.999606254813491
7723,"Emma","Brown",1982,17690,0,2,2,2,0.985296268614473
7724,"Emma","Jones",1981,11485,2,2,2,2,0.999606254813491
7725,"Sarah","Miller",1992,13306,2,2,2,2,0.999606254813491
7726,"John","Brown",1994,10595,2,2,2,2,0.999606254813491
7727,"Emily","Jones",1975,19538,0,2,2,2,0.985296268614473
7728,"John","Brown",1987,12727,2,2,0,2,0.953764941384782
7729,"David","Garcia",1988,12900,2,2,2,2,0.999606254813491
7730,"Olivia","Jones",1983,11309,2,2,0,2,0.953764941384782
7731,"Olivia","Smith",1986,14648,2,2,2,2,0.999606254813491
7732,"Olivia","Miller",1992,18754,2,2,2,2,0.999606254813491
7733,"William","Jones",1973,10160,0,2,2,2,0.985296268614473
7734,"Emily","Davis",1993,17813,2,2,2,2,0.999606254813491
7735,"William","Jones",1985,14666,0,2,2,2,0.985296268614473
7736,"David","Davis",1975,12608,2,0,2,2,0.9851868388166
7737,"James","Garcia",1997,13954,2,2,2,2,0.999606254813491
7738,"James","Johnson",1983,14150,2,2,2,2,0.999606254813491
7739,"Emma","Rodriguez",1985,12257,2,2,0,2,0.953764941384782
7740,"Olivia","Rodriguez",1984,19612,0,2,2,2,0.985296268614473
7742,"David","Smith",1974,10160,2,2,2,2,0.999606254813491
7743,"Sarah","Johnson",1996,19970,0,2,2,2,0.985296268614473
7744,"Michael","Rodriguez",1975,18621,2,2,0,2,0.953764941384782
7745,"John","Martinez",1985,17458,2,2,2,2,0.999606254813491
7746,"Sarah","Miller",1986,12708,2,0,2,2,0.9851868388166
7748,"Olivia","Jones",1992,19998,0,2,2,2,0.985296268614473
7749,"John","Rodriguez",1982,10955,2,2,0,2,0.953764941384782
7750,"David","Davis",1979,14501,2,2,2,2,0.999606254813491
7751,"Olivia","Martinez",1982,12071,0,2,2,2,0.985296268614473
7753,"Sarah","Smith",1996,11062,2,0,2,2,0.9851868388166
7754,"Jane","Martinez",1972,18763,2,2,2,2,0.999606254813491
7755,"Michael","Davis",1972,18940,2,2,2,2,0.999606254813491
7756,"William","Jones",1993,12866,2,2,0,2,0.953764941384782
7757,"David","Garcia",1993,15324,2,2,2,2,0.999606254813491
7758,"Olivia","Brown",1989,14823,0,2,2,2,0.985296268614473
7759,"William","Jones",1998,12170,2,2,2,2,0.999606254813491
7760,"Michael","Jones",1977,13996,2,2,2,2,0.999606254813491
7761,"Olivia","Davis",1972,17193,2,2,2,2,0.999606254813491
7762,"William","Martinez",1995,18550,2,2,2,2,0.999606254813491
7763,"Michael","Rodriguez",1982,12365,2,2,2,2,0.999606254813491
7765,"William","Williams",1978,19708,2,2,2,2,0.999606254813491
7766,"Jane","Rodriguez",1977,17074,2,2,2,2,0.999606254813491
7767,"Jane","Smith",1989,13278,0,2,2,2,0.985296268614473
7768,"John","Garcia",1974,11983,2,0,2,2,0.9851868388166
7769,"John","Johnson",1999,15111,2,0,2,2,0.9851868388166
7771,"Olivia","Jones",1985,13834,2,2,2,2,0.999606254813491
7773,"Emily","Smith",1987,12814,2,2,2,2,0.999606254813491
7774,"William","Martinez",1978,12757,2,0,2,2,0.9851868388166
7775,"Jane","Miller",1984,12000,2,2,2,2,0.999606254813491
7776,"Michael","Williams",1979,16652,2,2,2,2,0.999606254813491
7777,"John","Rodriguez",1999,15406,2,2,2,2,0.999606254813491
7778,"Olivia","Johnson",1983,10302,2,0,2,2,0.9851868388166
7780,"William","Smith",1977,18422,2,2,2,2,0.999606254813491
7781,"Michael","Jones",1992,15487,2,2,2,2,0.999606254813491
7782,"James","Rodriguez",1980,13260,2,2,2,2,0.999606254813491
7783,"Emma","Johnson",2000,14798,0,2,2,2,0.985296268614473
7784,"John","Jones",1991,18838,0,2,2,2,0.985296268614473
7786,"Emma","Martinez",1991,10051,2,2,0,2,0.953764941384782
7788,"William","Garcia",1988,16447,2,2,2,2,0.999606254813491
7789,"Michael","Rodriguez",1981,12894,2,2,2,2,0.999606254813491
7791,"Emily","Davis",1978,17401,0,2,2,2,0.985296268614473
7792,"Michael","Brown",1991,18883,2,0,2,2,0.9851868388166
7793,"William","Davis",1989,19142,2,0,2,2,0.9851868388166
7794,"Emily","Jones",1982,14989,2,2,2,2,0.999606254813491
7795,"James","Miller",1987,18995,2,2,2,2,0.999606254813491
7796,"William","Garcia",1980,18929,0,2,2,2,0.985296268614473
7797,"David","Johnson",1979,18394,0,2,2,2,0.985296268614473
7798,"Olivia","Davis",1998,16493,2,2,2,2,0.999606254813491
7800,"Michael","Williams",1971,11599,2,0,2,2,0.9851868388166
7801,"John","Jones",2000,13897,2,0,2,2,0.9851868388166
7802,"Olivia","Williams",1998,18651,2,0,2,2,0.9851868388166
7803,"John","Smith",1995,18207,2,2,2,2,0.999606254813491
7804,"Emma","Garcia",1991,16900,2,2,2,2,0.999606254813491
7805,"David","Jones",1997,14824,2,2,2,2,0.999606254813491
7806,"William","Williams",1978,11309,2,2,2,2,0.999606254813491
7807,"John","Martinez",1973,16579,0,2,2,2,0.985296268614473
7808,"James","Jones",1997,18304,0,2,2,2,0.985296268614473
7809,"James","Smith",1971,11921,2,2,2,2,0.999606254813491
7811,"Emily","Johnson",1970,17996,2,0,2,2,0.9851868388166
7812,"William","Brown",1979,19009,2,2,2,2,0.999606254813491
7813,"John","Rodriguez",1975,11470,2,2,2,2,0.999606254813491
7814,"Jane","Davis",1976,16545,2,0,2,2,0.9851868388166
7815,"David","Williams",1971,16225,2,2,2,2,0.999606254813491
7816,"Sarah","Johnson",1997,13804,2,2,2,2,0.999606254813491
7817,"Olivia","Johnson",1974,13492,2,2,2,2,0.999606254813491
7818,"Jane","Rodriguez",1972,12618,2,0,2,2,0.9851868388166
7819,"David","Brown",2000,14053,2,2,2,2,0.999606254813491
7821,"John","Johnson",1977,19195,2,2,2,2,0.999606254813491
7822,"Sarah","Martinez",1994,17153,2,2,2,2,0.999606254813491
7823,"Jane","Miller",1986,16463,2,2,0,2,0.953764941384782
7824,"William","Williams",1980,13270,2,2,2,2,0.999606254813491
7825,"John","Rodriguez",1996,10916,2,0,2,2,0.9851868388166
7826,"Emma","Miller",1989,17928,2,2,2,2,0.999606254813491
7827,"John","Williams",1981,12431,2,2,0,2,0.953764941384782
7828,"David","Garcia",1997,10682,2,2,2,2,0.999606254813491
7829,"James","Rodriguez",1985,10793,0,2,2,2,0.985296268614473
7830,"William","Johnson",1990,15697,2,0,2,2,0.9851868388166
7831,"William","Smith",1999,15914,2,2,2,2,0.999606254813491
7832,"David","Davis",1970,15377,0,2,2,2,0.985296268614473
7833,"Jane","Johnson",1980,13316,2,2,2,2,0.999606254813491
7834,"Jane","Johnson",1977,17783,2,2,2,2,0.999606254813491
7835,"Michael","Martinez",1972,15772,2,2,0,2,0.953764941384782
7836,"John","Garcia",1970,17230,2,2,2,2,0.999606254813491
7837,"Olivia","Davis",1987,15997,2,2,2,2,0.999606254813491
7838,"Emma","Johnson",1982,11017,2,2,2,2,0.999606254813491
7839,"David","Miller",1972,13649,2,2,2,2,0.999606254813491
7840,"Jane","Garcia",1983,10959,2,0,2,2,0.9851868388166
7841,"Emma","Martinez",1977,12258,0,2,2,2,0.985296268614473
7842,"David","Brown",1999,13996,2,2,2,2,0.999606254813491
7843,"William","Smith",1986,13390,2,2,2,2,0.999606254813491
7844,"James","Garcia",1978,11742,2,0,2,2,0.9851868388166
7845,"William","Garcia",1999,13039,0,2,2,2,0.985296268614473
7846,"Olivia","Smith",1984,12933,2,0,2,2,0.9851868388166
7847,"John","Davis",1970,16472,2,0,2,2,0.9851868388166
7848,"Sarah","Williams",1983,15357,2,2,2,2,0.999606254813491
7849,"David","Jones",1996,18112,2,2,2,2,0.999606254813491
7850,"James","Johnson",1993,15438,2,0,2,2,0.9851868388166
7852,"William","Smith",1981,17235,2,2,0,2,0.953764941384782
7853,"Emma","Jones",1993,11036,2,2,2,2,0.999606254813491
7855,"Sarah","Brown",1995,16037,2,2,0,2,0.953764941384782
7856,"John","Martinez",1979,14366,2,2,0,2,0.953764941384782
7858,"James","Johnson",1991,11263,2,2,2,2,0.999606254813491
7861,"Emma","Brown",1991,12275,0,2,2,2,0.985296268614473
7862,"Emma","Miller",1980,13683,0,2,2,2,0.985296268614473
7863,"Michael","Martinez",1977,10839,2,2,2,2,0.999606254813491
7864,"Emma","Rodriguez",1984,17189,2,2,2,2,0.999606254813491
7866,"James","Garcia",1996,12499,2,2,0,2,0.953764941384782
7867,"Emily","Williams",1990,10261,2,2,2,2,0.999606254813491
7868,"Olivia","Davis",1992,13546,2,0,2,2,0.9851868388166
7869,"David","Rodriguez",1994,12495,2,2,2,2,0.999606254813491
7870,"Olivia","Martinez",1976,14514,2,2,2,2,0.999606254813491
7871,"Emma","Smith",1972,18367,2,2,2,2,0.999606254813491
7872,"William","Johnson",1999,13410,2,2,2,2,0.999606254813491
7873,"Olivia","Brown",1988,13767,2,2,2,2,0.999606254813491
7874,"James","Jones",1987,19707,2,2,2,2,0.999606254813491
7875,"William","Smith",1977,13821,0,2,2,2,0.985296268614473
7876,"James","Davis",1984,10873,0,2,2,2,0.985296268614473
7878,"Michael","Rodriguez",1985,14262,2,2,2,2,0.999606254813491
7879,"Emma","Jones",1995,12262,2,2,2,2,0.999606254813491
7880,"James","Rodriguez",1982,16311,2,2,2,2,0.999606254813491
7882,"Jane","Martinez",1970,19897,2,2,0,2,0.953764941384782
7883,"William","Smith",1973,14113,2,0,2,2,0.9851868388166
7884,"Olivia","Garcia",1982,11620,2,2,2,2,0.999606254813491
7885,"Michael","Rodriguez",1972,19202,2,2,2,2,0.999606254813491
7886,"William","Garcia",1996,16832,2,2,2,2,0.999606254813491
7887,"William","Williams",1987,15071,2,2,2,2,0.999606254813491
7888,"Sarah","Davis",1980,16525,2,2,2,2,0.999606254813491
7889,"David","Garcia",1987,16138,2,2,2,2,0.999606254813491
7890,"Emily","Smith",2000,10947,2,0,2,2,0.9851868388166
7891,"James","Rodriguez",1986,11184,2,2,2,2,0.999606254813491
7892,"James","Johnson",1987,18083,2,2,2,2,0.999606254813491
7893,"Michael","Rodriguez",1999,14829,2,0,2,2,0.9851868388166
7894,"David","Smith",1980,17874,0,2,2,2,0.985296268614473
7896,"Emily","Williams",1998,13906,2,2,2,2,0.999606254813491
7897,"Emma","Smith",1972,19836,2,0,2,2,0.9851868388166
7899,"William","Davis",1972,16430,2,0,2,2,0.9851868388166
7900,"Michael","Miller",1994,12930,2,0,2,2,0.9851868388166
7901,"Olivia","Williams",1980,18436,2,2,2,2,0.999606254813491
7902,"John","Martinez",1997,10363,2,0,2,2,0.9851868388166
7903,"Jane","Miller",1997,11087,2,2,2,2,0.999606254813491
7904,"James","Smith",1979,16312,0,2,2,2,0.985296268614473
7905,"James","Jones",1980,13256,2,2,2,2,0.999606254813491
7906,"David","Johnson",1977,14006,2,2,2,2,0.999606254813491
7907,"Michael","Jones",1995,15770,0,2,2,2,0.985296268614473
7908,"David","Johnson",1998,14207,2,2,2,2,0.999606254813491
7909,"John","Williams",1979,10649,2,2,0,2,0.953764941384782
7910,"Olivia","Brown",1978,12633,0,2,2,2,0.985296268614473
7911,"Sarah","Jones",1991,15304,2,2,2,2,0.999606254813491
7912,"Michael","Garcia",1979,18273,2,2,2,2,0.999606254813491
7913,"David","Miller",1988,17350,0,2,2,2,0.985296268614473
7914,"John","Davis",1970,12871,2,0,2,2,0.9851868388166
7915,"John","Garcia",1985,17609,2,0,2,2,0.9851868388166
7916,"John","Williams",1981,19378,2,2,2,2,0.999606254813491
7917,"James","Miller",1971,17657,2,2,2,2,0.999606254813491
7918,"Olivia","Jones",1995,17896,2,2,2,2,0.999606254813491
7919,"Jane","Williams",1986,11859,2,2,2,2,0.999606254813491
7920,"Jane","Garcia",1985,16688,2,2,0,2,0.953764941384782
7921,"Emma","Garcia",1990,17765,2,2,2,2,0.999606254813491
7922,"John","Jones",1974,13949,2,2,2,2,0.999606254813491
7923,"Emily","Garcia",1992,14877,0,2,2,2,0.985296268614473
7924,"Emma","Martinez",1988,13289,2,2,2,2,0.999606254813491
7925,"Michael","Garcia",1990,17408,2,2,0,2,0.953764941384782
7926,"Michael","Garcia",1975,15616,2,2,2,2,0.999606254813491
7928,"Jane","Davis",1997,14513,2,2,2,2,0.999606254813491
7931,"Jane","Rodriguez",1977,14331,2,2,0,2,0.953764941384782
7932,"David","Davis",1977,19434,2,2,2,2,0.999606254813491
7933,"John","Smith",1986,14564,0,2,2,2,0.985296268614473
7934,"David","Miller",1989,11340,0,2,2,2,0.985296268614473
7935,"Emily","Smith",1993,15275,2,0,2,2,0.9851868388166
7936,"Sarah","Rodriguez",1994,14748,2,2,2,2,0.999606254813491
7937,"Sarah","Jones",1981,17366,2,2,0,2,0.953764941384782
7938,"Michael","Smith",1997,16761,2,0,2,2,0.9851868388166
7939,"Michael","Brown",1995,17554,2,2,0,2,0.953764941384782
7940,"David","Davis",1980,19488,2,2,0,2,0.953764941384782
7942,"Michael","Martinez",1986,11441,2,2,2,2,0.999606254813491
7943,"Emily","Miller",1991,11103,2,2,2,2,0.999606254813491
7944,"Jane","Smith",1990,13825,2,0,2,2,0.9851868388166
7945,"Sarah","Johnson",1989,11307,2,0,2,2,0.9851868388166
7947,"John","Davis",1992,12339,2,0,2,2,0.9851868388166
7948,"William","Smith",1973,13438,2,0,2,2,0.9851868388166
7949,"Sarah","Johnson",1970,19119,0,2,2,2,0.985296268614473
7950,"Emma","Garcia",1988,11207,2,0,2,2,0.9851868388166
7951,"John","Davis",1977,13178,2,2,2,2,0.999606254813491
7953,"Olivia","Williams",1983,15955,0,2,2,2,0.985296268614473
7954,"Emma","Jones",1982,10015,2,2,2,2,0.999606254813491
7955,"Jane","Brown",1970,13892,2,2,0,2,0.953764941384782
7956,"David","Garcia",1974,13739,2,0,2,2,0.9851868388166
7957,"Olivia","Martinez",1978,15850,2,2,2,2,0.999606254813491
7958,"James","Johnson",1998,13666,2,2,2,2,0.999606254813491
7959,"David","Jones",2000,13370,2,2,0,2,0.953764941384782
7960,"Sarah","Jones",2000,13486,2,0,2,2,0.9851868388166
7961,"David","Jones",1998,12202,2,2,2,2,0.999606254813491
7962,"James","Williams",1993,19050,2,0,2,2,0.9851868388166
7964,"David","Martinez",1991,16962,2,0,2,2,0.9851868388166
7965,"Emily","Rodriguez",1999,12230,2,2,2,2,0.999606254813491
7966,"Jane","Johnson",1979,19351,2,2,2,2,0.999606254813491
7967,"James","Johnson",1997,13132,2,2,2,2,0.999606254813491
7969,"James","Johnson",1973,13124,2,2,2,2,0.999606254813491
7970,"James","Brown",1992,12584,2,0,2,2,0.9851868388166
7971,"James","Garcia",1994,14544,2,2,2,2,0.999606254813491
7973,"Jane","Martinez",1971,18830,2,2,2,2,0.999606254813491
7974,"Michael","Miller",1981,14940,2,2,2,2,0.999606254813491
7976,"David","Brown",1976,18468,2,2,2,2,0.999606254813491
7977,"Olivia","Davis",1989,11007,2,2,2,2,0.999606254813491
7978,"Emma","Rodriguez",1978,11764,2,2,2,2,0.999606254813491
7979,"David","Johnson",1996,15555,2,0,2,2,0.9851868388166
7980,"Emma","Rodriguez",1991,15548,0,2,2,2,0.985296268614473
7981,"Sarah","Rodriguez",1997,14607,0,2,2,2,0.985296268614473
7983,"Emma","Smith",1998,14785,2,2,0,2,0.953764941384782
7984,"James","Miller",1979,13314,2,2,2,2,0.999606254813491
7985,"James","Miller",1985,12467,2,2,2,2,0.999606254813491
7986,"David","Rodriguez",1994,16957,2,2,0,2,0.953764941384782
7987,"John","Smith",1994,16220,0,2,2,2,0.985296268614473
7988,"John","Brown",1988,16452,2,2,2,2,0.999606254813491
7989,"Michael","Garcia",1977,14396,2,2,0,2,0.953764941384782
7990,"James","Martinez",1987,13758,0,2,2,2,0.985296268614473
7991,"Jane","Johnson",1993,16035,2,2,2,2,0.999606254813491
7992,"Emma","Martinez",1994,12632,2,0,2,2,0.9851868388166
7993,"William","Davis",1995,16973,2,2,2,2,0.999606254813491
7994,"Olivia","Williams",1990,19622,2,2,0,2,0.953764941384782
7995,"Olivia","Johnson",1987,15307,0,2,2,2,0.985296268614473
7997,"James","Smith",2000,17405,2,2,2,2,0.999606254813491
7998,"James","Smith",1992,17681,2,2,0,2,0.953764941384782
8000,"John","Brown",2000,16546,2,2,2,2,0.999606254813491
8001,"James","Johnson",1992,12461,0,2,2,2,0.985296268614473
8002,"Michael","Smith",1977,17502,0,2,2,2,0.985296268614473
8003,"James","Davis",1980,17032,2,2,0,2,0.953764941384782
8004,"Jane","Miller",1979,10704,2,2,2,2,0.999606254813491
8005,"James","Martinez",1970,19273,2,2,0,2,0.953764941384782
8006,"Olivia","Martinez",1987,14072,2,2,2,2,0.999606254813491
8007,"David","Brown",1988,16817,2,2,0,2,0.953764941384782
8008,"Michael","Williams",1987,11438,2,2,2,2,0.999606254813491
8009,"James","Davis",1997,16813,2,2,2,2,0.999606254813491
8010,"Sarah","Johnson",1983,11930,2,2,2,2,0.999606254813491
8011,"Sarah","Davis",1984,11872,0,2,2,2,0.985296268614473
8012,"David","Smith",1985,19368,0,2,2,2,0.985296268614473
8013,"Emily","Davis",1980,18621,2,2,2,2,0.999606254813491
8014,"Emma","Brown",1975,12341,2,0,2,2,0.9851868388166
8016,"Olivia","Miller",1982,17533,2,2,2,2,0.999606254813491
8017,"John","Smith",1990,11156,2,0,2,2,0.9851868388166
8019,"Olivia","Garcia",1993,19364,2,2,2,2,0.999606254813491
8020,"Olivia","Jones",1981,12456,2,2,0,2,0.953764941384782
8021,"Olivia","Jones",1987,11148,2,2,0,2,0.953764941384782
8022,"Sarah","Jones",1975,12455,2,0,2,2,0.9851868388166
8023,"James","Johnson",1981,17226,0,2,2,2,0.985296268614473
8024,"Jane","Garcia",1999,19637,0,2,2,2,0.985296268614473
8025,"Emily","Johnson",1978,17829,2,2,2,2,0.999606254813491
8027,"John","Rodriguez",1997,16978,2,2,2,2,0.999606254813491
8028,"Emma","Smith",1970,10936,2,0,2,2,0.9851868388166
8030,"David","Smith",1972,11497,2,2,0,2,0.953764941384782
9574,"David","Smith",1988,11497,2,2,0,2,0.953764941384782
8031,"John","Martinez",1993,12913,0,2,2,2,0.985296268614473
8032,"William","Davis",1998,18040,0,2,2,2,0.985296268614473
8033,"David","Jones",1996,18484,2,2,2,2,0.999606254813491
8034,"John","Brown",1981,14995,2,0,2,2,0.9851868388166
8035,"David","Garcia",1988,18918,2,2,2,2,0.999606254813491
8037,"Sarah","Martinez",1996,19253,2,0,2,2,0.9851868388166
8038,"David","Rodriguez",1974,16536,2,2,2,2,0.999606254813491
8039,"Emma","Jones",1991,10090,0,2,2,2,0.985296268614473
8040,"James","Brown",1989,13840,2,2,2,2,0.999606254813491
8041,"Michael","Jones",1984,13732,2,2,0,2,0.953764941384782
8042,"James","Miller",1971,10989,0,2,2,2,0.985296268614473
8043,"John","Jones",1991,16174,2,2,2,2,0.999606254813491
8044,"Sarah","Rodriguez",1985,10921,2,2,0,2,0.953764941384782
8045,"William","Martinez",1996,11647,2,2,2,2,0.999606254813491
8046,"David","Rodriguez",1973,18763,2,2,2,2,0.999606254813491
8047,"Jane","Miller",1991,11831,0,2,2,2,0.985296268614473
8048,"Sarah","Rodriguez",1987,18313,2,2,2,2,0.999606254813491
8049,"James","Brown",1981,15866,2,2,2,2,0.999606254813491
8050,"James","Jones",1998,11810,2,0,2,2,0.9851868388166
8051,"Emma","Martinez",1999,11527,2,0,2,2,0.9851868388166
8053,"William","Miller",1974,19879,2,2,0,2,0.953764941384782
8054,"David","Jones",1983,12503,2,0,2,2,0.9851868388166
8055,"Emma","Miller",1996,18082,2,0,2,2,0.9851868388166
8056,"John","Davis",1977,17468,2,0,2,2,0.9851868388166
8057,"William","Williams",1973,15661,2,2,2,2,0.999606254813491
8058,"David","Rodriguez",1991,19198,2,2,2,2,0.999606254813491
8059,"William","Rodriguez",1991,18886,2,2,2,2,0.999606254813491
8060,"William","Brown",1973,18240,2,2,2,2,0.999606254813491
8061,"Michael","Davis",1992,18438,2,2,2,2,0.999606254813491
8062,"James","Jones",1990,13671,2,2,2,2,0.999606254813491
8063,"David","Smith",1981,11418,2,0,2,2,0.9851868388166
8065,"Sarah","Garcia",1997,16371,2,2,2,2,0.999606254813491
8066,"John","Brown",1971,15665,2,2,2,2,0.999606254813491
8068,"Olivia","Williams",1995,13024,2,0,2,2,0.9851868388166
8069,"Michael","Miller",2000,19066,2,2,2,2,0.999606254813491
8072,"William","Brown",1984,14489,2,2,2,2,0.999606254813491
8073,"Olivia","Martinez",1975,11290,0,2,2,2,0.985296268614473
8074,"John","Johnson",1987,13665,2,2,2,2,0.999606254813491
8075,"James","Johnson",1983,16983,2,2,2,2,0.999606254813491
8076,"William","Miller",1997,17773,2,2,2,2,0.999606254813491
8077,"Emma","Smith",1993,11616,2,2,0,2,0.953764941384782
8078,"William","Rodriguez",1975,13937,2,0,2,2,0.9851868388166
8079,"Sarah","Jones",2000,15632,2,2,0,2,0.953764941384782
8080,"James","Garcia",1998,17062,2,2,2,2,0.999606254813491
8081,"James","Johnson",1982,17927,0,2,2,2,0.985296268614473
8082,"William","Martinez",1991,15887,2,2,2,2,0.999606254813491
8084,"David","Johnson",1994,14307,2,2,2,2,0.999606254813491
8085,"Emma","Rodriguez",1974,19807,2,2,2,2,0.999606254813491
8086,"Olivia","Miller",1970,11321,2,2,2,2,0.999606254813491
8088,"David","Smith",1979,16046,2,2,2,2,0.999606254813491
8089,"William","Martinez",1984,11068,2,2,2,2,0.999606254813491
8090,"John","Williams",1990,14311,0,2,2,2,0.985296268614473
8091,"Sarah","Martinez",1998,14979,0,2,2,2,0.985296268614473
8092,"Emily","Johnson",1971,18862,2,2,2,2,0.999606254813491
8093,"Michael","Jones",1978,13730,2,2,0,2,0.953764941384782
8094,"Olivia","Davis",1995,15533,2,2,2,2,0.999606254813491
8095,"Jane","Martinez",1976,11625,0,2,2,2,0.985296268614473
8096,"John","Garcia",1986,16927,2,2,2,2,0.999606254813491
8097,"Sarah","Johnson",1986,10623,2,2,2,2,0.999606254813491
8098,"Emma","Brown",1980,12993,0,2,2,2,0.985296268614473
8099,"Jane","Brown",1979,19563,2,0,2,2,0.9851868388166
8100,"John","Garcia",1974,19401,2,2,2,2,0.999606254813491
8101,"Michael","Smith",1989,19763,0,2,2,2,0.985296268614473
8102,"James","Johnson",1992,14296,2,0,2,2,0.9851868388166
8103,"Olivia","Jones",1977,16543,2,2,2,2,0.999606254813491
8104,"James","Johnson",1975,13573,2,2,2,2,0.999606254813491
8105,"John","Brown",1985,18945,2,0,2,2,0.9851868388166
8106,"Michael","Rodriguez",1995,10145,0,2,2,2,0.985296268614473
8108,"William","Miller",1992,17955,2,2,0,2,0.953764941384782
8109,"Jane","Garcia",1979,18210,2,2,2,2,0.999606254813491
8110,"Olivia","Garcia",1998,15568,2,2,0,2,0.953764941384782
8111,"Emily","Martinez",1992,16464,2,2,0,2,0.953764941384782
8112,"Emma","Jones",1983,17675,2,0,2,2,0.9851868388166
8113,"James","Brown",1976,12966,2,0,2,2,0.9851868388166
8115,"Emily","Garcia",1978,10013,2,2,0,2,0.953764941384782
8116,"Sarah","Martinez",1993,17493,2,2,2,2,0.999606254813491
8117,"William","Martinez",1978,19113,2,0,2,2,0.9851868388166
8118,"William","Johnson",1994,17332,2,0,2,2,0.9851868388166
8121,"Jane","Miller",1977,11374,2,0,2,2,0.9851868388166
8122,"David","Davis",1973,10874,2,2,0,2,0.953764941384782
8123,"William","Davis",1977,16708,2,0,2,2,0.9851868388166
8124,"William","Brown",1999,17530,2,2,2,2,0.999606254813491
8125,"Sarah","Martinez",1974,11985,2,2,2,2,0.999606254813491
8126,"Jane","Rodriguez",1991,17507,2,2,0,2,0.953764941384782
8127,"William","Davis",1988,11771,2,2,2,2,0.999606254813491
8129,"David","Davis",1974,14486,2,2,2,2,0.999606254813491
8130,"Sarah","Martinez",1973,15403,2,2,2,2,0.999606254813491
8131,"David","Garcia",1994,17308,0,2,2,2,0.985296268614473
8132,"William","Jones",1986,13495,0,2,2,2,0.985296268614473
8133,"Olivia","Jones",1990,13336,2,2,2,2,0.999606254813491
8134,"Jane","Jones",1989,13109,2,0,2,2,0.9851868388166
8135,"William","Johnson",1982,17259,0,2,2,2,0.985296268614473
8136,"Emma","Williams",1985,13797,2,2,2,2,0.999606254813491
8137,"James","Brown",1994,11389,2,2,2,2,0.999606254813491
8138,"Jane","Martinez",1986,13538,2,2,2,2,0.999606254813491
8140,"John","Jones",1977,14965,2,0,2,2,0.9851868388166
8142,"James","Davis",1996,17827,2,2,2,2,0.999606254813491
8144,"Sarah","Miller",1974,14858,2,0,2,2,0.9851868388166
8145,"Michael","Davis",1991,10274,2,2,0,2,0.953764941384782
8146,"David","Garcia",1999,13381,2,2,2,2,0.999606254813491
8147,"Sarah","Miller",1980,11850,2,2,2,2,0.999606254813491
8148,"Sarah","Miller",1997,14046,2,2,2,2,0.999606254813491
8149,"Emma","Garcia",1971,11487,2,2,2,2,0.999606254813491
8150,"David","Miller",1989,12631,0,2,2,2,0.985296268614473
8151,"John","Martinez",1976,12196,2,2,2,2,0.999606254813491
8152,"Emma","Smith",1977,19715,2,0,2,2,0.9851868388166
8153,"Michael","Rodriguez",1989,18765,0,2,2,2,0.985296268614473
8154,"John","Rodriguez",1993,14250,2,0,2,2,0.9851868388166
8155,"John","Garcia",1976,18725,2,2,2,2,0.999606254813491
8156,"David","Smith",1971,17783,2,2,2,2,0.999606254813491
8157,"John","Garcia",1988,19884,2,2,0,2,0.953764941384782
8159,"Olivia","Miller",2000,14185,2,2,2,2,0.999606254813491
8160,"James","Smith",1993,15108,2,2,2,2,0.999606254813491
8161,"William","Davis",1992,11322,2,2,2,2,0.999606254813491
8163,"Sarah","Garcia",1982,19312,2,0,2,2,0.9851868388166
8164,"Olivia","Williams",1974,11465,2,0,2,2,0.9851868388166
8165,"Sarah","Miller",1992,14025,0,2,2,2,0.985296268614473
8166,"Emily","Brown",1980,15840,2,2,2,2,0.999606254813491
8167,"Emma","Smith",1992,16501,2,0,2,2,0.9851868388166
8168,"Emily","Davis",1978,15574,2,2,2,2,0.999606254813491
8169,"Olivia","Jones",1990,18570,2,0,2,2,0.9851868388166
8170,"James","Davis",1993,14516,0,2,2,2,0.985296268614473
8171,"Emma","Johnson",1998,19614,2,2,0,2,0.953764941384782
8172,"Olivia","Johnson",1988,19158,2,2,0,2,0.953764941384782
8173,"Jane","Johnson",1984,13018,2,2,2,2,0.999606254813491
8174,"Sarah","Williams",1972,19241,2,2,2,2,0.999606254813491
8175,"William","Rodriguez",2000,16086,2,2,2,2,0.999606254813491
8176,"Emily","Rodriguez",1999,12745,2,0,2,2,0.9851868388166
8177,"Jane","Rodriguez",1983,11256,2,2,2,2,0.999606254813491
8178,"Olivia","Williams",1994,18738,0,2,2,2,0.985296268614473
8179,"Emma","Martinez",2000,10585,2,0,2,2,0.9851868388166
8180,"John","Jones",1974,16929,0,2,2,2,0.985296268614473
8181,"Sarah","Miller",1977,18940,2,2,2,2,0.999606254813491
8182,"James","Smith",1976,15556,2,2,2,2,0.999606254813491
8185,"Michael","Williams",1981,13026,2,2,0,2,0.953764941384782
8186,"James","Rodriguez",1988,10402,2,2,2,2,0.999606254813491
8187,"David","Davis",1991,12876,2,2,2,2,0.999606254813491
8189,"Olivia","Jones",1980,18498,2,2,2,2,0.999606254813491
8190,"Emily","Johnson",1999,19578,2,2,2,2,0.999606254813491
8191,"John","Johnson",1994,10775,2,2,2,2,0.999606254813491
8192,"Jane","Davis",1971,11750,2,2,2,2,0.999606254813491
8193,"Jane","Davis",1977,11130,2,2,0,2,0.953764941384782
8194,"Olivia","Miller",1992,14399,2,2,0,2,0.953764941384782
8196,"Emma","Davis",1987,12990,2,2,2,2,0.999606254813491
8197,"William","Jones",1974,19468,2,2,2,2,0.999606254813491
8198,"Michael","Miller",1976,16402,2,2,2,2,0.999606254813491
8199,"William","Rodriguez",1985,16682,2,2,2,2,0.999606254813491
8200,"Jane","Johnson",1997,15270,2,2,2,2,0.999606254813491
8201,"John","Rodriguez",1999,11682,2,2,0,2,0.953764941384782
8202,"William","Miller",1996,18746,2,2,2,2,0.999606254813491
8203,"Sarah","Davis",1989,19955,2,2,2,2,0.999606254813491
8204,"Emma","Brown",1971,19166,2,0,2,2,0.9851868388166
8205,"Emily","Williams",1985,12836,2,0,2,2,0.9851868388166
8206,"Jane","Miller",1985,14020,2,2,2,2,0.999606254813491
8207,"John","Jones",1987,13318,2,0,2,2,0.9851868388166
8208,"John","Johnson",1986,16498,2,2,2,2,0.999606254813491
8209,"Emily","Rodriguez",1976,12367,0,2,2,2,0.985296268614473
8210,"Emma","Brown",1991,12799,2,2,2,2,0.999606254813491
8211,"David","Martinez",1996,19095,2,2,2,2,0.999606254813491
8212,"William","Smith",1996,19490,2,2,2,2,0.999606254813491
8213,"John","Garcia",1990,18444,0,2,2,2,0.985296268614473
8214,"Olivia","Williams",1993,16493,0,2,2,2,0.985296268614473
8215,"Emma","Jones",1972,11418,2,2,2,2,0.999606254813491
8216,"John","Miller",1990,11428,0,2,2,2,0.985296268614473
8217,"Jane","Garcia",1970,19942,2,0,2,2,0.9851868388166
8218,"William","Brown",1979,12433,2,2,2,2,0.999606254813491
8219,"Jane","Rodriguez",1990,18302,2,2,2,2,0.999606254813491
8220,"Emily","Smith",1989,14993,2,2,0,2,0.953764941384782
8221,"Sarah","Miller",1996,14513,2,2,2,2,0.999606254813491
8222,"Emma","Williams",1984,11743,2,2,2,2,0.999606254813491
8223,"William","Jones",2000,19119,2,2,0,2,0.953764941384782
8224,"Emily","Rodriguez",1980,15707,0,2,2,2,0.985296268614473
8225,"Michael","Davis",1983,13874,2,2,2,2,0.999606254813491
8226,"Emily","Martinez",1980,16411,2,2,2,2,0.999606254813491
8227,"Emily","Jones",1985,15595,2,2,2,2,0.999606254813491
8228,"Sarah","Johnson",1983,19826,2,2,2,2,0.999606254813491
8229,"David","Brown",1988,15758,2,0,2,2,0.9851868388166
8230,"Olivia","Garcia",1995,12997,2,2,2,2,0.999606254813491
8231,"John","Jones",1974,10475,2,2,2,2,0.999606254813491
8233,"Sarah","Rodriguez",1988,11316,2,2,2,2,0.999606254813491
8234,"Michael","Johnson",1992,10429,0,2,2,2,0.985296268614473
8235,"William","Jones",1987,17250,2,2,2,2,0.999606254813491
8236,"John","Jones",1983,16493,0,2,2,2,0.985296268614473
8237,"Jane","Martinez",1970,12282,2,2,2,2,0.999606254813491
8239,"John","Johnson",1992,19822,0,2,2,2,0.985296268614473
8240,"Michael","Johnson",1996,16021,2,0,2,2,0.9851868388166
8242,"Sarah","Miller",1979,12000,2,2,2,2,0.999606254813491
8243,"John","Johnson",1970,11900,2,2,0,2,0.953764941384782
8244,"Emily","Martinez",1986,19071,0,2,2,2,0.985296268614473
8245,"Michael","Brown",1981,15369,0,2,2,2,0.985296268614473
8246,"James","Garcia",1991,11015,0,2,2,2,0.985296268614473
8247,"Emma","Martinez",2000,14959,2,0,2,2,0.9851868388166
8249,"William","Johnson",1974,16409,2,2,2,2,0.999606254813491
8250,"David","Rodriguez",1999,18132,0,2,2,2,0.985296268614473
8251,"William","Martinez",1992,15003,2,2,0,2,0.953764941384782
8252,"David","Jones",1997,11020,2,2,2,2,0.999606254813491
8253,"John","Smith",1997,10037,2,0,2,2,0.9851868388166
8254,"Jane","Davis",1996,13144,0,2,2,2,0.985296268614473
8256,"James","Johnson",1973,11849,2,2,2,2,0.999606254813491
8257,"John","Miller",1992,16022,2,2,2,2,0.999606254813491
8258,"James","Rodriguez",1983,11869,2,2,2,2,0.999606254813491
8259,"James","Brown",1993,11341,2,0,2,2,0.9851868388166
8260,"Jane","Williams",1989,16838,0,2,2,2,0.985296268614473
8261,"Emma","Garcia",1998,13885,2,2,2,2,0.999606254813491
8262,"Sarah","Johnson",1982,17660,2,2,2,2,0.999606254813491
8263,"Emily","Smith",1993,18913,2,0,2,2,0.9851868388166
8264,"William","Garcia",1982,17962,2,0,2,2,0.9851868388166
8265,"Sarah","Martinez",1986,13165,0,2,2,2,0.985296268614473
8266,"Emily","Rodriguez",1980,16845,2,2,2,2,0.999606254813491
8267,"Olivia","Johnson",2000,19463,2,0,2,2,0.9851868388166
8268,"Michael","Johnson",1993,10209,0,2,2,2,0.985296268614473
8269,"Jane","Garcia",1985,11368,2,2,2,2,0.999606254813491
8270,"Sarah","Brown",1978,10670,2,0,2,2,0.9851868388166
8271,"John","Miller",1993,12587,2,2,2,2,0.999606254813491
8272,"Olivia","Martinez",1995,11903,2,0,2,2,0.9851868388166
8273,"Michael","Smith",1983,11700,2,2,2,2,0.999606254813491
8274,"Emma","Smith",1972,11870,2,2,0,2,0.953764941384782
8275,"John","Jones",1984,14749,2,2,2,2,0.999606254813491
8276,"David","Williams",1989,11664,2,2,2,2,0.999606254813491
8277,"Michael","Brown",1995,11338,0,2,2,2,0.985296268614473
8278,"Emma","Miller",1983,18765,2,2,0,2,0.953764941384782
8279,"Jane","Jones",1978,11892,2,2,2,2,0.999606254813491
8281,"Emma","Martinez",1976,11632,2,2,2,2,0.999606254813491
8282,"David","Brown",1994,17765,2,2,2,2,0.999606254813491
8283,"David","Miller",1990,19443,0,2,2,2,0.985296268614473
8284,"James","Jones",1996,11188,2,2,0,2,0.953764941384782
8285,"William","Johnson",1972,13752,2,0,2,2,0.9851868388166
8286,"Olivia","Johnson",1984,19482,2,2,2,2,0.999606254813491
8287,"Olivia","Williams",1995,17204,2,0,2,2,0.9851868388166
8288,"John","Johnson",1999,18320,2,2,0,2,0.953764941384782
8289,"Michael","Johnson",1992,10584,2,2,2,2,0.999606254813491
8290,"James","Garcia",1992,13880,2,2,2,2,0.999606254813491
8291,"Michael","Williams",1980,17967,2,2,0,2,0.953764941384782
8294,"James","Jones",1970,18668,0,2,2,2,0.985296268614473
8296,"John","Miller",1980,12116,2,2,2,2,0.999606254813491
8297,"Olivia","Brown",2000,13883,2,2,2,2,0.999606254813491
8298,"William","Johnson",1990,18557,2,2,2,2,0.999606254813491
8299,"Michael","Jones",1982,16616,2,0,2,2,0.9851868388166
8300,"John","Brown",1976,13319,2,2,2,2,0.999606254813491
8301,"Olivia","Garcia",1984,14651,0,2,2,2,0.985296268614473
8302,"Jane","Williams",1974,19526,2,2,2,2,0.999606254813491
8303,"Michael","Smith",1976,15373,0,2,2,2,0.985296268614473
8304,"Sarah","Garcia",1992,11515,2,2,2,2,0.999606254813491
8305,"Emma","Williams",1999,11667,2,0,2,2,0.9851868388166
8306,"Michael","Miller",1976,10872,2,2,2,2,0.999606254813491
8307,"John","Garcia",1989,18820,2,2,2,2,0.999606254813491
8308,"Olivia","Garcia",1977,14580,2,2,2,2,0.999606254813491
8309,"Sarah","Jones",1987,14636,2,2,2,2,0.999606254813491
8310,"William","Smith",1987,18595,2,0,2,2,0.9851868388166
8311,"Jane","Jones",1972,17605,2,2,2,2,0.999606254813491
8313,"James","Williams",1998,13277,0,2,2,2,0.985296268614473
8314,"Olivia","Smith",1989,13238,2,2,0,2,0.953764941384782
8315,"John","Jones",1976,17645,2,2,2,2,0.999606254813491
8316,"David","Jones",1989,19464,2,2,2,2,0.999606254813491
8317,"Emily","Johnson",1984,15132,2,2,2,2,0.999606254813491
8319,"James","Martinez",1977,15931,2,2,2,2,0.999606254813491
8320,"Sarah","Williams",1976,19358,0,2,2,2,0.985296268614473
8321,"Emma","Miller",1998,15207,2,2,2,2,0.999606254813491
8322,"Jane","Jones",1976,18150,2,2,2,2,0.999606254813491
8323,"John","Brown",1994,14262,2,2,2,2,0.999606254813491
8324,"Michael","Garcia",1977,15292,2,2,2,2,0.999606254813491
8325,"James","Williams",1999,10833,0,2,2,2,0.985296268614473
8326,"Sarah","Rodriguez",1978,16360,2,2,2,2,0.999606254813491
8327,"Emma","Johnson",1970,15668,0,2,2,2,0.985296268614473
8328,"Michael","Williams",1999,11683,2,2,2,2,0.999606254813491
8330,"David","Garcia",1987,13059,2,2,0,2,0.953764941384782
8331,"Emily","Jones",1972,10292,2,2,2,2,0.999606254813491
8332,"Olivia","Jones",1990,12929,2,2,0,2,0.953764941384782
8333,"Sarah","Davis",1977,11356,2,0,2,2,0.9851868388166
8335,"Olivia","Jones",1972,15971,0,2,2,2,0.985296268614473
8336,"Jane","Miller",1981,19323,2,2,2,2,0.999606254813491
8337,"Emma","Miller",1978,15137,2,2,0,2,0.953764941384782
8338,"Sarah","Davis",1981,14658,2,2,2,2,0.999606254813491
8339,"Sarah","Smith",1992,11729,2,2,2,2,0.999606254813491
8340,"David","Williams",1972,11107,2,2,2,2,0.999606254813491
8341,"Emma","Miller",1970,15371,2,2,2,2,0.999606254813491
8342,"Sarah","Rodriguez",1992,11935,2,2,2,2,0.999606254813491
8343,"Emily","Johnson",1984,17430,2,2,0,2,0.953764941384782
8344,"Michael","Martinez",1975,17176,2,0,2,2,0.9851868388166
8345,"James","Johnson",1984,13218,2,2,0,2,0.953764941384782
8346,"Michael","Miller",1992,13874,0,2,2,2,0.985296268614473
8347,"John","Smith",1990,11155,2,2,0,2,0.953764941384782
8348,"Emma","Brown",1984,13341,2,2,0,2,0.953764941384782
8349,"William","Davis",1975,15588,0,2,2,2,0.985296268614473
8350,"Jane","Johnson",1978,12865,2,0,2,2,0.9851868388166
8351,"John","Garcia",1980,12879,2,2,2,2,0.999606254813491
8352,"William","Johnson",1983,11249,2,2,2,2,0.999606254813491
8353,"Sarah","Brown",1991,12726,2,2,2,2,0.999606254813491
8354,"John","Smith",1985,17358,0,2,2,2,0.985296268614473
8355,"William","Martinez",1979,14443,2,2,2,2,0.999606254813491
8356,"Jane","Brown",1986,13559,2,2,2,2,0.999606254813491
8357,"David","Davis",1994,17008,2,2,2,2,0.999606254813491
8358,"James","Brown",1978,10635,2,2,2,2,0.999606254813491
8359,"John","Rodriguez",1997,16829,2,0,2,2,0.9851868388166
8360,"Emma","Martinez",1997,11236,2,2,2,2,0.999606254813491
8361,"John","Brown",1977,16539,2,2,0,2,0.953764941384782
8362,"Emma","Jones",1984,18218,2,0,2,2,0.9851868388166
8363,"Sarah","Johnson",1993,12389,2,2,2,2,0.999606254813491
8365,"Emma","Brown",1971,10790,2,2,2,2,0.999606254813491
8366,"John","Johnson",1998,18621,2,2,2,2,0.999606254813491
8367,"Michael","Garcia",1994,15220,2,2,2,2,0.999606254813491
8370,"Emma","Johnson",1977,15823,2,2,2,2,0.999606254813491
8372,"Emma","Rodriguez",1981,19922,2,2,2,2,0.999606254813491
8373,"Olivia","Garcia",1982,10544,2,2,2,2,0.999606254813491
8374,"James","Johnson",1996,11873,0,2,2,2,0.985296268614473
8376,"Michael","Garcia",1976,14041,2,2,2,2,0.999606254813491
8377,"Jane","Brown",1975,14301,2,2,0,2,0.953764941384782
8378,"David","Williams",1983,17457,2,2,2,2,0.999606254813491
8379,"David","Johnson",1982,13770,2,2,2,2,0.999606254813491
8380,"Emily","Johnson",1992,16671,2,2,0,2,0.953764941384782
8381,"David","Williams",1990,11249,2,2,2,2,0.999606254813491
8382,"Sarah","Davis",1998,16418,2,0,2,2,0.9851868388166
8383,"Emily","Martinez",1995,14831,2,2,2,2,0.999606254813491
8384,"William","Williams",1981,15421,2,2,2,2,0.999606254813491
8385,"Emma","Davis",1979,11755,2,0,2,2,0.9851868388166
8386,"John","Rodriguez",1980,16979,2,2,2,2,0.999606254813491
8387,"Olivia","Davis",1982,10537,2,2,2,2,0.999606254813491
8388,"Emily","Rodriguez",1973,17175,2,2,2,2,0.999606254813491
8390,"William","Davis",1992,14447,2,2,2,2,0.999606254813491
8391,"Emma","Davis",1984,15239,0,2,2,2,0.985296268614473
8392,"Emma","Martinez",1983,13191,2,2,0,2,0.953764941384782
8393,"Jane","Brown",1971,15012,2,2,2,2,0.999606254813491
8394,"John","Davis",1996,12318,2,0,2,2,0.9851868388166
8395,"Michael","Jones",1976,13039,0,2,2,2,0.985296268614473
8396,"Michael","Martinez",1994,11906,2,2,2,2,0.999606254813491
8397,"Emma","Brown",1989,18729,2,2,2,2,0.999606254813491
8398,"Jane","Davis",1982,13488,2,2,2,2,0.999606254813491
8399,"Emma","Williams",1970,13631,2,2,2,2,0.999606254813491
8400,"David","Rodriguez",1974,12133,2,2,2,2,0.999606254813491
8401,"Sarah","Davis",1991,13338,2,2,2,2,0.999606254813491
8402,"Sarah","Jones",1979,19256,0,2,2,2,0.985296268614473
8403,"Emma","Johnson",1977,13516,2,2,2,2,0.999606254813491
8404,"Sarah","Davis",1974,14665,2,2,2,2,0.999606254813491
8406,"Olivia","Smith",1987,17046,0,2,2,2,0.985296268614473
8408,"Sarah","Brown",1973,16400,2,0,2,2,0.9851868388166
8409,"Olivia","Johnson",1995,17779,2,0,2,2,0.9851868388166
8410,"David","Williams",1982,19969,0,2,2,2,0.985296268614473
8411,"Emma","Davis",1992,17818,2,2,0,2,0.953764941384782
8412,"David","Smith",1978,16870,2,2,2,2,0.999606254813491
8415,"Olivia","Martinez",1989,15205,2,2,2,2,0.999606254813491
8416,"John","Smith",1993,17591,2,2,2,2,0.999606254813491
8418,"David","Davis",1971,18472,2,2,2,2,0.999606254813491
8419,"Michael","Miller",1983,10691,2,2,2,2,0.999606254813491
8420,"Emma","Brown",2000,13666,2,0,2,2,0.9851868388166
8421,"Sarah","Smith",1987,11058,2,2,2,2,0.999606254813491
8422,"Jane","Johnson",1998,12760,2,2,2,2,0.999606254813491
8423,"Emily","Brown",1991,10020,2,2,2,2,0.999606254813491
8424,"Michael","Miller",1995,13412,2,2,2,2,0.999606254813491
8425,"Olivia","Williams",1974,16990,2,2,2,2,0.999606254813491
8426,"Emma","Davis",1977,12430,2,2,2,2,0.999606254813491
8427,"Sarah","Brown",1977,10936,2,2,0,2,0.953764941384782
8428,"Michael","Miller",1971,14659,2,2,2,2,0.999606254813491
8430,"William","Williams",1994,18538,2,2,2,2,0.999606254813491
8431,"Sarah","Garcia",1996,18450,2,2,2,2,0.999606254813491
8432,"William","Jones",1971,14604,2,2,2,2,0.999606254813491
8433,"Emma","Smith",1997,11892,2,2,2,2,0.999606254813491
8434,"Emily","Garcia",1973,17643,2,2,2,2,0.999606254813491
8435,"John","Martinez",1974,14310,2,2,0,2,0.953764941384782
8436,"Olivia","Williams",1976,12700,2,0,2,2,0.9851868388166
8437,"Olivia","Johnson",1994,12908,2,2,2,2,0.999606254813491
8438,"Emma","Miller",1980,10126,2,2,2,2,0.999606254813491
8439,"Sarah","Smith",1983,19042,2,2,2,2,0.999606254813491
8440,"Emily","Rodriguez",1983,16318,2,2,2,2,0.999606254813491
8441,"William","Jones",1992,10804,2,0,2,2,0.9851868388166
8442,"Michael","Davis",1998,16795,2,2,0,2,0.953764941384782
8443,"Michael","Davis",1995,10931,2,2,0,2,0.953764941384782
8444,"William","Williams",1993,11903,2,2,2,2,0.999606254813491
8445,"James","Johnson",1975,14993,2,0,2,2,0.9851868388166
8446,"David","Williams",1990,15798,2,0,2,2,0.9851868388166
8447,"Jane","Williams",1980,15606,2,2,0,2,0.953764941384782
8448,"Jane","Garcia",1990,10552,2,0,2,2,0.9851868388166
8449,"David","Martinez",1985,10991,2,2,2,2,0.999606254813491
8450,"Jane","Garcia",1996,11968,2,2,2,2,0.999606254813491
8451,"James","Jones",1983,17227,2,2,2,2,0.999606254813491
8452,"Jane","Johnson",1990,15549,2,2,2,2,0.999606254813491
8453,"David","Rodriguez",1970,18375,2,2,2,2,0.999606254813491
8454,"Jane","Brown",1981,11347,2,0,2,2,0.9851868388166
8455,"David","Rodriguez",1989,14238,0,2,2,2,0.985296268614473
8457,"Michael","Johnson",1981,14313,2,2,2,2,0.999606254813491
8458,"Michael","Smith",1972,14405,2,2,2,2,0.999606254813491
8459,"Sarah","Brown",1972,13020,2,2,2,2,0.999606254813491
8461,"James","Johnson",1992,12407,2,2,2,2,0.999606254813491
8463,"David","Garcia",1972,12888,2,2,2,2,0.999606254813491
8464,"Emily","Brown",1988,10502,2,0,2,2,0.9851868388166
8465,"Olivia","Smith",1986,17883,2,2,0,2,0.953764941384782
8466,"David","Martinez",1991,18083,0,2,2,2,0.985296268614473
8467,"Jane","Miller",1973,16451,2,0,2,2,0.9851868388166
8468,"James","Williams",1996,12834,0,2,2,2,0.985296268614473
8469,"Olivia","Martinez",1982,15851,2,2,2,2,0.999606254813491
8471,"Sarah","Martinez",1997,17502,0,2,2,2,0.985296268614473
8472,"John","Davis",1995,18939,2,2,2,2,0.999606254813491
8474,"John","Miller",2000,11801,2,2,2,2,0.999606254813491
8475,"William","Martinez",1984,14249,2,2,2,2,0.999606254813491
8476,"William","Jones",1996,18907,2,0,2,2,0.9851868388166
8477,"William","Garcia",1987,13752,2,2,0,2,0.953764941384782
8478,"Jane","Brown",1997,15765,0,2,2,2,0.985296268614473
8479,"James","Brown",1978,18956,2,2,2,2,0.999606254813491
8480,"Emma","Davis",1979,11499,2,2,2,2,0.999606254813491
8481,"Jane","Davis",1989,14516,2,2,0,2,0.953764941384782
8482,"Olivia","Garcia",1998,18285,2,2,2,2,0.999606254813491
8484,"Olivia","Davis",1997,10680,2,2,2,2,0.999606254813491
8485,"Sarah","Smith",1973,16872,2,2,2,2,0.999606254813491
8486,"Jane","Smith",1974,19393,2,2,2,2,0.999606254813491
8487,"Olivia","Martinez",1977,18023,2,2,2,2,0.999606254813491
8488,"David","Johnson",1989,16039,2,0,2,2,0.9851868388166
8489,"Sarah","Martinez",1993,10831,2,2,2,2,0.999606254813491
8490,"Jane","Brown",1992,19728,2,2,2,2,0.999606254813491
8491,"Sarah","Jones",1978,19382,2,2,2,2,0.999606254813491
8493,"Sarah","Jones",1989,14476,0,2,2,2,0.985296268614473
8494,"David","Garcia",1992,18708,2,2,0,2,0.953764941384782
8495,"David","Smith",1979,10410,2,0,2,2,0.9851868388166
8496,"Jane","Brown",1993,18062,2,2,2,2,0.999606254813491
8497,"John","Miller",1989,13134,0,2,2,2,0.985296268614473
8498,"Emma","Garcia",2000,17641,2,2,2,2,0.999606254813491
8499,"Emily","Smith",1984,18353,2,2,0,2,0.953764941384782
8500,"David","Martinez",1970,17286,0,2,2,2,0.985296268614473
8501,"William","Garcia",1984,12715,2,0,2,2,0.9851868388166
8502,"John","Jones",1989,19260,2,2,2,2,0.999606254813491
8503,"David","Martinez",1975,11485,2,0,2,2,0.9851868388166
8505,"Emma","Davis",1974,13335,2,2,0,2,0.953764941384782
8506,"William","Brown",1977,12680,2,2,2,2,0.999606254813491
8507,"John","Miller",1998,10527,0,2,2,2,0.985296268614473
8508,"John","Jones",1979,13514,2,0,2,2,0.9851868388166
8509,"William","Miller",1995,19962,2,2,2,2,0.999606254813491
8510,"John","Williams",1994,17866,2,2,2,2,0.999606254813491
8511,"Emma","Davis",1980,10367,0,2,2,2,0.985296268614473
8512,"Michael","Miller",1971,10589,2,2,2,2,0.999606254813491
8513,"William","Garcia",1971,13369,2,2,2,2,0.999606254813491
8514,"Michael","Martinez",1984,14806,2,2,2,2,0.999606254813491
8515,"Olivia","Rodriguez",1996,11022,2,0,2,2,0.9851868388166
8516,"William","Smith",1989,11868,2,2,2,2,0.999606254813491
8518,"James","Miller",1983,16456,2,2,2,2,0.999606254813491
8519,"Emily","Brown",1977,11393,2,2,0,2,0.953764941384782
8520,"Michael","Martinez",1984,18676,2,2,0,2,0.953764941384782
8521,"Emily","Garcia",2000,19506,2,2,2,2,0.999606254813491
8522,"Jane","Jones",1986,14294,2,2,2,2,0.999606254813491
8523,"Jane","Garcia",1974,17930,2,2,2,2,0.999606254813491
8525,"John","Johnson",1987,14961,0,2,2,2,0.985296268614473
8526,"William","Martinez",1992,13840,2,2,0,2,0.953764941384782
8527,"Olivia","Davis",1980,18622,2,2,0,2,0.953764941384782
8528,"Emily","Martinez",1977,10305,2,2,2,2,0.999606254813491
8529,"David","Williams",1980,18443,2,2,2,2,0.999606254813491
8530,"David","Johnson",1971,11609,2,0,2,2,0.9851868388166
8531,"Emma","Smith",1980,10301,2,0,2,2,0.9851868388166
8532,"Emily","Rodriguez",1973,18475,2,2,2,2,0.999606254813491
8533,"Emily","Rodriguez",1979,19245,0,2,2,2,0.985296268614473
8534,"Sarah","Jones",1977,14838,2,2,2,2,0.999606254813491
8535,"Michael","Miller",1993,17448,2,2,2,2,0.999606254813491
8536,"Michael","Miller",1996,15731,2,2,2,2,0.999606254813491
8537,"William","Williams",1997,13812,2,2,2,2,0.999606254813491
8538,"Olivia","Garcia",1983,19923,2,2,2,2,0.999606254813491
8539,"Emma","Jones",1971,15244,2,2,0,2,0.953764941384782
8540,"Emily","Brown",1990,11023,2,2,2,2,0.999606254813491
8541,"Sarah","Jones",1985,14259,2,2,2,2,0.999606254813491
8542,"James","Smith",1995,18344,2,2,2,2,0.999606254813491
8544,"Emma","Garcia",1995,13553,2,0,2,2,0.9851868388166
8545,"Jane","Brown",1999,12108,2,0,2,2,0.9851868388166
8546,"Olivia","Miller",1973,14434,2,0,2,2,0.9851868388166
8547,"Michael","Brown",1986,18145,2,2,0,2,0.953764941384782
8548,"Jane","Garcia",1985,17198,2,2,2,2,0.999606254813491
8549,"John","Jones",1974,14332,2,0,2,2,0.9851868388166
8553,"James","Davis",1991,10130,2,0,2,2,0.9851868388166
8555,"Jane","Martinez",1983,12045,2,2,2,2,0.999606254813491
8556,"Michael","Rodriguez",1973,12950,2,2,2,2,0.999606254813491
8558,"Michael","Martinez",1996,18883,0,2,2,2,0.985296268614473
8559,"Olivia","Williams",1970,18800,2,0,2,2,0.9851868388166
8560,"Michael","Martinez",1988,18081,2,2,2,2,0.999606254813491
8561,"James","Jones",1986,10355,2,0,2,2,0.9851868388166
8562,"John","Jones",1971,15487,2,2,2,2,0.999606254813491
8563,"John","Williams",1975,19814,2,2,2,2,0.999606254813491
8564,"Michael","Garcia",1985,11663,2,2,2,2,0.999606254813491
8565,"Sarah","Williams",1985,17424,2,2,2,2,0.999606254813491
8567,"Emily","Brown",2000,17048,2,0,2,2,0.9851868388166
8568,"Sarah","Jones",1980,12138,2,0,2,2,0.9851868388166
8569,"Michael","Johnson",1977,12211,2,2,2,2,0.999606254813491
8570,"Jane","Miller",1984,17110,2,2,2,2,0.999606254813491
8571,"John","Davis",1999,11826,2,2,2,2,0.999606254813491
8572,"David","Williams",1970,10265,2,2,2,2,0.999606254813491
8573,"William","Jones",1977,13088,2,2,2,2,0.999606254813491
8574,"James","Rodriguez",1979,14450,2,2,2,2,0.999606254813491
8575,"John","Davis",1975,15376,0,2,2,2,0.985296268614473
8576,"Emily","Jones",1983,16385,2,2,2,2,0.999606254813491
8577,"John","Johnson",1996,16953,2,2,2,2,0.999606254813491
8578,"David","Jones",1987,12575,2,2,2,2,0.999606254813491
8579,"Michael","Garcia",1987,10172,2,0,2,2,0.9851868388166
8580,"John","Johnson",1974,15342,2,2,2,2,0.999606254813491
8581,"Sarah","Martinez",1983,10779,2,2,0,2,0.953764941384782
8582,"Emma","Miller",1999,13893,2,0,2,2,0.9851868388166
8583,"John","Jones",1982,13568,2,2,0,2,0.953764941384782
8584,"Michael","Williams",1981,12791,0,2,2,2,0.985296268614473
8585,"Olivia","Garcia",1986,13457,0,2,2,2,0.985296268614473
8586,"Michael","Davis",1997,16719,2,2,2,2,0.999606254813491
8587,"Sarah","Smith",1995,15944,0,2,2,2,0.985296268614473
8588,"Michael","Garcia",1983,18745,2,2,2,2,0.999606254813491
8589,"William","Davis",1993,14664,2,2,2,2,0.999606254813491
8591,"Michael","Smith",1970,15151,2,2,2,2,0.999606254813491
8592,"Michael","Jones",1981,17604,0,2,2,2,0.985296268614473
8593,"Emma","Miller",2000,18475,2,2,2,2,0.999606254813491
8594,"Sarah","Davis",1990,17254,0,2,2,2,0.985296268614473
8595,"Jane","Brown",1993,15295,2,2,2,2,0.999606254813491
8597,"John","Miller",1972,13565,0,2,2,2,0.985296268614473
8598,"David","Smith",1998,13809,0,2,2,2,0.985296268614473
8599,"Jane","Brown",1989,14293,0,2,2,2,0.985296268614473
8600,"William","Rodriguez",1980,13738,2,2,2,2,0.999606254813491
8601,"John","Miller",1987,11148,2,2,2,2,0.999606254813491
8603,"Olivia","Smith",1983,13562,2,2,2,2,0.999606254813491
8604,"Jane","Garcia",1992,12548,2,0,2,2,0.9851868388166
8605,"Olivia","Rodriguez",1973,14331,0,2,2,2,0.985296268614473
8606,"Emma","Davis",1994,13305,2,2,2,2,0.999606254813491
8607,"David","Brown",1999,14084,0,2,2,2,0.985296268614473
8608,"Emily","Smith",1990,19565,2,2,2,2,0.999606254813491
8609,"Emma","Davis",1994,13680,0,2,2,2,0.985296268614473
8610,"Emma","Davis",1970,19478,2,0,2,2,0.9851868388166
8611,"David","Jones",1977,11346,2,2,2,2,0.999606254813491
8612,"Michael","Brown",1974,17926,2,2,2,2,0.999606254813491
8613,"Olivia","Williams",1997,12535,2,2,2,2,0.999606254813491
8614,"William","Davis",2000,17769,2,0,2,2,0.9851868388166
8615,"William","Davis",2000,11373,2,2,2,2,0.999606254813491
8616,"William","Johnson",1989,18488,2,2,2,2,0.999606254813491
8617,"John","Davis",1974,12067,2,2,2,2,0.999606254813491
8618,"John","Williams",1991,17815,2,2,2,2,0.999606254813491
8619,"Emma","Brown",1999,11270,2,0,2,2,0.9851868388166
8620,"Emily","Garcia",1980,15661,2,2,2,2,0.999606254813491
8621,"Michael","Rodriguez",1986,18118,2,2,0,2,0.953764941384782
8622,"Olivia","Miller",1992,18451,0,2,2,2,0.985296268614473
8623,"Michael","Johnson",1994,10937,2,2,2,2,0.999606254813491
8624,"John","Miller",1977,15566,2,2,2,2,0.999606254813491
8626,"Michael","Jones",1970,14140,0,2,2,2,0.985296268614473
8627,"James","Martinez",1987,13525,2,2,2,2,0.999606254813491
8628,"Michael","Johnson",2000,11341,2,2,2,2,0.999606254813491
8629,"David","Davis",1974,17768,2,0,2,2,0.9851868388166
8631,"Michael","Jones",1996,17595,2,2,2,2,0.999606254813491
8632,"Emily","Johnson",1981,15019,2,2,0,2,0.953764941384782
8633,"Emily","Rodriguez",1993,12102,0,2,2,2,0.985296268614473
8634,"Michael","Jones",1978,16639,2,2,2,2,0.999606254813491
8635,"David","Rodriguez",1995,10451,2,0,2,2,0.9851868388166
8636,"Emily","Williams",1985,17996,2,2,2,2,0.999606254813491
8637,"David","Garcia",1986,15332,2,2,0,2,0.953764941384782
8638,"John","Martinez",1974,13899,2,0,2,2,0.9851868388166
8639,"Emily","Williams",1981,14422,0,2,2,2,0.985296268614473
8640,"John","Martinez",1975,15435,0,2,2,2,0.985296268614473
8641,"Jane","Rodriguez",1978,19521,2,2,2,2,0.999606254813491
8642,"Sarah","Smith",1979,19301,0,2,2,2,0.985296268614473
8643,"Emily","Brown",2000,16608,2,2,2,2,0.999606254813491
8644,"David","Williams",1976,15074,0,2,2,2,0.985296268614473
8645,"Jane","Williams",1979,16007,2,2,2,2,0.999606254813491
8646,"James","Jones",2000,13673,2,0,2,2,0.9851868388166
8647,"Olivia","Davis",1983,18982,2,2,2,2,0.999606254813491
8648,"David","Garcia",1970,16174,2,2,2,2,0.999606254813491
8650,"Emily","Martinez",1992,16279,2,2,2,2,0.999606254813491
8652,"Olivia","Davis",1980,10631,2,2,2,2,0.999606254813491
8653,"William","Davis",1996,15345,2,2,2,2,0.999606254813491
8654,"John","Brown",1975,13186,2,2,2,2,0.999606254813491
8655,"Olivia","Jones",1970,15230,2,0,2,2,0.9851868388166
8656,"Jane","Williams",1971,16651,2,2,2,2,0.999606254813491
8657,"Jane","Garcia",1995,12509,2,0,2,2,0.9851868388166
8658,"Olivia","Garcia",1983,17267,2,2,2,2,0.999606254813491
8660,"Olivia","Jones",1977,15028,2,2,2,2,0.999606254813491
8661,"Sarah","Williams",1978,16941,2,0,2,2,0.9851868388166
8662,"Sarah","Smith",1999,11069,2,2,2,2,0.999606254813491
8663,"Emma","Martinez",1986,14015,0,2,2,2,0.985296268614473
8664,"John","Garcia",1987,19882,0,2,2,2,0.985296268614473
8665,"John","Miller",1972,10058,2,2,2,2,0.999606254813491
8666,"Michael","Smith",1994,16389,2,2,2,2,0.999606254813491
8667,"Jane","Johnson",1983,11919,2,2,2,2,0.999606254813491
8668,"John","Davis",1975,16026,2,0,2,2,0.9851868388166
8669,"Emily","Brown",1982,14528,2,0,2,2,0.9851868388166
8670,"David","Jones",2000,12762,2,2,0,2,0.953764941384782
8671,"John","Miller",1970,11559,0,2,2,2,0.985296268614473
8672,"William","Miller",1999,19728,2,2,2,2,0.999606254813491
8673,"Sarah","Garcia",1996,13119,2,0,2,2,0.9851868388166
8674,"David","Martinez",1975,15267,2,2,0,2,0.953764941384782
8675,"Sarah","Johnson",1977,11612,2,2,2,2,0.999606254813491
8676,"Emma","Rodriguez",1976,12094,2,0,2,2,0.9851868388166
8678,"John","Jones",1983,17204,2,2,0,2,0.953764941384782
8679,"Emily","Williams",2000,18507,2,2,2,2,0.999606254813491
8680,"Michael","Brown",1993,15471,0,2,2,2,0.985296268614473
8681,"Emily","Smith",1991,12915,2,2,2,2,0.999606254813491
8682,"Jane","Garcia",1987,15665,2,2,2,2,0.999606254813491
8684,"John","Rodriguez",1988,16495,2,2,2,2,0.999606254813491
8685,"Michael","Jones",1999,17871,0,2,2,2,0.985296268614473
8686,"Emily","Smith",1999,10534,0,2,2,2,0.985296268614473
8687,"William","Brown",1972,12938,2,2,2,2,0.999606254813491
8688,"David","Jones",1995,17306,2,2,2,2,0.999606254813491
8689,"John","Jones",1980,11838,2,2,0,2,0.953764941384782
8690,"Olivia","Johnson",1989,10952,2,2,2,2,0.999606254813491
8691,"William","Smith",1990,19676,2,2,0,2,0.953764941384782
8692,"Jane","Smith",1971,13802,2,2,2,2,0.999606254813491
8693,"James","Johnson",1981,11860,0,2,2,2,0.985296268614473
8694,"David","Smith",1972,19765,2,2,2,2,0.999606254813491
8696,"James","Jones",1970,17893,2,2,2,2,0.999606254813491
8697,"Emma","Martinez",1996,17688,0,2,2,2,0.985296268614473
8698,"Sarah","Brown",1993,16573,2,2,2,2,0.999606254813491
8699,"Sarah","Johnson",1980,15817,0,2,2,2,0.985296268614473
8700,"William","Miller",1986,14661,2,0,2,2,0.9851868388166
8701,"Jane","Brown",1993,19085,2,2,2,2,0.999606254813491
8702,"David","Johnson",1973,10084,2,2,2,2,0.999606254813491
8703,"Michael","Rodriguez",1993,19111,2,2,2,2,0.999606254813491
8705,"James","Martinez",1995,12116,2,2,2,2,0.999606254813491
8708,"John","Garcia",1981,12783,0,2,2,2,0.985296268614473
8709,"Olivia","Miller",1970,18951,2,2,2,2,0.999606254813491
8711,"John","Miller",1988,14971,0,2,2,2,0.985296268614473
8712,"Sarah","Williams",1986,17508,2,2,0,2,0.953764941384782
8713,"Jane","Smith",1993,17686,0,2,2,2,0.985296268614473
8714,"Sarah","Rodriguez",1974,17158,2,2,2,2,0.999606254813491
8715,"John","Garcia",1971,11632,2,2,2,2,0.999606254813491
8716,"David","Rodriguez",1998,12547,2,2,2,2,0.999606254813491
8718,"Michael","Davis",1995,10782,2,2,2,2,0.999606254813491
8719,"David","Miller",1973,16258,2,2,2,2,0.999606254813491
8720,"Jane","Garcia",1988,15516,2,2,2,2,0.999606254813491
8721,"Michael","Williams",1984,13082,2,2,2,2,0.999606254813491
8722,"Emma","Jones",1991,14116,2,2,2,2,0.999606254813491
8723,"David","Johnson",1976,14089,2,2,0,2,0.953764941384782
8724,"David","Davis",1970,11191,2,2,2,2,0.999606254813491
8725,"Michael","Martinez",1985,11759,0,2,2,2,0.985296268614473
8726,"Jane","Johnson",1998,14041,2,2,2,2,0.999606254813491
8727,"Emma","Garcia",1972,18881,2,2,0,2,0.953764941384782
8728,"James","Johnson",1982,10380,2,2,2,2,0.999606254813491
8729,"Emily","Davis",1974,17479,0,2,2,2,0.985296268614473
8730,"James","Brown",1975,12762,2,2,2,2,0.999606254813491
8731,"Emma","Miller",1985,17019,2,2,0,2,0.953764941384782
8733,"Emily","Brown",1983,14641,0,2,2,2,0.985296268614473
8734,"Michael","Jones",1991,19718,0,2,2,2,0.985296268614473
8735,"Sarah","Williams",1992,10842,2,2,2,2,0.999606254813491
8736,"David","Williams",1991,10487,0,2,2,2,0.985296268614473
8737,"Emma","Smith",1989,12379,2,2,2,2,0.999606254813491
8739,"Michael","Johnson",1981,16412,2,0,2,2,0.9851868388166
8740,"Emma","Rodriguez",1992,17616,2,2,0,2,0.953764941384782
8741,"Sarah","Jones",1986,14847,2,2,2,2,0.999606254813491
8742,"Sarah","Martinez",1998,15105,2,2,2,2,0.999606254813491
8743,"Michael","Jones",1985,12860,2,2,2,2,0.999606254813491
8744,"Emily","Brown",2000,18654,0,2,2,2,0.985296268614473
8745,"Emma","Williams",2000,19796,2,2,0,2,0.953764941384782
8746,"Jane","Brown",1972,17381,2,2,2,2,0.999606254813491
8747,"Olivia","Williams",1998,15296,2,0,2,2,0.9851868388166
8748,"Michael","Johnson",1990,11158,2,2,2,2,0.999606254813491
8749,"Sarah","Brown",1981,13337,2,2,2,2,0.999606254813491
8750,"John","Miller",1981,12337,2,2,2,2,0.999606254813491
8751,"Emily","Miller",1983,11588,2,2,2,2,0.999606254813491
8752,"William","Garcia",1981,14490,2,0,2,2,0.9851868388166
8753,"David","Miller",1980,12438,0,2,2,2,0.985296268614473
8754,"David","Martinez",1994,11759,2,2,2,2,0.999606254813491
8756,"Michael","Miller",1996,11807,2,0,2,2,0.9851868388166
8757,"Sarah","Jones",1970,17605,0,2,2,2,0.985296268614473
8758,"Olivia","Martinez",1994,11204,2,0,2,2,0.9851868388166
8759,"James","Rodriguez",1994,15987,2,2,2,2,0.999606254813491
8760,"Emma","Jones",1972,13947,0,2,2,2,0.985296268614473
8761,"David","Smith",1994,13023,2,2,2,2,0.999606254813491
8762,"Sarah","Brown",1997,16542,2,2,2,2,0.999606254813491
8764,"William","Rodriguez",1980,16872,0,2,2,2,0.985296268614473
8765,"David","Davis",1982,15339,2,2,2,2,0.999606254813491
8767,"Sarah","Smith",2000,13319,2,2,2,2,0.999606254813491
8768,"Olivia","Martinez",1985,18666,2,2,2,2,0.999606254813491
8769,"Michael","Rodriguez",1980,13227,2,0,2,2,0.9851868388166
8770,"David","Rodriguez",1985,15471,2,2,0,2,0.953764941384782
8771,"Emily","Martinez",1990,14291,2,2,0,2,0.953764941384782
8772,"Sarah","Martinez",1970,13880,2,2,2,2,0.999606254813491
8773,"Olivia","Davis",1989,17759,2,2,2,2,0.999606254813491
8774,"Olivia","Jones",1993,18189,2,2,2,2,0.999606254813491
8775,"Jane","Williams",1981,13619,2,0,2,2,0.9851868388166
8776,"Olivia","Johnson",1974,10093,2,2,2,2,0.999606254813491
8777,"Olivia","Davis",1978,17108,2,2,0,2,0.953764941384782
8778,"Michael","Garcia",1998,12569,2,0,2,2,0.9851868388166
8779,"Michael","Smith",1997,18631,2,2,2,2,0.999606254813491
8781,"Olivia","Smith",1975,13803,2,0,2,2,0.9851868388166
8783,"Jane","Martinez",1978,19779,2,2,2,2,0.999606254813491
8784,"Emily","Johnson",1976,16886,2,2,2,2,0.999606254813491
8786,"John","Martinez",1997,17023,2,2,2,2,0.999606254813491
8789,"Emma","Garcia",1991,16654,0,2,2,2,0.985296268614473
8790,"Olivia","Rodriguez",1976,16653,2,2,2,2,0.999606254813491
8791,"Sarah","Miller",1971,10456,2,2,2,2,0.999606254813491
8792,"Jane","Jones",1983,13157,2,2,0,2,0.953764941384782
8793,"Sarah","Jones",1985,12973,2,2,0,2,0.953764941384782
8794,"James","Miller",1989,13697,2,2,2,2,0.999606254813491
8795,"Michael","Jones",1970,18309,2,2,2,2,0.999606254813491
8796,"James","Martinez",1999,15435,2,0,2,2,0.9851868388166
8797,"Michael","Smith",1973,18909,2,2,2,2,0.999606254813491
8800,"William","Miller",1986,12194,2,0,2,2,0.9851868388166
8801,"Jane","Martinez",1992,10356,0,2,2,2,0.985296268614473
8802,"Emma","Johnson",1991,14541,2,2,0,2,0.953764941384782
8803,"John","Brown",1970,14977,2,2,0,2,0.953764941384782
8804,"John","Williams",1970,18889,0,2,2,2,0.985296268614473
9847,"James","Williams",1970,18889,0,2,2,2,0.985296268614473
8805,"Emma","Rodriguez",1994,11548,2,0,2,2,0.9851868388166
8806,"Emily","Williams",1984,13649,2,2,2,2,0.999606254813491
8807,"James","Garcia",1995,15277,2,2,2,2,0.999606254813491
8808,"Sarah","Smith",1990,17786,2,2,2,2,0.999606254813491
8809,"John","Jones",2000,15473,2,2,0,2,0.953764941384782
8810,"Olivia","Rodriguez",1984,12196,2,0,2,2,0.9851868388166
8811,"William","Davis",1999,11242,2,2,2,2,0.999606254813491
8812,"Emma","Smith",1997,18528,2,0,2,2,0.9851868388166
8813,"Jane","Jones",1996,14663,0,2,2,2,0.985296268614473
8814,"Emma","Johnson",1996,14317,2,2,2,2,0.999606254813491
8815,"Sarah","Johnson",1988,12566,2,2,0,2,0.953764941384782
8818,"John","Williams",1974,14960,2,2,0,2,0.953764941384782
8819,"Olivia","Brown",1990,18096,2,2,2,2,0.999606254813491
8820,"Sarah","Jones",1994,14201,2,2,2,2,0.999606254813491
8821,"Olivia","Smith",1991,10912,2,2,2,2,0.999606254813491
8822,"John","Williams",1986,19662,2,2,2,2,0.999606254813491
8823,"Sarah","Miller",1983,17840,0,2,2,2,0.985296268614473
8824,"Emma","Brown",1971,10094,2,0,2,2,0.9851868388166
8825,"Jane","Rodriguez",1972,15349,2,2,0,2,0.953764941384782
8827,"Emily","Johnson",1990,13968,2,2,2,2,0.999606254813491
8828,"Emma","Garcia",1980,15638,0,2,2,2,0.985296268614473
8829,"Sarah","Martinez",1975,14292,2,2,2,2,0.999606254813491
8830,"Michael","Rodriguez",1983,14076,2,2,2,2,0.999606254813491
8834,"John","Johnson",1994,19076,2,2,2,2,0.999606254813491
8835,"Emily","Williams",1975,18935,2,2,2,2,0.999606254813491
8836,"Jane","Johnson",1994,15214,0,2,2,2,0.985296268614473
8837,"Sarah","Brown",1994,14870,0,2,2,2,0.985296268614473
8838,"James","Brown",1990,16688,2,2,2,2,0.999606254813491
8839,"Sarah","Williams",1987,13202,2,2,2,2,0.999606254813491
8841,"James","Williams",1990,11215,2,2,2,2,0.999606254813491
8842,"Michael","Johnson",1985,19711,2,0,2,2,0.9851868388166
8843,"Emma","Williams",1973,15373,2,0,2,2,0.9851868388166
8844,"Sarah","Garcia",1984,13208,2,2,2,2,0.999606254813491
8845,"Jane","Williams",1982,11796,0,2,2,2,0.985296268614473
8846,"David","Johnson",1999,16532,2,2,2,2,0.999606254813491
8847,"John","Miller",1971,16634,2,2,0,2,0.953764941384782
8848,"Olivia","Jones",1976,14282,2,2,2,2,0.999606254813491
8849,"John","Miller",1976,19024,2,2,2,2,0.999606254813491
8850,"Olivia","Jones",1986,14248,2,2,0,2,0.953764941384782
8851,"Olivia","Rodriguez",1976,15048,2,2,0,2,0.953764941384782
8852,"Sarah","Jones",1980,14174,2,0,2,2,0.9851868388166
8853,"William","Garcia",1983,19582,2,2,2,2,0.999606254813491
8855,"John","Garcia",1978,16337,0,2,2,2,0.985296268614473
8856,"James","Brown",1980,11355,2,2,2,2,0.999606254813491
8857,"Sarah","Miller",1993,15947,0,2,2,2,0.985296268614473
8859,"Sarah","Miller",2000,17102,2,0,2,2,0.9851868388166
8860,"Sarah","Davis",1979,19720,2,2,2,2,0.999606254813491
8861,"Emma","Brown",1994,10758,2,2,2,2,0.999606254813491
8862,"Olivia","Smith",1995,14966,2,0,2,2,0.9851868388166
8863,"Michael","Miller",1992,14768,2,2,2,2,0.999606254813491
8864,"Sarah","Davis",1987,19658,2,0,2,2,0.9851868388166
8865,"David","Garcia",1992,13732,2,2,0,2,0.953764941384782
8866,"Michael","Smith",1973,16710,2,2,2,2,0.999606254813491
8867,"Emily","Miller",1988,19235,2,0,2,2,0.9851868388166
8868,"James","Johnson",1986,19625,2,0,2,2,0.9851868388166
8869,"Emily","Johnson",1974,17822,2,2,0,2,0.953764941384782
8870,"Michael","Garcia",1976,16844,2,0,2,2,0.9851868388166
8871,"Emily","Garcia",1982,17370,2,2,0,2,0.953764941384782
8872,"Emily","Martinez",1974,11904,0,2,2,2,0.985296268614473
8873,"Michael","Davis",1974,10312,0,2,2,2,0.985296268614473
8874,"Sarah","Jones",1989,11324,2,2,0,2,0.953764941384782
8875,"Emma","Davis",1998,13253,0,2,2,2,0.985296268614473
8876,"William","Miller",1995,11792,2,2,2,2,0.999606254813491
8877,"Olivia","Williams",1985,11412,2,2,2,2,0.999606254813491
8879,"William","Davis",1980,14579,2,2,2,2,0.999606254813491
8880,"Olivia","Miller",1971,13458,2,2,2,2,0.999606254813491
8881,"Jane","Rodriguez",1983,15520,2,0,2,2,0.9851868388166
8883,"Jane","Miller",1986,14590,2,2,2,2,0.999606254813491
8884,"William","Martinez",1979,16696,2,2,2,2,0.999606254813491
8885,"Sarah","Johnson",1973,18486,2,2,2,2,0.999606254813491
8886,"Olivia","Brown",1992,18484,2,2,2,2,0.999606254813491
8887,"Emily","Rodriguez",1994,19616,0,2,2,2,0.985296268614473
8888,"Sarah","Garcia",1973,11677,2,2,2,2,0.999606254813491
8889,"Michael","Johnson",1973,12016,2,2,2,2,0.999606254813491
8890,"Olivia","Davis",1973,10905,2,2,2,2,0.999606254813491
8891,"James","Garcia",1992,12461,2,2,2,2,0.999606254813491
8892,"Emma","Brown",1975,19327,2,2,2,2,0.999606254813491
8893,"Emma","Williams",1972,14664,2,2,2,2,0.999606254813491
8894,"Emily","Williams",1999,18055,0,2,2,2,0.985296268614473
8895,"Michael","Miller",1997,15690,2,2,2,2,0.999606254813491
8896,"John","Miller",1995,11381,2,2,2,2,0.999606254813491
8898,"William","Jones",1999,10396,2,2,2,2,0.999606254813491
8899,"James","Miller",1988,18303,2,2,2,2,0.999606254813491
8901,"John","Jones",1973,13197,2,2,2,2,0.999606254813491
8902,"Michael","Johnson",1991,18434,2,2,2,2,0.999606254813491
8903,"David","Miller",1971,19089,2,2,2,2,0.999606254813491
8904,"William","Johnson",1990,19341,2,2,2,2,0.999606254813491
8905,"Emma","Miller",1972,10794,0,2,2,2,0.985296268614473
8906,"William","Smith",1984,18067,2,2,0,2,0.953764941384782
8907,"Sarah","Jones",1978,11854,0,2,2,2,0.985296268614473
8909,"James","Miller",1985,17430,2,2,2,2,0.999606254813491
8910,"Emily","Miller",1970,15499,2,2,2,2,0.999606254813491
8911,"William","Brown",1987,12252,2,2,2,2,0.999606254813491
8912,"Emma","Williams",1990,19118,2,2,2,2,0.999606254813491
8913,"Emily","Garcia",1979,14350,2,0,2,2,0.9851868388166
8914,"David","Johnson",1972,18839,2,2,0,2,0.953764941384782
8916,"Sarah","Martinez",1989,14090,2,2,2,2,0.999606254813491
8917,"William","Miller",1989,17267,2,2,2,2,0.999606254813491
8918,"James","Smith",1991,10900,2,2,2,2,0.999606254813491
8919,"William","Johnson",1980,18373,2,0,2,2,0.9851868388166
8921,"Emma","Rodriguez",1977,12427,2,2,2,2,0.999606254813491
8922,"Emily","Jones",1985,13964,2,2,0,2,0.953764941384782
8923,"Jane","Johnson",1988,15862,0,2,2,2,0.985296268614473
8924,"Olivia","Smith",1988,12362,2,0,2,2,0.9851868388166
8926,"John","Jones",1996,11160,2,2,2,2,0.999606254813491
8927,"William","Rodriguez",1982,18160,2,0,2,2,0.9851868388166
8928,"Michael","Jones",1975,14135,2,0,2,2,0.9851868388166
8931,"John","Davis",1991,12145,2,2,2,2,0.999606254813491
8932,"Sarah","Miller",1996,19593,2,2,2,2,0.999606254813491
8933,"James","Garcia",1991,19346,2,0,2,2,0.9851868388166
8934,"David","Miller",1983,11869,2,2,2,2,0.999606254813491
8935,"James","Martinez",1988,17657,2,2,2,2,0.999606254813491
8936,"William","Garcia",1988,19345,0,2,2,2,0.985296268614473
8937,"Sarah","Garcia",1992,12539,2,2,2,2,0.999606254813491
8938,"David","Miller",2000,10134,2,0,2,2,0.9851868388166
8939,"Emma","Rodriguez",1992,19194,2,2,2,2,0.999606254813491
8940,"Jane","Smith",1982,18662,2,2,2,2,0.999606254813491
8941,"Jane","Brown",2000,12653,2,2,2,2,0.999606254813491
8942,"David","Davis",1991,18310,0,2,2,2,0.985296268614473
8944,"William","Rodriguez",1975,16648,2,2,2,2,0.999606254813491
8945,"James","Davis",1983,10400,2,2,2,2,0.999606254813491
8946,"Jane","Rodriguez",1995,16694,2,2,2,2,0.999606254813491
8947,"Michael","Garcia",1999,17017,2,2,2,2,0.999606254813491
8948,"William","Davis",1996,12219,2,2,2,2,0.999606254813491
8949,"Jane","Jones",1989,18537,2,2,2,2,0.999606254813491
8950,"Emma","Williams",1986,14855,0,2,2,2,0.985296268614473
8951,"Emma","Davis",1983,16439,2,0,2,2,0.9851868388166
8952,"Jane","Smith",1978,12599,2,0,2,2,0.9851868388166
8953,"Olivia","Williams",1990,12747,2,0,2,2,0.9851868388166
8954,"Emma","Davis",1991,12349,0,2,2,2,0.985296268614473
8955,"David","Davis",1992,14275,2,2,2,2,0.999606254813491
8956,"David","Brown",1984,18964,2,2,2,2,0.999606254813491
8957,"Sarah","Johnson",1972,18641,0,2,2,2,0.985296268614473
8958,"William","Johnson",1994,19557,2,2,2,2,0.999606254813491
8959,"Jane","Jones",1995,11997,2,2,0,2,0.953764941384782
8961,"Michael","Williams",1991,12820,2,0,2,2,0.9851868388166
8962,"David","Davis",1973,18764,2,2,2,2,0.999606254813491
8963,"Sarah","Williams",1981,14281,2,2,2,2,0.999606254813491
8964,"Sarah","Davis",1993,19884,2,2,2,2,0.999606254813491
8965,"James","Garcia",1997,13926,2,2,2,2,0.999606254813491
8966,"John","Garcia",2000,12659,2,0,2,2,0.9851868388166
8967,"David","Johnson",1971,15474,2,2,2,2,0.999606254813491
8968,"Sarah","Brown",1999,15468,2,2,2,2,0.999606254813491
8969,"Sarah","Johnson",1976,15483,2,2,2,2,0.999606254813491
8971,"Emma","Davis",1983,15515,2,2,0,2,0.953764941384782
8972,"Jane","Davis",1983,11956,2,2,2,2,0.999606254813491
8973,"Emily","Rodriguez",2000,17673,2,0,2,2,0.9851868388166
8975,"Michael","Smith",1995,14184,2,2,2,2,0.999606254813491
8976,"Olivia","Smith",1978,13702,2,2,2,2,0.999606254813491
8977,"Olivia","Garcia",1995,12554,2,0,2,2,0.9851868388166
8978,"Emily","Davis",1997,15139,2,0,2,2,0.9851868388166
8979,"David","Smith",1976,14047,2,2,2,2,0.999606254813491
8980,"Olivia","Williams",1972,18330,2,2,2,2,0.999606254813491
8981,"Michael","Davis",1999,13011,2,2,2,2,0.999606254813491
8982,"James","Smith",1976,17617,2,2,0,2,0.953764941384782
8983,"Michael","Johnson",1986,18395,2,2,2,2,0.999606254813491
8984,"John","Rodriguez",1997,14493,2,2,2,2,0.999606254813491
8987,"James","Martinez",1985,19753,2,2,2,2,0.999606254813491
8988,"James","Brown",1995,17858,2,2,2,2,0.999606254813491
8989,"Jane","Johnson",1998,11647,2,2,2,2,0.999606254813491
8991,"Emma","Garcia",1977,12423,0,2,2,2,0.985296268614473
8992,"Michael","Jones",1978,11488,0,2,2,2,0.985296268614473
8993,"Sarah","Martinez",1978,19197,2,2,0,2,0.953764941384782
8994,"Emma","Williams",1995,16825,2,2,2,2,0.999606254813491
8996,"Michael","Garcia",1974,11952,0,2,2,2,0.985296268614473
8998,"David","Martinez",1979,11918,2,2,2,2,0.999606254813491
8999,"David","Miller",1971,16399,2,2,2,2,0.999606254813491
9001,"John","Johnson",1977,13705,0,2,2,2,0.985296268614473
9002,"Emma","Martinez",1979,16777,0,2,2,2,0.985296268614473
9003,"Olivia","Williams",1977,12410,2,2,2,2,0.999606254813491
9004,"Emily","Jones",1987,19774,2,2,2,2,0.999606254813491
9005,"Emily","Rodriguez",1973,11043,2,2,2,2,0.999606254813491
9006,"Sarah","Miller",1994,17314,2,2,0,2,0.953764941384782
9007,"Michael","Jones",1979,15592,0,2,2,2,0.985296268614473
9008,"James","Johnson",1996,12734,2,2,0,2,0.953764941384782
9010,"Emily","Williams",1970,14535,2,2,2,2,0.999606254813491
9012,"Olivia","Garcia",1976,18023,2,2,2,2,0.999606254813491
9013,"Emily","Jones",1987,11639,2,2,0,2,0.953764941384782
9014,"Emma","Johnson",1994,17889,2,2,2,2,0.999606254813491
9015,"William","Johnson",1985,17796,2,2,2,2,0.999606254813491
9016,"James","Rodriguez",1975,12959,2,2,0,2,0.953764941384782
9017,"Emily","Rodriguez",1979,12523,2,2,0,2,0.953764941384782
9021,"Emily","Smith",1988,11702,2,2,2,2,0.999606254813491
9023,"Sarah","Smith",1983,17889,2,2,2,2,0.999606254813491
9024,"Emma","Martinez",1992,18092,0,2,2,2,0.985296268614473
9025,"James","Brown",1990,10333,2,2,0,2,0.953764941384782
9026,"John","Miller",1997,18228,2,2,2,2,0.999606254813491
9027,"Michael","Rodriguez",1976,13269,2,2,2,2,0.999606254813491
9028,"Emily","Garcia",1996,13025,0,2,2,2,0.985296268614473
9030,"Michael","Jones",1998,18010,2,0,2,2,0.9851868388166
9031,"Michael","Davis",1989,14706,2,2,2,2,0.999606254813491
9032,"Michael","Williams",1980,16090,2,2,2,2,0.999606254813491
9033,"James","Garcia",1985,14877,0,2,2,2,0.985296268614473
9034,"Jane","Martinez",1974,17357,2,0,2,2,0.9851868388166
9036,"Emily","Rodriguez",2000,17475,2,0,2,2,0.9851868388166
9037,"James","Jones",1997,13067,2,2,0,2,0.953764941384782
9038,"Emma","Brown",1998,19290,2,2,2,2,0.999606254813491
9039,"Emma","Williams",1980,11469,0,2,2,2,0.985296268614473
9040,"Michael","Smith",1987,16192,2,2,2,2,0.999606254813491
9042,"Olivia","Miller",1973,12385,0,2,2,2,0.985296268614473
9043,"James","Johnson",1997,18367,0,2,2,2,0.985296268614473
9044,"Emma","Williams",1975,10153,2,0,2,2,0.9851868388166
9047,"Jane","Williams",1972,14642,2,2,0,2,0.953764941384782
9048,"James","Garcia",1994,13728,0,2,2,2,0.985296268614473
9049,"John","Martinez",1979,18283,2,2,2,2,0.999606254813491
9052,"Olivia","Johnson",1991,18116,2,2,2,2,0.999606254813491
9053,"David","Jones",1996,13675,2,2,2,2,0.999606254813491
9054,"Emma","Martinez",1985,16744,2,2,2,2,0.999606254813491
9055,"William","Johnson",1970,10635,2,2,2,2,0.999606254813491
9056,"William","Martinez",1973,19580,2,2,2,2,0.999606254813491
9057,"John","Brown",1980,13747,2,2,2,2,0.999606254813491
9058,"Olivia","Johnson",1992,11200,0,2,2,2,0.985296268614473
9059,"James","Johnson",1995,16196,2,2,2,2,0.999606254813491
9060,"John","Johnson",1976,11703,2,2,0,2,0.953764941384782
9061,"Emma","Miller",1974,11446,2,0,2,2,0.9851868388166
9062,"James","Rodriguez",1978,12751,2,0,2,2,0.9851868388166
9063,"Emma","Jones",1976,16330,2,2,2,2,0.999606254813491
9064,"Jane","Jones",1990,14440,2,2,2,2,0.999606254813491
9065,"James","Smith",1985,17419,2,0,2,2,0.9851868388166
9067,"Jane","Martinez",1983,19107,2,2,2,2,0.999606254813491
9068,"Jane","Davis",1976,11206,2,0,2,2,0.9851868388166
9069,"Emma","Johnson",1971,11313,2,2,2,2,0.999606254813491
9070,"William","Martinez",1993,17058,2,2,2,2,0.999606254813491
9071,"Jane","Williams",1970,18431,2,2,2,2,0.999606254813491
9073,"Sarah","Rodriguez",1976,17147,2,2,0,2,0.953764941384782
9074,"Jane","Johnson",1970,18408,2,2,2,2,0.999606254813491
9075,"Olivia","Martinez",1984,17119,2,2,0,2,0.953764941384782
9076,"David","Brown",1980,10037,2,2,2,2,0.999606254813491
9077,"Olivia","Williams",1977,11124,0,2,2,2,0.985296268614473
9079,"Jane","Smith",1981,12972,2,2,2,2,0.999606254813491
9080,"Emily","Johnson",1998,12160,2,2,2,2,0.999606254813491
9081,"William","Davis",1983,13105,0,2,2,2,0.985296268614473
9082,"Jane","Johnson",1999,14267,2,2,2,2,0.999606254813491
9083,"James","Garcia",1971,19360,2,0,2,2,0.9851868388166
9084,"Jane","Brown",1998,13130,2,2,0,2,0.953764941384782
9085,"Olivia","Rodriguez",1974,10869,2,2,2,2,0.999606254813491
9086,"James","Miller",1981,19447,2,2,2,2,0.999606254813491
9087,"Sarah","Smith",1981,13673,2,0,2,2,0.9851868388166
9088,"James","Jones",1971,11583,2,2,2,2,0.999606254813491
9089,"Sarah","Jones",1976,11455,2,2,0,2,0.953764941384782
9090,"Olivia","Smith",1994,10498,2,2,2,2,0.999606254813491
9091,"John","Brown",1986,10512,2,2,2,2,0.999606254813491
9092,"Emma","Jones",1984,18151,2,2,2,2,0.999606254813491
9093,"Sarah","Jones",1991,16844,2,2,2,2,0.999606254813491
9094,"Jane","Johnson",2000,19508,2,2,2,2,0.999606254813491
9095,"Michael","Davis",1972,16642,2,2,2,2,0.999606254813491
9096,"Sarah","Brown",1973,18368,2,2,2,2,0.999606254813491
9097,"James","Davis",1998,16698,2,2,2,2,0.999606254813491
9098,"Jane","Williams",1972,11885,2,2,0,2,0.953764941384782
9099,"Jane","Jones",1991,12461,2,2,2,2,0.999606254813491
9100,"Emma","Martinez",1975,11064,2,0,2,2,0.9851868388166
9101,"Michael","Davis",1988,16700,2,0,2,2,0.9851868388166
9102,"Emily","Jones",1997,15679,0,2,2,2,0.985296268614473
9103,"Jane","Miller",1971,11032,2,0,2,2,0.9851868388166
9104,"Olivia","Miller",1991,16133,2,2,2,2,0.999606254813491
9105,"Emma","Miller",1979,12338,2,2,2,2,0.999606254813491
9107,"Sarah","Garcia",1980,12695,0,2,2,2,0.985296268614473
9108,"Emily","Miller",1984,12403,0,2,2,2,0.985296268614473
9109,"Emma","Martinez",1978,14524,0,2,2,2,0.985296268614473
9110,"Jane","Williams",1987,17787,2,2,2,2,0.999606254813491
9111,"David","Miller",1981,10124,2,2,2,2,0.999606254813491
9112,"Jane","Martinez",1993,19657,2,2,2,2,0.999606254813491
9113,"James","Williams",1972,18811,0,2,2,2,0.985296268614473
9114,"Sarah","Brown",1992,15045,2,2,2,2,0.999606254813491
9115,"Emma","Brown",1990,12924,2,2,2,2,0.999606254813491
9116,"Jane","Garcia",1992,16295,2,2,2,2,0.999606254813491
9117,"Olivia","Rodriguez",1977,15937,2,2,2,2,0.999606254813491
9118,"William","Brown",1999,12143,2,2,2,2,0.999606254813491
9119,"Emily","Garcia",1994,14458,2,2,2,2,0.999606254813491
9120,"Emily","Brown",1989,15332,0,2,2,2,0.985296268614473
9121,"Emma","Miller",1993,16495,2,2,2,2,0.999606254813491
9122,"Emily","Williams",1998,19251,2,0,2,2,0.9851868388166
9123,"Sarah","Garcia",1975,16812,2,2,2,2,0.999606254813491
9124,"Emily","Williams",1986,12273,2,2,2,2,0.999606254813491
9125,"Jane","Smith",1994,15551,2,0,2,2,0.9851868388166
9126,"Sarah","Williams",1971,18584,2,2,2,2,0.999606254813491
9127,"Sarah","Rodriguez",1985,18776,2,2,2,2,0.999606254813491
9128,"James","Williams",1971,16402,0,2,2,2,0.985296268614473
9129,"William","Johnson",1998,13591,2,2,2,2,0.999606254813491
9130,"Sarah","Garcia",1987,13922,2,0,2,2,0.9851868388166
9131,"Michael","Jones",1995,12444,2,2,2,2,0.999606254813491
9132,"John","Johnson",1987,13609,2,2,0,2,0.953764941384782
9133,"Jane","Jones",1997,19054,2,2,0,2,0.953764941384782
9134,"Jane","Martinez",1995,12248,0,2,2,2,0.985296268614473
9135,"Jane","Johnson",1981,18428,2,0,2,2,0.9851868388166
9137,"Olivia","Miller",1989,11687,0,2,2,2,0.985296268614473
9138,"Sarah","Martinez",1981,19383,2,0,2,2,0.9851868388166
9139,"John","Williams",1997,11844,2,2,0,2,0.953764941384782
9140,"Jane","Williams",1995,12371,2,0,2,2,0.9851868388166
9141,"Sarah","Johnson",1986,13808,0,2,2,2,0.985296268614473
9142,"Olivia","Brown",1970,17468,0,2,2,2,0.985296268614473
9143,"Jane","Johnson",1975,17285,2,2,2,2,0.999606254813491
9144,"Jane","Martinez",1984,13437,2,0,2,2,0.9851868388166
9145,"Sarah","Williams",1971,12116,2,2,2,2,0.999606254813491
9146,"Jane","Williams",1977,15442,2,2,2,2,0.999606254813491
9147,"Sarah","Brown",1983,12906,2,2,2,2,0.999606254813491
9148,"John","Garcia",1986,11048,0,2,2,2,0.985296268614473
9149,"Michael","Miller",1974,17295,2,2,0,2,0.953764941384782
9151,"Jane","Johnson",1991,14789,2,2,2,2,0.999606254813491
9152,"Olivia","Miller",1984,14848,2,2,2,2,0.999606254813491
9153,"Michael","Williams",1984,14436,2,2,2,2,0.999606254813491
9154,"William","Rodriguez",1984,14769,2,0,2,2,0.9851868388166
9156,"James","Martinez",1998,15268,2,2,2,2,0.999606254813491
9157,"David","Garcia",1977,13693,2,2,2,2,0.999606254813491
9158,"Emma","Rodriguez",1980,14222,2,0,2,2,0.9851868388166
9159,"James","Johnson",1981,12340,2,2,2,2,0.999606254813491
9160,"Emma","Rodriguez",1971,12046,2,2,2,2,0.999606254813491
9161,"Michael","Garcia",1976,15794,2,0,2,2,0.9851868388166
9162,"Jane","Williams",1975,17326,2,0,2,2,0.9851868388166
9163,"Emma","Jones",1973,13289,0,2,2,2,0.985296268614473
9164,"Olivia","Miller",1981,13083,2,2,2,2,0.999606254813491
9165,"John","Jones",1994,13674,0,2,2,2,0.985296268614473
9166,"James","Rodriguez",1996,14970,2,0,2,2,0.9851868388166
9167,"Michael","Smith",1990,10241,2,2,2,2,0.999606254813491
9168,"Sarah","Brown",1998,11745,0,2,2,2,0.985296268614473
9169,"Jane","Miller",1975,10731,0,2,2,2,0.985296268614473
9170,"James","Jones",1994,10317,2,0,2,2,0.9851868388166
9171,"Emma","Davis",1972,16050,0,2,2,2,0.985296268614473
9172,"Sarah","Martinez",1973,13064,2,2,2,2,0.999606254813491
9173,"Emily","Brown",1976,10505,0,2,2,2,0.985296268614473
9174,"William","Smith",1984,11603,2,0,2,2,0.9851868388166
9175,"Sarah","Smith",1990,15797,2,2,0,2,0.953764941384782
9177,"David","Rodriguez",1985,15670,2,2,2,2,0.999606254813491
9178,"William","Rodriguez",1998,16612,2,2,2,2,0.999606254813491
9179,"Emma","Davis",1974,16410,2,2,2,2,0.999606254813491
9180,"James","Davis",1986,15024,2,0,2,2,0.9851868388166
9181,"John","Brown",1976,15503,2,2,2,2,0.999606254813491
9182,"James","Brown",1975,14229,2,2,2,2,0.999606254813491
9184,"Emily","Miller",1975,16228,2,2,2,2,0.999606254813491
9185,"James","Williams",1997,10375,2,2,2,2,0.999606254813491
9186,"Michael","Smith",1986,19198,2,2,2,2,0.999606254813491
9187,"John","Martinez",1974,14751,2,2,2,2,0.999606254813491
9188,"Olivia","Williams",1995,17407,2,2,2,2,0.999606254813491
9189,"James","Brown",1974,15130,2,2,0,2,0.953764941384782
9190,"Emily","Johnson",1996,11862,2,2,2,2,0.999606254813491
9191,"Olivia","Williams",1994,16456,2,2,2,2,0.999606254813491
9192,"William","Rodriguez",1991,17275,0,2,2,2,0.985296268614473
9193,"David","Jones",1975,16207,2,2,2,2,0.999606254813491
9194,"Olivia","Miller",1971,10585,2,2,2,2,0.999606254813491
9195,"David","Martinez",2000,19356,2,2,2,2,0.999606254813491
9196,"Michael","Jones",1991,16521,2,2,0,2,0.953764941384782
9197,"John","Smith",1975,17588,2,2,2,2,0.999606254813491
9198,"Olivia","Garcia",1976,16824,2,2,2,2,0.999606254813491
9199,"Emma","Garcia",1970,17969,2,0,2,2,0.9851868388166
9200,"John","Martinez",1996,10772,2,0,2,2,0.9851868388166
9201,"James","Jones",1990,13128,2,2,2,2,0.999606254813491
9202,"Sarah","Brown",1993,12066,2,2,2,2,0.999606254813491
9203,"James","Brown",1991,11694,2,2,0,2,0.953764941384782
9204,"Jane","Martinez",1987,13414,2,2,2,2,0.999606254813491
9205,"Emma","Davis",1995,12536,2,0,2,2,0.9851868388166
9206,"Emma","Martinez",1987,11067,2,2,0,2,0.953764941384782
9207,"David","Williams",1989,16338,0,2,2,2,0.985296268614473
9208,"Sarah","Williams",1993,17562,0,2,2,2,0.985296268614473
9210,"Sarah","Johnson",1992,16746,2,2,2,2,0.999606254813491
9212,"David","Martinez",1992,12238,2,0,2,2,0.9851868388166
9213,"William","Jones",1993,15186,2,2,0,2,0.953764941384782
9214,"William","Johnson",1976,13289,2,2,2,2,0.999606254813491
9215,"John","Miller",1993,19337,0,2,2,2,0.985296268614473
9216,"David","Williams",1991,14065,2,2,2,2,0.999606254813491
9217,"James","Jones",1977,18796,2,2,2,2,0.999606254813491
9218,"James","Miller",1991,10678,2,2,2,2,0.999606254813491
9220,"David","Miller",1992,19263,2,2,2,2,0.999606254813491
9221,"Emma","Rodriguez",1995,11016,2,2,2,2,0.999606254813491
9222,"Emma","Martinez",1987,18778,2,2,2,2,0.999606254813491
9223,"John","Williams",1991,12064,0,2,2,2,0.985296268614473
9224,"David","Jones",1982,11474,2,2,2,2,0.999606254813491
9225,"Sarah","Williams",1984,16250,2,2,0,2,0.953764941384782
9226,"Olivia","Garcia",1993,19912,0,2,2,2,0.985296268614473
9227,"Michael","Martinez",1981,13295,2,2,2,2,0.999606254813491
9228,"Emma","Miller",1973,13072,2,2,2,2,0.999606254813491
9229,"Olivia","Miller",1997,16453,2,0,2,2,0.9851868388166
9230,"David","Williams",1971,13583,2,2,2,2,0.999606254813491
9231,"John","Davis",1991,19747,2,2,2,2,0.999606254813491
9232,"Sarah","Williams",1981,11366,2,2,0,2,0.953764941384782
9233,"James","Rodriguez",1997,11268,2,2,2,2,0.999606254813491
9234,"Olivia","Johnson",1988,19729,2,0,2,2,0.9851868388166
9235,"John","Williams",1991,18961,2,0,2,2,0.9851868388166
9236,"Emma","Miller",1978,12686,2,2,2,2,0.999606254813491
9238,"James","Brown",1994,19086,2,2,2,2,0.999606254813491
9240,"Jane","Miller",1981,11043,2,2,2,2,0.999606254813491
9241,"Emma","Garcia",1987,12816,2,2,0,2,0.953764941384782
9242,"David","Davis",1976,16827,2,2,2,2,0.999606254813491
9243,"James","Brown",1991,10871,2,2,2,2,0.999606254813491
9244,"William","Brown",1999,15781,2,2,2,2,0.999606254813491
9245,"Emily","Davis",1997,13316,0,2,2,2,0.985296268614473
9246,"William","Brown",1971,14021,2,2,2,2,0.999606254813491
9247,"David","Martinez",1995,11106,2,0,2,2,0.9851868388166
9249,"Sarah","Miller",1972,12725,2,2,2,2,0.999606254813491
9251,"Emma","Garcia",1976,15709,2,0,2,2,0.9851868388166
9253,"Emily","Miller",1994,19288,0,2,2,2,0.985296268614473
9254,"David","Rodriguez",1984,17164,2,2,2,2,0.999606254813491
9256,"Jane","Rodriguez",1987,17739,2,0,2,2,0.9851868388166
9257,"Emily","Johnson",1993,11205,2,2,2,2,0.999606254813491
9258,"Jane","Johnson",1971,15180,0,2,2,2,0.985296268614473
9259,"Michael","Davis",1976,12352,2,2,2,2,0.999606254813491
9262,"William","Johnson",1995,18957,2,2,2,2,0.999606254813491
9263,"Michael","Garcia",1989,15780,2,0,2,2,0.9851868388166
9265,"James","Miller",1976,15340,2,2,2,2,0.999606254813491
9266,"David","Williams",1985,19378,2,2,2,2,0.999606254813491
9267,"Michael","Jones",1981,14526,2,2,0,2,0.953764941384782
9268,"Olivia","Martinez",1995,18364,2,2,2,2,0.999606254813491
9269,"Sarah","Brown",1991,17356,2,0,2,2,0.9851868388166
9270,"James","Jones",1985,14716,2,2,2,2,0.999606254813491
9271,"James","Davis",1970,18296,2,2,0,2,0.953764941384782
9272,"Emma","Davis",1999,15031,2,2,2,2,0.999606254813491
9273,"Michael","Rodriguez",1980,13837,0,2,2,2,0.985296268614473
9275,"Sarah","Johnson",1973,19597,2,0,2,2,0.9851868388166
9276,"Emma","Jones",1980,11910,2,2,0,2,0.953764941384782
9277,"Sarah","Martinez",1988,14406,0,2,2,2,0.985296268614473
9279,"Emma","Davis",1992,15079,2,2,0,2,0.953764941384782
9280,"Emily","Rodriguez",1985,15750,0,2,2,2,0.985296268614473
9281,"Emily","Williams",1987,13957,2,0,2,2,0.9851868388166
9282,"John","Smith",1970,13101,2,2,2,2,0.999606254813491
9283,"Jane","Johnson",1986,18116,2,2,0,2,0.953764941384782
9284,"Sarah","Williams",1995,19333,0,2,2,2,0.985296268614473
9285,"Sarah","Rodriguez",1975,16354,2,2,2,2,0.999606254813491
9286,"Jane","Miller",1981,17316,0,2,2,2,0.985296268614473
9287,"Jane","Smith",1994,18671,2,2,2,2,0.999606254813491
9288,"David","Davis",1983,12483,2,2,2,2,0.999606254813491
9289,"Olivia","Jones",1990,19675,2,2,2,2,0.999606254813491
9291,"Emma","Davis",1986,15416,2,2,2,2,0.999606254813491
9292,"Emily","Garcia",1988,17047,2,0,2,2,0.9851868388166
9293,"Olivia","Brown",1993,16097,2,2,2,2,0.999606254813491
9294,"Olivia","Johnson",1993,12874,2,2,2,2,0.999606254813491
9295,"William","Smith",1977,19846,2,2,2,2,0.999606254813491
9296,"James","Brown",1970,19731,2,2,2,2,0.999606254813491
9298,"Jane","Garcia",1985,18078,2,2,2,2,0.999606254813491
9299,"Emily","Brown",1980,15732,2,0,2,2,0.9851868388166
9300,"James","Johnson",1993,10791,2,0,2,2,0.9851868388166
9301,"Jane","Brown",1997,18363,2,0,2,2,0.9851868388166
9303,"John","Brown",1973,12622,2,0,2,2,0.9851868388166
9304,"Emily","Williams",1978,13258,2,2,2,2,0.999606254813491
9305,"Jane","Miller",1992,10657,2,2,2,2,0.999606254813491
9306,"Emma","Garcia",1974,14724,2,2,2,2,0.999606254813491
9307,"Emily","Jones",1983,13192,2,2,2,2,0.999606254813491
9308,"Emily","Martinez",1996,13141,0,2,2,2,0.985296268614473
9310,"Emily","Martinez",1975,16986,0,2,2,2,0.985296268614473
9311,"John","Smith",1972,18994,0,2,2,2,0.985296268614473
9312,"Michael","Johnson",1995,19760,2,2,2,2,0.999606254813491
9313,"James","Brown",1994,15698,2,2,2,2,0.999606254813491
9314,"William","Martinez",1993,15896,0,2,2,2,0.985296268614473
9315,"William","Smith",1980,18182,0,2,2,2,0.985296268614473
9317,"Olivia","Rodriguez",1990,12565,2,2,2,2,0.999606254813491
9318,"David","Garcia",1978,19422,2,2,2,2,0.999606254813491
9319,"Jane","Rodriguez",1985,13368,2,2,2,2,0.999606254813491
9320,"Emily","Garcia",1982,14556,2,2,2,2,0.999606254813491
9321,"John","Jones",1995,18552,2,0,2,2,0.9851868388166
9322,"David","Garcia",1979,12981,2,2,2,2,0.999606254813491
9323,"John","Davis",1975,16037,2,2,2,2,0.999606254813491
9324,"Olivia","Davis",1986,11107,2,0,2,2,0.9851868388166
9325,"Sarah","Davis",1973,12023,2,2,2,2,0.999606254813491
9326,"Michael","Johnson",1977,12265,2,2,2,2,0.999606254813491
9327,"John","Garcia",1992,13730,0,2,2,2,0.985296268614473
9328,"Emma","Martinez",1990,12041,2,2,2,2,0.999606254813491
9329,"Emily","Smith",1990,15916,0,2,2,2,0.985296268614473
9330,"Michael","Jones",1985,19520,2,0,2,2,0.9851868388166
9331,"John","Martinez",1993,12253,2,2,0,2,0.953764941384782
9332,"John","Garcia",1980,13462,2,2,0,2,0.953764941384782
9333,"David","Williams",1999,18676,2,2,2,2,0.999606254813491
9334,"Emma","Smith",1974,10262,0,2,2,2,0.985296268614473
9335,"John","Williams",1970,16037,2,2,0,2,0.953764941384782
9336,"Olivia","Jones",1972,15318,2,0,2,2,0.9851868388166
9337,"John","Martinez",1977,14145,2,2,2,2,0.999606254813491
9338,"William","Rodriguez",1999,10579,2,2,2,2,0.999606254813491
9340,"William","Brown",1988,17312,0,2,2,2,0.985296268614473
9341,"John","Martinez",1983,17473,2,2,0,2,0.953764941384782
9342,"Olivia","Jones",1980,16930,2,2,2,2,0.999606254813491
9343,"Jane","Davis",1998,14136,0,2,2,2,0.985296268614473
9344,"Michael","Miller",1973,12126,2,2,2,2,0.999606254813491
9345,"John","Miller",1989,12683,2,2,2,2,0.999606254813491
9346,"Michael","Johnson",1997,19874,0,2,2,2,0.985296268614473
9347,"Olivia","Brown",1999,12292,2,2,2,2,0.999606254813491
9348,"Olivia","Rodriguez",2000,18662,2,0,2,2,0.9851868388166
9350,"Sarah","Williams",1984,13403,2,2,2,2,0.999606254813491
9351,"Jane","Garcia",1972,16858,2,0,2,2,0.9851868388166
9353,"James","Rodriguez",1981,13122,0,2,2,2,0.985296268614473
9354,"Jane","Williams",1979,19361,2,2,2,2,0.999606254813491
9355,"Olivia","Williams",1979,15732,2,2,2,2,0.999606254813491
9356,"Michael","Martinez",1983,11358,2,2,2,2,0.999606254813491
9357,"Emma","Johnson",1988,12683,2,2,2,2,0.999606254813491
9358,"Emma","Martinez",1973,15688,0,2,2,2,0.985296268614473
9359,"Emma","Martinez",1995,10748,2,0,2,2,0.9851868388166
9360,"Emily","Smith",1974,12204,2,2,0,2,0.953764941384782
9361,"Olivia","Johnson",1988,11322,2,0,2,2,0.9851868388166
9362,"Emily","Davis",1970,14548,2,2,2,2,0.999606254813491
9363,"Olivia","Miller",1982,11796,2,0,2,2,0.9851868388166
9364,"Olivia","Davis",1974,17204,0,2,2,2,0.985296268614473
9365,"David","Brown",1989,17902,2,2,2,2,0.999606254813491
9366,"John","Garcia",1984,17204,2,2,2,2,0.999606254813491
9367,"William","Garcia",1977,19821,2,2,0,2,0.953764941384782
9368,"John","Brown",1981,17803,2,2,0,2,0.953764941384782
9369,"James","Williams",1983,12315,2,2,2,2,0.999606254813491
9370,"Olivia","Davis",2000,18828,2,2,2,2,0.999606254813491
9371,"Emily","Davis",1985,12633,0,2,2,2,0.985296268614473
9372,"William","Martinez",1991,11737,2,2,2,2,0.999606254813491
9373,"Emily","Johnson",1990,13563,2,2,2,2,0.999606254813491
9374,"Sarah","Davis",1972,17366,2,2,2,2,0.999606254813491
9375,"Emma","Rodriguez",1995,19995,2,2,2,2,0.999606254813491
9376,"Olivia","Smith",1977,18014,2,2,2,2,0.999606254813491
9377,"John","Johnson",1997,18433,2,2,0,2,0.953764941384782
9378,"James","Brown",1973,14617,2,0,2,2,0.9851868388166
9379,"Olivia","Martinez",1987,19033,0,2,2,2,0.985296268614473
9380,"Michael","Brown",1999,13000,2,2,2,2,0.999606254813491
9381,"William","Williams",1983,10391,2,2,2,2,0.999606254813491
9382,"David","Smith",1990,13222,2,0,2,2,0.9851868388166
9384,"Michael","Miller",1989,18887,2,2,2,2,0.999606254813491
9385,"James","Smith",1970,14929,2,2,0,2,0.953764941384782
9386,"John","Miller",1971,11039,2,2,2,2,0.999606254813491
9387,"Olivia","Rodriguez",1997,15184,2,0,2,2,0.9851868388166
9388,"John","Williams",1996,10920,2,0,2,2,0.9851868388166
9389,"David","Davis",1996,18932,2,2,0,2,0.953764941384782
9390,"Michael","Jones",1991,18965,2,2,2,2,0.999606254813491
9393,"Emma","Jones",1976,13080,2,2,2,2,0.999606254813491
9394,"William","Smith",1976,18469,2,0,2,2,0.9851868388166
9395,"Emma","Brown",1993,10020,0,2,2,2,0.985296268614473
9396,"Emily","Garcia",1987,16677,2,2,2,2,0.999606254813491
9397,"Sarah","Williams",1991,12407,2,2,0,2,0.953764941384782
9398,"Michael","Miller",1998,14488,0,2,2,2,0.985296268614473
9399,"Emily","Jones",1990,15894,2,2,2,2,0.999606254813491
9400,"James","Jones",1973,19787,2,2,2,2,0.999606254813491
9402,"Emily","Williams",1984,13487,2,0,2,2,0.9851868388166
9403,"Sarah","Davis",1994,11257,0,2,2,2,0.985296268614473
9404,"Olivia","Davis",1987,19196,2,2,2,2,0.999606254813491
9405,"Jane","Brown",1995,16802,0,2,2,2,0.985296268614473
9407,"James","Jones",1982,16164,2,0,2,2,0.9851868388166
9408,"David","Jones",1978,16410,2,2,2,2,0.999606254813491
9409,"Sarah","Martinez",1971,13675,2,2,2,2,0.999606254813491
9410,"James","Davis",1980,17629,2,2,2,2,0.999606254813491
9411,"Sarah","Johnson",1970,14296,0,2,2,2,0.985296268614473
9413,"Emily","Rodriguez",1978,19055,2,2,2,2,0.999606254813491
9414,"David","Johnson",1991,12337,2,2,0,2,0.953764941384782
9415,"Emily","Williams",1983,11095,0,2,2,2,0.985296268614473
9416,"John","Rodriguez",1996,14890,2,2,2,2,0.999606254813491
9417,"Emma","Garcia",1976,13422,2,0,2,2,0.9851868388166
9418,"David","Brown",1989,12122,2,2,2,2,0.999606254813491
9419,"James","Garcia",1994,12252,2,0,2,2,0.9851868388166
9420,"Sarah","Garcia",1988,10310,2,2,2,2,0.999606254813491
9421,"James","Rodriguez",1989,14334,2,0,2,2,0.9851868388166
9422,"James","Garcia",1975,11354,2,2,0,2,0.953764941384782
9423,"Olivia","Martinez",1976,10050,2,0,2,2,0.9851868388166
9424,"Emily","Martinez",1976,12134,2,0,2,2,0.9851868388166
9425,"Sarah","Rodriguez",1999,19531,0,2,2,2,0.985296268614473
9426,"David","Williams",1990,11625,2,2,2,2,0.999606254813491
9427,"David","Williams",1974,11565,2,2,2,2,0.999606254813491
9428,"Emily","Johnson",1987,11644,2,2,0,2,0.953764941384782
9430,"Emily","Martinez",2000,18998,2,0,2,2,0.9851868388166
9431,"Olivia","Smith",1982,10709,2,2,2,2,0.999606254813491
9432,"Emily","Garcia",1980,14532,2,2,2,2,0.999606254813491
9433,"Michael","Johnson",1971,14943,2,2,2,2,0.999606254813491
9434,"John","Martinez",1990,14069,2,0,2,2,0.9851868388166
9435,"William","Davis",1990,10804,0,2,2,2,0.985296268614473
9437,"Emily","Brown",1990,11453,2,2,2,2,0.999606254813491
9438,"John","Rodriguez",1973,15739,2,2,2,2,0.999606254813491
9439,"James","Smith",1999,19852,2,0,2,2,0.9851868388166
9440,"Olivia","Garcia",1979,15516,0,2,2,2,0.985296268614473
9441,"Emma","Martinez",1996,12102,2,2,2,2,0.999606254813491
9442,"Emily","Miller",1997,13031,2,2,2,2,0.999606254813491
9444,"David","Johnson",1979,16793,2,2,2,2,0.999606254813491
9446,"Emma","Martinez",1995,18211,0,2,2,2,0.985296268614473
9448,"David","Jones",1995,16887,2,2,0,2,0.953764941384782
9449,"Jane","Brown",1986,19408,0,2,2,2,0.985296268614473
9450,"James","Miller",1981,17249,2,0,2,2,0.9851868388166
9451,"Emily","Brown",2000,10115,0,2,2,2,0.985296268614473
9452,"William","Garcia",1992,10615,2,2,0,2,0.953764941384782
9453,"David","Garcia",1983,15236,0,2,2,2,0.985296268614473
9454,"Michael","Davis",1995,19998,0,2,2,2,0.985296268614473
9456,"Jane","Jones",1987,13798,0,2,2,2,0.985296268614473
9457,"Olivia","Rodriguez",1990,13772,2,2,2,2,0.999606254813491
9459,"Emily","Davis",1981,12109,2,2,0,2,0.953764941384782
9460,"Sarah","Brown",1976,10057,2,2,2,2,0.999606254813491
9461,"Jane","Rodriguez",1973,12539,2,2,2,2,0.999606254813491
9462,"James","Johnson",1973,15676,2,2,2,2,0.999606254813491
9463,"Emma","Johnson",1991,13085,2,2,2,2,0.999606254813491
9465,"Michael","Williams",1978,12561,0,2,2,2,0.985296268614473
9466,"Emily","Miller",1981,13011,2,2,2,2,0.999606254813491
9467,"Olivia","Martinez",1986,10021,0,2,2,2,0.985296268614473
9468,"James","Johnson",1987,17117,0,2,2,2,0.985296268614473
9469,"Michael","Garcia",1996,19432,2,2,2,2,0.999606254813491
9470,"Sarah","Davis",1985,10984,2,2,2,2,0.999606254813491
9471,"Michael","Martinez",1971,14603,0,2,2,2,0.985296268614473
9472,"Jane","Smith",1996,15318,2,2,2,2,0.999606254813491
9473,"Emma","Johnson",1980,16592,2,2,2,2,0.999606254813491
9475,"John","Jones",1979,18741,2,2,0,2,0.953764941384782
9477,"Jane","Williams",1994,10826,2,2,2,2,0.999606254813491
9478,"Emily","Brown",1977,10823,2,0,2,2,0.9851868388166
9479,"Sarah","Jones",1999,19353,0,2,2,2,0.985296268614473
9480,"David","Williams",1977,15989,2,0,2,2,0.9851868388166
9481,"Emma","Williams",1977,14929,2,2,2,2,0.999606254813491
9482,"James","Johnson",1993,15311,2,2,2,2,0.999606254813491
9483,"Emily","Williams",1985,19101,2,2,2,2,0.999606254813491
9485,"Emma","Martinez",1994,14859,2,2,2,2,0.999606254813491
9486,"Sarah","Rodriguez",1974,12892,2,2,2,2,0.999606254813491
9487,"Olivia","Smith",1986,11792,2,2,2,2,0.999606254813491
9488,"Jane","Williams",1985,18913,2,0,2,2,0.9851868388166
9489,"Emma","Davis",1976,12718,2,2,2,2,0.999606254813491
9490,"David","Davis",1970,12603,2,2,0,2,0.953764941384782
9491,"Olivia","Garcia",1976,19549,0,2,2,2,0.985296268614473
9492,"Michael","Martinez",1975,10536,2,0,2,2,0.9851868388166
9493,"Jane","Davis",1982,13992,2,2,0,2,0.953764941384782
9494,"Michael","Smith",1978,15171,2,2,2,2,0.999606254813491
9495,"James","Rodriguez",1979,10524,2,2,2,2,0.999606254813491
9496,"John","Miller",1999,16934,2,0,2,2,0.9851868388166
9497,"John","Johnson",1985,13524,2,0,2,2,0.9851868388166
9498,"James","Smith",1970,13296,2,2,2,2,0.999606254813491
9499,"Olivia","Rodriguez",1973,10014,2,2,2,2,0.999606254813491
9500,"Michael","Rodriguez",1979,19382,2,2,2,2,0.999606254813491
9501,"Emily","Brown",1982,18493,2,2,2,2,0.999606254813491
9502,"James","Williams",1982,13987,2,2,0,2,0.953764941384782
9503,"Sarah","Smith",1974,10447,0,2,2,2,0.985296268614473
9504,"David","Garcia",1978,16035,2,2,0,2,0.953764941384782
9505,"William","Rodriguez",1990,12540,2,2,2,2,0.999606254813491
9506,"James","Martinez",1987,16828,2,2,2,2,0.999606254813491
9507,"Emily","Brown",1999,15890,2,2,2,2,0.999606254813491
9508,"Jane","Miller",1996,12927,0,2,2,2,0.985296268614473
9509,"Jane","Johnson",1985,19883,2,2,2,2,0.999606254813491
9511,"David","Smith",1992,19035,2,2,2,2,0.999606254813491
9512,"William","Garcia",1998,14793,2,2,0,2,0.953764941384782
9513,"David","Martinez",1977,16837,0,2,2,2,0.985296268614473
9516,"Emily","Rodriguez",1980,11440,0,2,2,2,0.985296268614473
9517,"Sarah","Miller",1995,10764,0,2,2,2,0.985296268614473
9518,"William","Brown",1973,15401,2,2,2,2,0.999606254813491
9519,"John","Williams",1971,18467,0,2,2,2,0.985296268614473
9520,"Emma","Jones",1996,18073,2,2,0,2,0.953764941384782
9521,"Emily","Garcia",1992,12613,2,0,2,2,0.9851868388166
9522,"Emma","Smith",1979,19183,2,2,2,2,0.999606254813491
9523,"David","Miller",1988,17564,2,2,2,2,0.999606254813491
9525,"Jane","Johnson",1982,12132,2,2,2,2,0.999606254813491
9526,"James","Johnson",1993,14683,2,2,2,2,0.999606254813491
9527,"David","Martinez",1982,19045,2,2,2,2,0.999606254813491
9528,"Sarah","Martinez",1997,15302,0,2,2,2,0.985296268614473
9529,"Michael","Smith",1981,12982,2,2,0,2,0.953764941384782
9530,"Emma","Smith",1978,10364,0,2,2,2,0.985296268614473
9531,"Jane","Miller",1993,18361,2,0,2,2,0.9851868388166
9532,"David","Brown",1990,10422,2,2,2,2,0.999606254813491
9533,"Emily","Brown",1991,18404,2,2,2,2,0.999606254813491
9534,"James","Davis",1972,19310,2,2,0,2,0.953764941384782
9536,"Jane","Smith",1977,11345,2,2,2,2,0.999606254813491
9537,"Jane","Davis",1975,13317,2,2,2,2,0.999606254813491
9538,"Jane","Davis",1996,18149,2,2,2,2,0.999606254813491
9539,"Michael","Miller",1983,14555,0,2,2,2,0.985296268614473
9540,"Sarah","Martinez",1973,16477,2,2,2,2,0.999606254813491
9541,"Sarah","Martinez",1982,13735,2,0,2,2,0.9851868388166
9542,"Michael","Johnson",1990,10601,2,2,2,2,0.999606254813491
9543,"David","Williams",1983,17580,2,2,2,2,0.999606254813491
9544,"David","Martinez",1979,19793,2,0,2,2,0.9851868388166
9545,"Emma","Johnson",1979,16817,0,2,2,2,0.985296268614473
9546,"John","Williams",2000,19829,2,2,0,2,0.953764941384782
9548,"Michael","Garcia",1971,15815,2,2,2,2,0.999606254813491
9549,"James","Garcia",1978,11504,2,2,2,2,0.999606254813491
9550,"James","Martinez",1998,12743,2,2,2,2,0.999606254813491
9551,"William","Smith",1994,14128,2,2,2,2,0.999606254813491
9552,"Sarah","Martinez",1993,18432,2,2,2,2,0.999606254813491
9553,"Sarah","Johnson",1978,10843,2,2,0,2,0.953764941384782
9554,"John","Smith",1986,10695,2,2,2,2,0.999606254813491
9555,"Olivia","Miller",1996,16955,2,2,2,2,0.999606254813491
9556,"Michael","Rodriguez",1997,18507,2,2,0,2,0.953764941384782
9557,"John","Miller",1999,19465,2,2,0,2,0.953764941384782
9558,"David","Martinez",1992,11690,2,2,2,2,0.999606254813491
9559,"David","Davis",1981,17795,2,0,2,2,0.9851868388166
9560,"Sarah","Garcia",1999,14220,2,2,0,2,0.953764941384782
9561,"William","Smith",1990,15220,2,2,2,2,0.999606254813491
9562,"William","Davis",1972,13648,2,2,2,2,0.999606254813491
9563,"David","Garcia",1987,17344,2,2,0,2,0.953764941384782
9564,"James","Rodriguez",1995,17345,2,2,2,2,0.999606254813491
9565,"Olivia","Davis",1970,19351,2,2,0,2,0.953764941384782
9566,"Jane","Williams",1973,17922,2,2,2,2,0.999606254813491
9567,"David","Johnson",1978,11918,2,0,2,2,0.9851868388166
9568,"Emma","Williams",1983,14024,2,2,0,2,0.953764941384782
9569,"Michael","Williams",1998,18408,2,0,2,2,0.9851868388166
9570,"Olivia","Martinez",1998,19236,2,2,2,2,0.999606254813491
9572,"Sarah","Jones",1988,17837,0,2,2,2,0.985296268614473
9573,"Emma","Miller",1992,16106,0,2,2,2,0.985296268614473
9575,"Jane","Martinez",1971,11273,2,0,2,2,0.9851868388166
9576,"Emily","Johnson",1979,15708,2,2,2,2,0.999606254813491
9577,"Sarah","Miller",1984,16246,2,2,2,2,0.999606254813491
9578,"Jane","Rodriguez",1996,15379,0,2,2,2,0.985296268614473
9579,"Emily","Brown",1994,15238,2,0,2,2,0.9851868388166
9580,"Sarah","Davis",1991,19354,2,2,2,2,0.999606254813491
9581,"Michael","Rodriguez",1998,14999,2,2,2,2,0.999606254813491
9582,"William","Johnson",1971,10778,2,2,2,2,0.999606254813491
9583,"Sarah","Smith",1999,19443,2,2,2,2,0.999606254813491
9585,"John","Rodriguez",1977,15129,2,2,0,2,0.953764941384782
9586,"Emily","Brown",1993,14702,2,0,2,2,0.9851868388166
9587,"Emily","Johnson",1996,16887,2,2,2,2,0.999606254813491
9588,"Emily","Rodriguez",1982,13013,0,2,2,2,0.985296268614473
9589,"Jane","Brown",1971,13342,2,2,2,2,0.999606254813491
9590,"Michael","Martinez",1975,10076,2,0,2,2,0.9851868388166
9591,"Michael","Garcia",1973,10150,0,2,2,2,0.985296268614473
9592,"John","Williams",2000,13780,2,2,2,2,0.999606254813491
9593,"James","Smith",1997,12836,2,2,0,2,0.953764941384782
9594,"Olivia","Martinez",1991,12531,2,2,0,2,0.953764941384782
9595,"David","Brown",1990,17625,2,2,0,2,0.953764941384782
9596,"John","Johnson",1982,18493,2,2,2,2,0.999606254813491
9597,"James","Miller",1996,16485,2,2,2,2,0.999606254813491
9598,"Emma","Smith",1979,12140,0,2,2,2,0.985296268614473
9599,"James","Miller",1996,14982,0,2,2,2,0.985296268614473
9600,"David","Martinez",1999,12253,2,0,2,2,0.9851868388166
9601,"Olivia","Martinez",1971,12659,2,2,2,2,0.999606254813491
9602,"Emily","Smith",1980,11583,2,2,2,2,0.999606254813491
9604,"William","Smith",1976,16460,0,2,2,2,0.985296268614473
9605,"James","Johnson",1995,18767,0,2,2,2,0.985296268614473
9606,"Jane","Williams",1998,11124,2,2,2,2,0.999606254813491
9607,"Michael","Williams",1971,14875,2,2,2,2,0.999606254813491
9608,"Jane","Miller",1998,17638,0,2,2,2,0.985296268614473
9609,"Sarah","Brown",1971,11724,2,2,2,2,0.999606254813491
9610,"David","Davis",1992,19556,2,2,2,2,0.999606254813491
9611,"Michael","Davis",1988,13425,2,2,0,2,0.953764941384782
9612,"Jane","Martinez",1978,12309,0,2,2,2,0.985296268614473
9613,"James","Rodriguez",1997,18979,2,2,2,2,0.999606254813491
9614,"John","Martinez",1993,18621,2,2,0,2,0.953764941384782
9615,"John","Johnson",1976,13073,2,0,2,2,0.9851868388166
9616,"William","Smith",1995,14196,2,2,2,2,0.999606254813491
9617,"James","Smith",1993,14265,2,2,2,2,0.999606254813491
9618,"John","Rodriguez",1999,13685,2,2,2,2,0.999606254813491
9619,"James","Rodriguez",1989,19281,0,2,2,2,0.985296268614473
9620,"Jane","Martinez",1987,16634,2,2,2,2,0.999606254813491
9621,"Emma","Smith",1978,11702,2,2,2,2,0.999606254813491
9623,"Michael","Martinez",1979,12341,2,2,0,2,0.953764941384782
9625,"Olivia","Jones",1998,10287,2,0,2,2,0.9851868388166
9626,"Jane","Rodriguez",1972,14502,2,2,2,2,0.999606254813491
9627,"James","Johnson",1979,15220,2,2,2,2,0.999606254813491
9628,"James","Jones",1995,15435,2,0,2,2,0.9851868388166
9629,"James","Brown",1990,18787,2,0,2,2,0.9851868388166
9630,"Olivia","Smith",1972,12940,2,2,2,2,0.999606254813491
9631,"Olivia","Johnson",2000,12656,2,0,2,2,0.9851868388166
9633,"Michael","Brown",1981,18284,2,2,2,2,0.999606254813491
9634,"Emma","Miller",1974,17944,2,0,2,2,0.9851868388166
9635,"William","Garcia",1989,19050,2,2,2,2,0.999606254813491
9636,"Olivia","Smith",1993,16800,2,2,0,2,0.953764941384782
9639,"David","Miller",1991,16503,2,2,2,2,0.999606254813491
9641,"David","Smith",1995,11624,2,2,2,2,0.999606254813491
9642,"James","Jones",1981,11557,2,2,2,2,0.999606254813491
9643,"Michael","Martinez",1985,19625,2,0,2,2,0.9851868388166
9645,"Olivia","Rodriguez",1984,19168,2,2,2,2,0.999606254813491
7382,"David","Johnson",1997,11189,2,2,0,2,0.953764941384782
9646,"David","Johnson",2000,11189,2,2,0,2,0.953764941384782
9647,"Sarah","Johnson",1991,18739,0,2,2,2,0.985296268614473
9648,"Michael","Johnson",1984,10743,2,2,2,2,0.999606254813491
9649,"William","Smith",1983,10476,0,2,2,2,0.985296268614473
9650,"Michael","Garcia",1972,15166,0,2,2,2,0.985296268614473
9651,"Emily","Rodriguez",1996,12873,2,2,2,2,0.999606254813491
9652,"James","Davis",1985,19564,2,2,0,2,0.953764941384782
9653,"Sarah","Williams",1988,14334,2,2,2,2,0.999606254813491
9654,"Olivia","Jones",1978,19782,2,0,2,2,0.9851868388166
9655,"Sarah","Garcia",1975,12622,0,2,2,2,0.985296268614473
9657,"John","Jones",1989,13399,2,0,2,2,0.9851868388166
9658,"William","Davis",1985,17923,2,2,2,2,0.999606254813491
9659,"James","Martinez",1971,19861,2,0,2,2,0.9851868388166
9660,"William","Miller",1981,18494,2,2,2,2,0.999606254813491
9661,"Olivia","Williams",1973,11145,2,2,2,2,0.999606254813491
9662,"Emma","Smith",1995,10208,2,2,0,2,0.953764941384782
9663,"Michael","Brown",1997,16124,0,2,2,2,0.985296268614473
9664,"William","Williams",1976,12528,2,2,2,2,0.999606254813491
9665,"Emma","Miller",1996,17902,2,2,2,2,0.999606254813491
9666,"William","Johnson",1982,15573,2,2,2,2,0.999606254813491
9669,"John","Jones",1979,19862,0,2,2,2,0.985296268614473
9670,"James","Jones",1986,12946,0,2,2,2,0.985296268614473
9671,"Jane","Martinez",1974,17422,2,2,2,2,0.999606254813491
9672,"Emily","Jones",1982,16205,2,2,0,2,0.953764941384782
9673,"Emily","Williams",1974,19555,2,2,2,2,0.999606254813491
9674,"Michael","Jones",1999,15003,0,2,2,2,0.985296268614473
9675,"James","Johnson",1993,17849,2,2,2,2,0.999606254813491
9676,"Jane","Brown",1986,16978,2,0,2,2,0.9851868388166
9677,"Michael","Jones",1975,17102,0,2,2,2,0.985296268614473
9678,"Emily","Martinez",1978,18561,0,2,2,2,0.985296268614473
9679,"Jane","Miller",1992,17107,2,0,2,2,0.9851868388166
9681,"Michael","Garcia",1988,14600,0,2,2,2,0.985296268614473
9683,"James","Brown",1991,15619,2,2,2,2,0.999606254813491
9684,"David","Davis",1976,19899,0,2,2,2,0.985296268614473
9685,"James","Smith",2000,17953,2,2,2,2,0.999606254813491
9686,"Emma","Martinez",1986,10940,2,2,2,2,0.999606254813491
9687,"Emily","Miller",1998,18481,0,2,2,2,0.985296268614473
9689,"Emma","Johnson",1982,15631,2,0,2,2,0.9851868388166
9690,"David","Davis",1990,10671,0,2,2,2,0.985296268614473
9691,"Jane","Jones",1984,16237,2,2,2,2,0.999606254813491
9692,"Emily","Brown",1988,12670,2,2,0,2,0.953764941384782
9693,"John","Rodriguez",1999,10367,2,2,2,2,0.999606254813491
9694,"Jane","Martinez",1984,11570,2,2,2,2,0.999606254813491
9695,"Emily","Garcia",1995,16178,0,2,2,2,0.985296268614473
9696,"Emily","Jones",1974,12087,2,2,2,2,0.999606254813491
9697,"Michael","Williams",1973,16335,0,2,2,2,0.985296268614473
9699,"William","Williams",1979,10024,2,2,2,2,0.999606254813491
9700,"Olivia","Jones",1988,15628,2,2,0,2,0.953764941384782
9701,"John","Williams",1990,14299,0,2,2,2,0.985296268614473
9702,"John","Johnson",1974,14545,0,2,2,2,0.985296268614473
9705,"Emma","Garcia",1981,15769,2,2,2,2,0.999606254813491
9706,"Emma","Johnson",1971,17946,0,2,2,2,0.985296268614473
9707,"Michael","Davis",1981,17195,2,2,2,2,0.999606254813491
9708,"John","Williams",1977,19025,2,2,2,2,0.999606254813491
9710,"Sarah","Johnson",1978,19230,0,2,2,2,0.985296268614473
9711,"Jane","Miller",1973,15233,2,2,0,2,0.953764941384782
9712,"William","Jones",1996,10178,2,2,2,2,0.999606254813491
9713,"David","Williams",1992,13080,0,2,2,2,0.985296268614473
9714,"James","Martinez",1977,12182,2,0,2,2,0.9851868388166
9716,"James","Williams",1984,17148,0,2,2,2,0.985296268614473
9718,"Emma","Williams",1982,13718,2,2,2,2,0.999606254813491
9719,"Jane","Smith",1972,17664,2,0,2,2,0.9851868388166
9720,"David","Rodriguez",1982,18722,2,2,2,2,0.999606254813491
9721,"William","Brown",2000,17116,0,2,2,2,0.985296268614473
9722,"Jane","Smith",1972,10443,2,0,2,2,0.9851868388166
9723,"Jane","Johnson",1988,16979,2,2,0,2,0.953764941384782
9724,"Michael","Garcia",1992,17686,2,2,0,2,0.953764941384782
9725,"Emma","Martinez",1982,12986,2,2,0,2,0.953764941384782
9726,"Emma","Martinez",1989,19299,2,2,2,2,0.999606254813491
9727,"David","Smith",1971,18769,2,2,2,2,0.999606254813491
9728,"Emily","Smith",2000,16389,2,2,2,2,0.999606254813491
9729,"David","Brown",1996,10467,2,0,2,2,0.9851868388166
9730,"James","Williams",1982,11052,2,2,2,2,0.999606254813491
9731,"Sarah","Davis",1971,19365,2,2,2,2,0.999606254813491
9732,"William","Davis",1984,17003,2,2,0,2,0.953764941384782
9733,"James","Jones",1984,15831,2,2,2,2,0.999606254813491
9735,"Sarah","Miller",1984,11670,2,2,2,2,0.999606254813491
9736,"Sarah","Brown",1994,13056,2,2,2,2,0.999606254813491
9737,"William","Brown",2000,15463,2,2,2,2,0.999606254813491
9738,"Olivia","Johnson",1993,18468,0,2,2,2,0.985296268614473
9740,"Michael","Johnson",1996,19830,2,2,2,2,0.999606254813491
9741,"Olivia","Rodriguez",1972,12022,2,2,2,2,0.999606254813491
9742,"David","Miller",1989,18526,0,2,2,2,0.985296268614473
9743,"James","Smith",1996,14869,2,0,2,2,0.9851868388166
9744,"James","Martinez",1998,12485,2,2,2,2,0.999606254813491
9745,"James","Jones",1988,16289,2,2,2,2,0.999606254813491
9746,"Michael","Miller",1977,16430,2,2,2,2,0.999606254813491
9747,"Sarah","Miller",1991,11195,2,0,2,2,0.9851868388166
9748,"Sarah","Williams",1975,17640,2,2,2,2,0.999606254813491
9749,"James","Jones",1994,13141,2,2,2,2,0.999606254813491
9750,"James","Davis",1991,17161,2,2,2,2,0.999606254813491
9751,"John","Rodriguez",1971,11782,2,0,2,2,0.9851868388166
9753,"Michael","Garcia",1983,12127,2,2,2,2,0.999606254813491
9754,"Michael","Smith",1973,15794,0,2,2,2,0.985296268614473
9756,"Sarah","Miller",1979,19190,2,2,2,2,0.999606254813491
9757,"Emma","Jones",1976,11440,2,2,2,2,0.999606254813491
9759,"Emily","Garcia",1996,13304,0,2,2,2,0.985296268614473
9762,"James","Jones",1970,10774,2,2,2,2,0.999606254813491
9763,"Olivia","Martinez",1987,14649,0,2,2,2,0.985296268614473
9764,"Emily","Johnson",1972,14272,0,2,2,2,0.985296268614473
9765,"John","Johnson",1986,17714,0,2,2,2,0.985296268614473
9766,"Michael","Martinez",1984,17041,2,2,2,2,0.999606254813491
9767,"Jane","Rodriguez",1993,19374,2,2,2,2,0.999606254813491
9768,"James","Rodriguez",1977,13810,2,2,2,2,0.999606254813491
9769,"David","Williams",1974,17546,2,2,2,2,0.999606254813491
9770,"John","Davis",1982,11837,2,2,2,2,0.999606254813491
9771,"Emma","Davis",1991,11070,2,2,2,2,0.999606254813491
2113,"Olivia","Brown",1989,12746,2,2,2,2,0.999606254813491
9773,"Olivia","Brown",1989,12746,2,2,2,2,0.999606254813491
9774,"Jane","Garcia",1980,10116,0,2,2,2,0.985296268614473
9776,"William","Brown",1977,16105,2,2,0,2,0.953764941384782
9778,"William","Rodriguez",1996,10709,2,2,2,2,0.999606254813491
9779,"Michael","Smith",1990,10959,2,2,2,2,0.999606254813491
9780,"Emily","Rodriguez",1990,13659,2,2,2,2,0.999606254813491
9781,"Emma","Jones",1973,19713,2,2,0,2,0.953764941384782
9782,"Emma","Martinez",1981,18790,2,2,2,2,0.999606254813491
9784,"John","Smith",1998,16345,2,2,2,2,0.999606254813491
9785,"John","Brown",1979,19016,2,2,2,2,0.999606254813491
9786,"Michael","Miller",1981,18643,2,2,2,2,0.999606254813491
9788,"David","Martinez",1978,16697,2,0,2,2,0.9851868388166
9789,"Michael","Miller",1972,11179,2,2,2,2,0.999606254813491
9790,"Sarah","Williams",1995,17431,2,2,2,2,0.999606254813491
9791,"James","Brown",1995,13583,2,2,2,2,0.999606254813491
9792,"James","Jones",1981,18622,2,2,2,2,0.999606254813491
9793,"Michael","Garcia",1970,11597,0,2,2,2,0.985296268614473
9794,"Sarah","Johnson",1984,15880,2,0,2,2,0.9851868388166
9795,"Jane","Smith",1975,11564,0,2,2,2,0.985296268614473
9796,"Emma","Smith",1984,12572,2,2,2,2,0.999606254813491
5517,"Olivia","Davis",2000,10501,2,0,2,2,0.9851868388166
9797,"Olivia","Brown",2000,10501,2,0,2,2,0.9851868388166
9799,"Emma","Rodriguez",1988,10951,2,2,0,2,0.953764941384782
9801,"Emma","Miller",1994,15702,2,2,2,2,0.999606254813491
9802,"David","Garcia",1970,13147,0,2,2,2,0.985296268614473
9803,"John","Davis",1977,13748,2,0,2,2,0.9851868388166
9805,"David","Smith",1980,12982,2,2,2,2,0.999606254813491
9807,"Sarah","Rodriguez",1974,13136,2,2,2,2,0.999606254813491
9808,"Olivia","Williams",1980,14077,2,2,2,2,0.999606254813491
9809,"Jane","Brown",1979,11147,2,2,0,2,0.953764941384782
9810,"Emily","Miller",1995,11837,2,2,2,2,0.999606254813491
9811,"Olivia","Davis",1992,14996,2,2,2,2,0.999606254813491
9812,"James","Miller",1990,11469,2,2,2,2,0.999606254813491
9814,"Emily","Smith",1987,12237,2,2,2,2,0.999606254813491
9815,"William","Williams",1995,15887,2,2,0,2,0.953764941384782
9816,"John","Davis",1990,12229,2,2,2,2,0.999606254813491
9817,"David","Jones",1971,17495,2,2,2,2,0.999606254813491
9818,"Michael","Rodriguez",1987,17810,2,2,0,2,0.953764941384782
9819,"John","Rodriguez",1989,10638,2,2,2,2,0.999606254813491
9820,"Jane","Williams",1997,17232,0,2,2,2,0.985296268614473
9821,"David","Rodriguez",1970,12845,2,0,2,2,0.9851868388166
9822,"William","Martinez",1992,10302,0,2,2,2,0.985296268614473
9823,"David","Williams",1987,14063,2,2,0,2,0.953764941384782
9824,"Olivia","Johnson",1971,11347,0,2,2,2,0.985296268614473
9826,"Sarah","Davis",1996,11729,2,0,2,2,0.9851868388166
9827,"Emma","Brown",1982,15480,0,2,2,2,0.985296268614473
9828,"Emma","Johnson",1980,13550,2,2,2,2,0.999606254813491
9829,"David","Garcia",1978,12430,2,0,2,2,0.9851868388166
9830,"Emma","Smith",1977,18739,0,2,2,2,0.985296268614473
9831,"Sarah","Brown",1990,18566,2,2,0,2,0.953764941384782
9832,"Emma","Jones",1995,18532,0,2,2,2,0.985296268614473
9833,"William","Smith",1971,17890,2,0,2,2,0.9851868388166
9834,"Sarah","Jones",1980,16660,2,2,2,2,0.999606254813491
9835,"Olivia","Garcia",1994,17461,2,2,2,2,0.999606254813491
9836,"Michael","Williams",1986,14475,2,0,2,2,0.9851868388166
9838,"Sarah","Garcia",1996,11626,2,2,2,2,0.999606254813491
9839,"John","Jones",2000,15142,0,2,2,2,0.985296268614473
9840,"John","Miller",1970,19559,0,2,2,2,0.985296268614473
9841,"James","Jones",1979,18699,2,2,2,2,0.999606254813491
9842,"Emily","Miller",1981,18790,2,2,2,2,0.999606254813491
9843,"David","Smith",2000,17666,2,2,2,2,0.999606254813491
9844,"Emma","Johnson",1996,14336,2,0,2,2,0.9851868388166
9845,"Sarah","Davis",1984,11170,0,2,2,2,0.985296268614473
9846,"William","Johnson",1996,10048,2,2,2,2,0.999606254813491
9848,"David","Rodriguez",1973,17282,2,2,0,2,0.953764941384782
9849,"Michael","Brown",1971,13870,2,2,2,2,0.999606254813491
9850,"John","Smith",1990,16724,2,0,2,2,0.9851868388166
9851,"Emily","Smith",1984,14920,2,0,2,2,0.9851868388166
9852,"Sarah","Williams",1993,10907,2,0,2,2,0.9851868388166
9853,"James","Miller",1980,12756,2,0,2,2,0.9851868388166
9854,"Olivia","Garcia",1987,12684,2,2,0,2,0.953764941384782
9856,"John","Jones",1985,19121,2,2,2,2,0.999606254813491
9857,"Sarah","Rodriguez",1992,11791,2,2,2,2,0.999606254813491
9858,"Jane","Martinez",1996,14644,2,2,0,2,0.953764941384782
9859,"William","Rodriguez",1999,12116,2,2,0,2,0.953764941384782
9860,"Jane","Johnson",1972,11837,2,2,2,2,0.999606254813491
9861,"James","Smith",1994,16060,2,2,2,2,0.999606254813491
9863,"David","Rodriguez",1997,14206,2,2,0,2,0.953764941384782
9864,"David","Martinez",1990,13967,0,2,2,2,0.985296268614473
9865,"Michael","Smith",1982,13833,2,2,2,2,0.999606254813491
9866,"Jane","Martinez",1970,19557,2,2,0,2,0.953764941384782
9867,"John","Brown",1983,11390,2,0,2,2,0.9851868388166
9868,"John","Williams",1974,13726,0,2,2,2,0.985296268614473
9869,"John","Brown",1993,19164,2,2,2,2,0.999606254813491
9870,"James","Brown",1999,18155,2,0,2,2,0.9851868388166
9871,"John","Martinez",1996,19750,0,2,2,2,0.985296268614473
9872,"Olivia","Brown",1981,16520,0,2,2,2,0.985296268614473
9873,"Jane","Rodriguez",1970,17483,2,2,2,2,0.999606254813491
9874,"Jane","Davis",1971,11866,2,2,2,2,0.999606254813491
9875,"Emily","Johnson",2000,14335,2,2,2,2,0.999606254813491
9876,"John","Jones",1999,14741,2,2,2,2,0.999606254813491
9877,"Sarah","Williams",1975,15051,2,2,0,2,0.953764941384782
9878,"James","Brown",1996,16388,2,0,2,2,0.9851868388166
9879,"William","Brown",1993,19093,2,2,0,2,0.953764941384782
9880,"Olivia","Davis",1997,19555,2,2,2,2,0.999606254813491
9881,"Emily","Miller",1972,16894,2,2,2,2,0.999606254813491
9882,"William","Davis",1987,12814,2,2,2,2,0.999606254813491
9883,"Emily","Johnson",1993,17636,2,2,2,2,0.999606254813491
9884,"Jane","Garcia",1971,15515,2,2,2,2,0.999606254813491
9885,"David","Davis",1972,15727,2,2,2,2,0.999606254813491
9886,"Sarah","Jones",1997,13193,2,0,2,2,0.9851868388166
9887,"William","Miller",1979,15482,2,0,2,2,0.9851868388166
9888,"Olivia","Miller",1975,13829,0,2,2,2,0.985296268614473
9889,"James","Davis",1974,11470,0,2,2,2,0.985296268614473
9890,"Sarah","Davis",1992,13687,2,2,2,2,0.999606254813491
9891,"James","Davis",1981,13811,0,2,2,2,0.985296268614473
9892,"John","Miller",1982,14185,2,2,0,2,0.953764941384782
9893,"Emma","Garcia",1978,18763,2,2,2,2,0.999606254813491
9894,"James","Williams",1991,10529,2,2,2,2,0.999606254813491
9895,"Emily","Garcia",1983,15727,2,2,2,2,0.999606254813491
9896,"David","Davis",1979,16713,0,2,2,2,0.985296268614473
9897,"James","Davis",1971,12716,2,2,2,2,0.999606254813491
9898,"James","Jones",1972,17496,2,2,0,2,0.953764941384782
9899,"David","Jones",1978,10399,2,2,2,2,0.999606254813491
9900,"Emma","Davis",1989,11118,2,2,2,2,0.999606254813491
9901,"Emma","Miller",1979,18427,2,0,2,2,0.9851868388166
9902,"Emma","Miller",1990,15276,2,2,2,2,0.999606254813491
9903,"Emma","Davis",1978,10694,2,2,0,2,0.953764941384782
9904,"John","Martinez",1997,11460,2,2,2,2,0.999606254813491
9905,"Emily","Miller",1997,13632,2,2,2,2,0.999606254813491
9906,"Sarah","Jones",1982,17801,2,2,2,2,0.999606254813491
9907,"Olivia","Davis",1989,11433,2,2,0,2,0.953764941384782
9908,"Sarah","Davis",1985,16526,2,2,2,2,0.999606254813491
9909,"Emma","Williams",1991,17456,2,2,0,2,0.953764941384782
9911,"David","Johnson",1983,10632,2,2,2,2,0.999606254813491
9912,"Jane","Miller",1988,15542,2,2,2,2,0.999606254813491
9913,"John","Miller",1987,18519,2,2,2,2,0.999606254813491
9917,"James","Smith",1993,17699,2,2,2,2,0.999606254813491
9918,"Olivia","Smith",1997,13183,2,2,0,2,0.953764941384782
9920,"Sarah","Brown",1973,13035,2,2,2,2,0.999606254813491
9921,"Sarah","Smith",1977,13053,2,0,2,2,0.9851868388166
9922,"John","Rodriguez",1975,10609,2,2,0,2,0.953764941384782
9924,"Sarah","Martinez",1997,12077,2,2,2,2,0.999606254813491
9925,"William","Miller",1976,19576,2,0,2,2,0.9851868388166
9926,"Emily","Martinez",1999,13858,2,2,2,2,0.999606254813491
9927,"Olivia","Davis",1976,18098,2,2,0,2,0.953764941384782
9928,"James","Jones",1986,15005,0,2,2,2,0.985296268614473
9929,"Jane","Johnson",1984,17878,2,2,2,2,0.999606254813491
9930,"Sarah","Johnson",1975,18344,0,2,2,2,0.985296268614473
9932,"Michael","Jones",1985,19629,2,2,2,2,0.999606254813491
9933,"Emma","Rodriguez",1979,19326,2,0,2,2,0.9851868388166
9934,"Olivia","Davis",1977,18213,2,2,2,2,0.999606254813491
9935,"David","Johnson",1992,13846,2,2,0,2,0.953764941384782
9936,"John","Davis",1992,13843,2,2,2,2,0.999606254813491
9937,"Emily","Garcia",1993,17953,2,2,2,2,0.999606254813491
9938,"Michael","Johnson",1987,19655,2,2,2,2,0.999606254813491
9939,"Sarah","Johnson",1993,15454,2,2,2,2,0.999606254813491
9941,"Olivia","Johnson",1998,12310,2,2,0,2,0.953764941384782
9942,"Jane","Rodriguez",1993,17295,2,2,2,2,0.999606254813491
9943,"Emily","Miller",1993,17137,2,0,2,2,0.9851868388166
9944,"Sarah","Rodriguez",1996,13781,2,0,2,2,0.9851868388166
9945,"John","Miller",1997,12974,2,2,2,2,0.999606254813491
9946,"Sarah","Rodriguez",1994,14244,2,2,0,2,0.953764941384782
9947,"Jane","Martinez",1998,10238,2,0,2,2,0.9851868388166
9949,"Emma","Miller",1989,17830,0,2,2,2,0.985296268614473
9950,"William","Rodriguez",1987,17282,2,2,0,2,0.953764941384782
9952,"Sarah","Miller",1998,15919,2,2,2,2,0.999606254813491
9953,"Jane","Smith",1974,17679,2,2,2,2,0.999606254813491
9954,"William","Jones",1977,17314,2,0,2,2,0.9851868388166
9955,"David","Johnson",1993,11477,2,2,0,2,0.953764941384782
9958,"James","Davis",1982,14885,2,2,2,2,0.999606254813491
9959,"Jane","Jones",1998,12968,2,2,2,2,0.999606254813491
9960,"John","Garcia",1984,14006,2,2,2,2,0.999606254813491
9961,"Emma","Brown",1981,10790,2,2,2,2,0.999606254813491
9962,"John","Brown",1982,19967,2,2,0,2,0.953764941384782
9963,"Sarah","Smith",1991,15309,2,0,2,2,0.9851868388166
9964,"Olivia","Brown",1988,19840,0,2,2,2,0.985296268614473
9965,"Michael","Brown",1990,16153,2,2,2,2,0.999606254813491
9966,"Michael","Miller",1973,10384,2,2,0,2,0.953764941384782
9968,"John","Miller",1975,17625,2,2,2,2,0.999606254813491
9969,"John","Williams",1995,10548,0,2,2,2,0.985296268614473
9970,"William","Rodriguez",1981,11674,2,2,2,2,0.999606254813491
9971,"Olivia","Martinez",1970,17404,2,2,2,2,0.999606254813491
9972,"Michael","Brown",1982,18933,2,0,2,2,0.9851868388166
9973,"Michael","Rodriguez",1987,11142,2,2,2,2,0.999606254813491
9974,"Emma","Brown",1987,17325,2,2,0,2,0.953764941384782
9975,"John","Smith",1990,18905,0,2,2,2,0.985296268614473
9976,"James","Williams",1995,14413,2,2,0,2,0.953764941384782
9977,"David","Brown",1992,15822,0,2,2,2,0.985296268614473
9979,"John","Jones",1981,14861,2,2,2,2,0.999606254813491
9980,"William","Johnson",1971,16582,2,0,2,2,0.9851868388166
9981,"Emma","Garcia",1989,15363,0,2,2,2,0.985296268614473
9982,"Jane","Davis",1995,14212,2,2,0,2,0.953764941384782
9983,"John","Rodriguez",1993,10165,2,2,0,2,0.953764941384782
9984,"Emma","Johnson",1989,12440,0,2,2,2,0.985296268614473
9985,"Jane","Martinez",1984,17538,2,0,2,2,0.9851868388166
9986,"Michael","Rodriguez",1998,18809,0,2,2,2,0.985296268614473
9987,"Jane","Rodriguez",1985,19117,2,2,2,2,0.999606254813491
9988,"John","Rodriguez",1981,12100,2,2,2,2,0.999606254813491
9989,"James","Miller",1994,17159,2,2,2,2,0.999606254813491
9990,"Emma","Smith",1979,13908,2,2,2,2,0.999606254813491
9991,"James","Smith",1971,17686,2,2,2,2,0.999606254813491
9992,"Sarah","Brown",1997,13845,0,2,2,2,0.985296268614473
9994,"John","Martinez",1976,16153,2,2,2,2,0.999606254813491
9995,"Emily","Williams",1993,12915,0,2,2,2,0.985296268614473
9996,"Olivia","Smith",1997,14999,2,2,2,2,0.999606254813491
9997,"Emily","Miller",1987,13533,0,2,2,2,0.985296268614473
9998,"Emma","Brown",1995,19156,2,2,2,2,0.999606254813491
9999,"Olivia","Davis",1978,11261,2,0,2,2,0.9851868388166
10000,"John","Jones",1987,13468,0,2,2,2,0.985296268614473
